model,fpr,tpr
RandomForest,0.0,0.0
RandomForest,0.0,0.01
RandomForest,0.0,0.51
RandomForest,0.01,0.51
RandomForest,0.01,0.57
RandomForest,0.02,0.57
RandomForest,0.02,0.6
RandomForest,0.03,0.6
RandomForest,0.03,0.61
RandomForest,0.04,0.61
RandomForest,0.04,0.67
RandomForest,0.06,0.67
RandomForest,0.06,0.68
RandomForest,0.07,0.68
RandomForest,0.07,0.69
RandomForest,0.08,0.69
RandomForest,0.08,0.7
RandomForest,0.09,0.7
RandomForest,0.09,0.75
RandomForest,0.1,0.75
RandomForest,0.1,0.76
RandomForest,0.13,0.76
RandomForest,0.13,0.78
RandomForest,0.14,0.78
RandomForest,0.14,0.79
RandomForest,0.17,0.79
RandomForest,0.17,0.83
RandomForest,0.18,0.83
RandomForest,0.18,0.85
RandomForest,0.19,0.85
RandomForest,0.19,0.88
RandomForest,0.3,0.88
RandomForest,0.3,0.89
RandomForest,0.31,0.89
RandomForest,0.31,0.9
RandomForest,0.35,0.9
RandomForest,0.35,0.92
RandomForest,0.43,0.92
RandomForest,0.43,0.93
RandomForest,0.51,0.93
RandomForest,0.51,0.94
RandomForest,0.64,0.94
RandomForest,0.64,0.95
RandomForest,0.67,0.95
RandomForest,0.67,0.96
RandomForest,0.73,0.96
RandomForest,0.73,0.98
RandomForest,0.8,0.98
RandomForest,0.8,0.99
RandomForest,0.82,0.99
RandomForest,0.89,0.99
RandomForest,0.89,1.0
RandomForest,1.0,1.0
LSTM,0.0,0.0
LSTM,0.0,0.01
LSTM,0.01,0.01
LSTM,0.01,0.02
LSTM,0.03,0.02
LSTM,0.03,0.04
LSTM,0.06,0.04
LSTM,0.06,0.05
LSTM,0.07,0.05
LSTM,0.07,0.06
LSTM,0.08,0.06
LSTM,0.08,0.07
LSTM,0.12,0.07
LSTM,0.12,0.09
LSTM,0.13,0.09
LSTM,0.13,0.11
LSTM,0.15,0.11
LSTM,0.15,0.13
LSTM,0.16,0.13
LSTM,0.16,0.14
LSTM,0.17,0.14
LSTM,0.17,0.15
LSTM,0.18,0.15
LSTM,0.18,0.17
LSTM,0.19,0.17
LSTM,0.19,0.18
LSTM,0.21,0.18
LSTM,0.21,0.19
LSTM,0.22,0.19
LSTM,0.22,0.2
LSTM,0.24,0.2
LSTM,0.24,0.21
LSTM,0.25,0.21
LSTM,0.25,0.24
LSTM,0.27,0.24
LSTM,0.27,0.27
LSTM,0.28,0.27
LSTM,0.28,0.29
LSTM,0.29,0.29
LSTM,0.29,0.31
LSTM,0.3,0.31
LSTM,0.3,0.33
LSTM,0.31,0.33
LSTM,0.31,0.34
LSTM,0.36,0.34
LSTM,0.36,0.35
LSTM,0.37,0.35
LSTM,0.37,0.36
LSTM,0.38,0.36
LSTM,0.38,0.4
LSTM,0.4,0.4
LSTM,0.4,0.44
LSTM,0.42,0.44
LSTM,0.42,0.45
LSTM,0.45,0.45
LSTM,0.45,0.46
LSTM,0.46,0.46
LSTM,0.46,0.5
LSTM,0.47,0.5
LSTM,0.47,0.52
LSTM,0.49,0.52
LSTM,0.49,0.53
LSTM,0.5,0.53
LSTM,0.5,0.54
LSTM,0.51,0.54
LSTM,0.51,0.55
LSTM,0.53,0.55
LSTM,0.53,0.56
LSTM,0.56,0.56
LSTM,0.56,0.57
LSTM,0.57,0.57
LSTM,0.57,0.6
LSTM,0.58,0.6
LSTM,0.58,0.61
LSTM,0.6,0.61
LSTM,0.6,0.62
LSTM,0.61,0.62
LSTM,0.61,0.64
LSTM,0.63,0.64
LSTM,0.63,0.69
LSTM,0.66,0.69
LSTM,0.66,0.71
LSTM,0.67,0.71
LSTM,0.67,0.73
LSTM,0.68,0.73
LSTM,0.68,0.74
LSTM,0.71,0.74
LSTM,0.71,0.77
LSTM,0.73,0.77
LSTM,0.73,0.78
LSTM,0.75,0.78
LSTM,0.75,0.8
LSTM,0.76,0.8
LSTM,0.76,0.81
LSTM,0.77,0.81
LSTM,0.77,0.83
LSTM,0.78,0.84
LSTM,0.78,0.86
LSTM,0.8,0.86
LSTM,0.8,0.87
LSTM,0.81,0.87
LSTM,0.81,0.88
LSTM,0.82,0.88
LSTM,0.82,0.91
LSTM,0.85,0.91
LSTM,0.86,0.92
LSTM,0.87,0.92
LSTM,0.87,0.93
LSTM,0.89,0.93
LSTM,0.89,0.94
LSTM,0.92,0.94
LSTM,0.92,0.95
LSTM,0.93,0.95
LSTM,0.93,0.96
LSTM,0.95,0.96
LSTM,0.95,0.97
LSTM,0.96,0.97
LSTM,0.97,0.98
LSTM,0.98,0.98
LSTM,1.0,1.0
GRU,0.0,0.0
GRU,0.01,0.0
GRU,0.01,0.01
GRU,0.02,0.01
GRU,0.02,0.06
GRU,0.03,0.06
GRU,0.03,0.09
GRU,0.08,0.09
GRU,0.08,0.1
GRU,0.1,0.1
GRU,0.1,0.12
GRU,0.11,0.12
GRU,0.11,0.13
GRU,0.13,0.13
GRU,0.13,0.14
GRU,0.15,0.14
GRU,0.15,0.15
GRU,0.19,0.15
GRU,0.19,0.17
GRU,0.2,0.17
GRU,0.2,0.19
GRU,0.21,0.19
GRU,0.21,0.2
GRU,0.23,0.2
GRU,0.23,0.21
GRU,0.25,0.21
GRU,0.25,0.22
GRU,0.86,0.82
GRU,0.87,0.82
GRU,0.88,0.87
GRU,0.89,0.88
GRU,0.91,0.88
GRU,0.93,0.88
GRU,0.93,0.89
GRU,0.94,0.89
GRU,0.94,0.9
GRU,0.95,0.9
GRU,0.95,0.91
GRU,0.96,0.91
GRU,0.96,0.94
GRU,0.97,0.94
GRU,0.97,0.96
GRU,0.98,0.96
GRU,0.99,0.97
GRU,1.0,0.97
GRU,1.0,1.0
CNN,0.0,0.0
CNN,0.0,0.01
CNN,0.0,0.28
CNN,0.01,0.28
CNN,0.01,0.36
CNN,0.02,0.36
CNN,0.02,0.53
CNN,0.03,0.53
CNN,0.03,0.55
CNN,0.05,0.55
CNN,0.05,0.56
CNN,0.06,0.56
CNN,0.06,0.6
CNN,0.09,0.6
CNN,0.09,0.65
CNN,0.1,0.65
CNN,0.1,0.68
CNN,0.11,0.68
CNN,0.11,0.72
CNN,0.13,0.72
CNN,0.13,0.73
CNN,0.14,0.73
CNN,0.14,0.74
CNN,0.16,0.74
CNN,0.16,0.75
CNN,0.18,0.75
CNN,0.18,0.76
CNN,0.19,0.76
CNN,0.19,0.8
CNN,0.2,0.8
CNN,0.2,0.84
CNN,0.22,0.84
CNN,0.22,0.85
CNN,0.23,0.85
CNN,0.23,0.86
CNN,0.32,0.86
CNN,0.32,0.87
CNN,0.33,0.87
CNN,0.33,0.88
CNN,0.36,0.88
CNN,0.36,0.9
CNN,0.41,0.9
CNN,0.41,0.91
CNN,0.49,0.91
CNN,0.49,0.92
CNN,0.59,0.92
CNN,0.59,0.94
CNN,0.68,0.94
CNN,0.68,0.95
CNN,0.73,0.95
CNN,0.73,0.96
CNN,0.82,0.96
CNN,0.82,0.97
CNN,0.86,0.97
CNN,0.86,0.98
CNN,0.87,0.98
CNN,0.87,0.99
CNN,0.88,0.99
CNN,0.88,1.0
CNN,1.0,1.0
Autoencoder,0.0,0.0
Autoencoder,0.0,0.01
Autoencoder,0.01,0.01
Autoencoder,0.01,0.02
Autoencoder,0.02,0.02
Autoencoder,0.02,0.06
Autoencoder,0.03,0.06
Autoencoder,0.03,0.09
Autoencoder,0.04,0.09
Autoencoder,0.04,0.14
Autoencoder,0.05,0.14
Autoencoder,0.05,0.15
Autoencoder,0.07,0.15
Autoencoder,0.07,0.17
Autoencoder,0.08,0.17
Autoencoder,0.08,0.25
Autoencoder,0.09,0.25
Autoencoder,0.09,0.35
Autoencoder,0.1,0.35
Autoencoder,0.1,0.5
Autoencoder,0.11,0.5
Autoencoder,0.11,0.58
Autoencoder,0.12,0.58
Autoencoder,0.12,0.59
Autoencoder,0.13,0.59
Autoencoder,0.13,0.61
Autoencoder,0.14,0.61
Autoencoder,0.14,0.62
Autoencoder,0.15,0.62
Autoencoder,0.15,0.64
Autoencoder,0.17,0.64
Autoencoder,0.17,0.65
Autoencoder,0.21,0.65
Autoencoder,0.21,0.71
Autoencoder,0.22,0.71
Autoencoder,0.22,0.73
Autoencoder,0.23,0.73
Autoencoder,0.23,0.75
Autoencoder,0.26,0.75
Autoencoder,0.26,0.76
Autoencoder,0.28,0.76
Autoencoder,0.28,0.77
Autoencoder,0.32,0.77
Autoencoder,0.32,0.78
Autoencoder,0.34,0.78
Autoencoder,0.34,0.79
Autoencoder,0.37,0.79
Autoencoder,0.37,0.8
Autoencoder,0.38,0.8
Autoencoder,0.38,0.81
Autoencoder,0.39,0.81
Autoencoder,0.39,0.82
Autoencoder,0.41,0.82
Autoencoder,0.41,0.83
Autoencoder,0.48,0.83
Autoencoder,0.48,0.85
Autoencoder,0.51,0.85
Autoencoder,0.51,0.86
Autoencoder,0.57,0.86
Autoencoder,0.57,0.88
Autoencoder,0.65,0.88
Autoencoder,0.65,0.89
Autoencoder,0.7,0.89
Autoencoder,0.7,0.91
Autoencoder,0.73,0.91
Autoencoder,0.73,0.92
Autoencoder,0.75,0.92
Autoencoder,0.75,0.93
Autoencoder,0.79,0.93
Autoencoder,0.79,0.94
Autoencoder,0.8,0.94
Autoencoder,0.8,0.96
Autoencoder,0.81,0.96
Autoencoder,0.81,0.97
Autoencoder,0.87,0.97
Autoencoder,0.87,0.98
Autoencoder,0.88,0.98
Autoencoder,0.88,0.99
Autoencoder,0.9,0.99
Autoencoder,0.9,1.0
Autoencoder,1.0,1.0
Transformer,0.0,0.0
Transformer,0.0,0.01
Transformer,0.0,0.84
Transformer,0.03,0.84
Transformer,0.03,0.85
Transformer,0.05,0.85
Transformer,0.05,0.86
Transformer,0.2,0.86
Transformer,0.2,0.87
Transformer,0.21,0.87
Transformer,0.21,0.88
Transformer,0.37,0.88
Transformer,0.37,0.89
Transformer,0.38,0.89
Transformer,0.38,0.9
Transformer,0.39,0.9
Transformer,0.39,0.91
Transformer,0.44,0.91
Transformer,0.44,0.92
Transformer,0.47,0.92
Transformer,0.47,0.93
Transformer,0.52,0.93
Transformer,0.52,0.95
Transformer,0.64,0.95
Transformer,0.64,0.96
Transformer,0.68,0.96
Transformer,0.68,0.97
Transformer,0.8,0.97
Transformer,0.8,0.98
Transformer,0.84,0.98
Transformer,0.84,0.99
Transformer,0.89,0.99
Transformer,0.89,1.0
Transformer,1.0,1.0
