avg_speed,max_speed,braking_events,cornering_events,trip_duration,trip_risk_label
41.62718429716905,67.13831363312029,3,0,19.425668524915046,0
40.71669583803116,84.7907897340576,2,0,33.05571827324771,0
57.522721502514486,119.59873131638793,9,2,35.19429930385709,1
54.52447678331054,100.08301989780854,3,4,22.980269695227427,1
31.301431106109504,66.37559058596868,3,1,24.401650526869282,0
38.82796099841839,62.16234334413603,1,0,26.547294738418703,0
58.971629653984344,110.22487316765377,6,7,19.492353401725303,1
56.093809260387644,129.4999023910686,5,1,24.446528606948107,1
64.73691120227934,109.39996343890289,2,3,30.03719648337424,1
60.89439326562711,135.10735800895003,3,4,28.625963434740164,1
29.59035296058139,86.96456368290038,3,3,28.18193893893072,0
44.86481766877894,77.95595463895941,3,1,22.906247707042986,0
49.24304416648206,68.24436054500785,0,0,33.34327402378953,0
63.467725200445116,89.91635740620389,6,7,24.421851972540967,1
38.93919289144187,65.73131205960277,2,3,30.4853877467402,0
34.233247447020204,81.37314542364729,0,1,38.66024645684041,0
44.26987355533928,67.28959537711458,5,0,26.93452658545811,0
42.86028720857072,69.37808983000689,2,2,29.88223924562881,0
35.581111055678655,75.73966959201675,4,0,21.232131410456567,0
55.46108955514315,129.55005230543748,13,7,25.990724925047896,1
33.56418215707875,56.02881814887009,2,0,22.403269622615788,0
66.2589821623373,118.77433961787632,6,6,18.07883877106127,1
35.85751487609877,68.96745239850952,2,6,21.784055944229163,0
45.695476039695734,133.97901813474465,8,6,32.67656588136267,1
76.21441895149525,150.8987686262171,4,10,21.209978484480175,1
40.630889518309836,67.77525103221734,2,1,40.23431097859779,0
34.354741143913856,64.75479733720226,2,0,32.44687280613959,0
52.944827027654924,122.80289553348102,6,6,29.123827251408592,1
51.45886589333939,105.33326632980382,6,5,12.993740205076056,1
38.594498535570224,87.97686526849523,2,0,33.20421430633505,0
34.867423502944696,71.32969674146877,2,4,26.499395925304135,0
43.8983026613467,83.10308746119608,1,1,36.97841905394978,0
61.94507724110791,112.94694991822033,6,4,21.033064243614632,1
59.543509668550755,122.12393680109824,8,5,28.32681023302118,1
42.569539248294575,71.79581781939598,4,2,29.33683126808713,0
69.54482938665814,117.89575449963948,4,3,21.323890285112178,1
68.62500316635817,118.70674352988821,4,4,21.857641288808956,1
45.36489023883006,93.6387249461936,1,3,23.306971001383758,0
33.35951868783126,75.2224368124801,5,0,25.917980069494792,0
69.18472693117945,125.1263088107031,4,2,15.911718422317682,1
64.54547202672319,109.55969757598572,2,5,26.017990521840314,1
33.6991761741371,63.83638591960523,1,2,31.628536789065997,0
37.78477989435759,65.20507032600757,7,1,39.04653174866555,0
40.533935967370866,68.65231420884881,1,2,30.006027376811122,0
45.83151373618395,75.68441006256154,1,1,32.99797056640747,0
63.422515161223224,94.47146654972497,6,8,21.070634024904557,1
67.82036161483452,118.52495486711251,5,5,16.249821270511656,1
48.84931210338483,59.656271720764025,1,2,26.770179104377323,0
58.68680469822581,138.02897504309314,4,3,25.0615190984245,1
45.79055436750034,77.91662693962935,2,1,19.549911256848603,0
32.997460198625284,77.1983729087139,1,2,37.23251967973289,0
39.79159598805053,90.17907963833238,3,1,31.081584407842502,0
41.38910752208642,114.62316739744784,4,5,30.48902491447449,1
49.36002840236152,69.80557859100452,1,1,25.337041717194595,0
64.04648212514928,116.9206110892291,5,1,26.736284500270635,1
63.21171313493596,98.21252404368454,8,3,29.772203861705993,1
42.82350531268078,63.65394964706643,1,0,34.97876118340678,0
46.64105866661016,131.1585251532044,11,9,19.171063469761833,1
66.3049744375477,122.39760865748094,5,7,16.464995299217563,1
53.72403142088372,146.98876568529295,4,5,31.012263576619112,1
66.22901891713727,103.16617531810647,7,6,24.470302491400556,1
67.96465211201624,145.54758914877056,8,7,15.13625150570816,1
73.84137443988497,141.3384049326377,8,4,32.6962835672384,1
38.949165461040494,64.82816916193931,1,1,27.259168220153768,0
67.54230811312061,127.30957855567492,6,4,32.50350905648258,1
47.689620982728,129.70929846069046,6,2,25.638374585599994,1
59.49380832082467,110.10377038119051,6,4,33.395097010451096,1
40.75196893238104,73.4175597577716,3,4,39.38085419607943,0
40.16287788704281,72.13903868201481,3,1,29.05293164509225,0
44.75980181754901,81.01155762247286,0,0,35.72694594273676,0
48.553350387002624,112.85169297849713,2,1,14.67212019234184,1
62.97375390952035,100.71743215458147,3,1,15.88195764732524,1
39.15845883018965,82.26405143870385,2,2,35.78548192731979,0
50.98003120837569,136.91863489880353,2,5,21.740133319168145,1
54.72768580089084,111.38848987074603,2,6,28.754897299239403,1
51.75179779882154,132.3352570634363,5,5,19.14113751892289,1
58.784260941471686,135.90215728006905,6,5,32.62030290923546,1
56.240139413359934,122.92394360716467,12,3,18.317673286349578,1
75.30150507485436,100.1273132860089,6,2,18.08733926301104,1
41.48092402365507,73.75216957157163,2,1,29.84470533564549,0
63.206585309882286,126.11995690874645,5,1,19.251882042632644,1
69.2287227465354,140.79524095894266,3,2,25.77272747375388,1
56.730912699706636,127.18228122319613,2,4,29.75702979612449,1
68.43113241836707,102.08215590350947,6,5,27.00062300756313,1
65.33652378182683,96.82415388890347,7,6,30.154896211752096,1
59.089499692689934,136.27833395492448,6,3,25.269886181490225,1
66.52977498045753,104.12147582615216,3,6,41.02153462616202,1
52.16128981966806,129.81192003256638,5,8,35.325786550168985,1
43.83040139192345,82.26933223884308,1,0,25.118123643583143,0
50.04186500664654,119.60274557566757,5,3,31.765809753644284,1
52.156243720624815,124.26084855794805,4,4,26.803024796224364,1
44.473617573235686,79.01623376059364,3,0,38.442210778730654,0
68.93345020054018,123.48141956892806,5,2,21.642052823095238,1
38.19118465581593,72.8012138896945,4,2,31.276366937067813,0
53.18238694942733,98.05850539333319,5,5,23.455500749189596,1
48.72627361580389,97.01102648103357,8,3,26.885143326936365,1
65.92100531284196,117.39683373657918,6,8,27.910619080043116,1
43.57000247046046,74.73237624573545,3,1,29.635855436715637,0
58.944178863745684,128.62661731484656,5,2,30.40993486980606,1
61.68242432177596,122.9759027576623,6,1,24.935723526304027,1
36.110916562045624,58.894241545341714,0,0,38.761352217118116,0
57.62099136605515,116.30424896228178,5,6,18.194933212581372,1
59.10773107045194,122.58139314197744,9,5,25.32005956979812,1
37.96269931182368,63.980313211036155,4,0,33.8012554731768,0
37.946456704487915,63.3728622813707,3,3,19.85163066130209,0
40.33457862118684,57.64656182853995,7,1,35.82332604250786,0
66.55791773806476,117.0679103462104,9,5,30.768720277989942,1
37.56437308117652,64.07606075761132,2,1,25.68004615160092,0
43.026118505091276,81.15433297381135,3,1,20.819640062487302,0
60.15679693262103,107.96354940202744,7,3,18.343326318338697,1
39.32751607799133,73.33859966568535,2,0,37.15683390915592,0
34.26667642739548,70.05492550243393,2,0,27.621473681344014,0
46.122922188130715,86.23396562299045,1,1,31.571917470274236,0
37.70225529419122,52.618883604546134,2,0,42.77343162951058,0
33.839288350925834,74.47861747751794,2,5,31.85547025656961,0
47.65758787832283,110.50867455172441,9,2,22.95594018140882,1
61.20728770900055,120.66911586651435,5,3,33.7995583793675,1
57.83702880691367,99.15329785210997,6,5,22.186094562047053,1
66.26527910221608,125.02581527868257,3,0,28.953523741353536,1
63.68217299985843,122.92263510405208,9,5,29.00404394810331,1
67.94667601286214,162.91704851450527,5,4,27.087897732206915,1
43.67438893024909,76.62881268667412,1,2,35.86736928742663,0
40.56635205268882,55.61722021682633,2,2,30.339277552637018,0
38.15207235541431,57.0187311494537,2,1,37.89053403955757,0
57.7651737966934,119.94741409861989,3,9,28.064766363705008,1
44.235395049925174,82.2250091488688,5,0,29.641993702929682,0
51.082213952359936,117.19197946337286,8,5,30.599491096709418,1
71.93339087041446,130.87244060228747,7,5,34.62917875012946,1
68.1582122175063,84.46963189721762,1,3,37.36917146077103,1
48.79310242097567,73.72105472606863,3,1,31.945795978339643,0
65.32759070267252,118.01994220718592,9,6,19.48246626698578,1
40.05116530509793,60.18491348952049,0,1,32.31051737131635,0
68.86176876785959,128.4990322258909,7,3,24.031653025885355,1
61.19484961172628,116.92157426166284,4,5,16.787904086770588,1
43.27757680917475,117.44612629806142,4,2,28.40329354093357,1
62.42749748999859,139.9811428907516,10,6,11.972720494675198,1
49.347055070308514,104.71594994411028,6,3,13.763939988740054,1
63.48531653165602,129.30119997669505,5,4,25.750189406817174,1
42.86195155587838,74.50603412862539,1,0,20.65091830233918,0
40.27862456144347,80.94191518470949,2,0,24.93947812369916,0
40.03982141323665,80.03709523810677,3,1,34.21686311078529,0
57.040716244342825,128.51233081694969,0,2,17.76385593304352,1
58.37981602024734,122.61797112516727,10,5,13.679796769681188,1
55.297149560735996,123.45916273149322,6,4,23.55110787631142,1
68.18010234956813,101.04346384169186,2,7,15.406086705530933,1
34.52706730223535,67.34230413506017,5,1,37.167112099125845,0
67.95557900407125,129.69009280671827,3,3,26.099895432936584,1
31.725716640671152,78.23170583961914,1,1,30.36658983594202,0
56.79774983037652,92.4669478346114,4,7,23.344238316420252,1
31.843620922695273,57.62573361777427,3,0,30.547042359164852,0
40.256804297398176,78.72447157660453,2,4,35.330992720488695,0
36.60279538534144,74.23341948608575,0,0,40.40382952019595,0
64.21518338932636,117.13691670670231,5,9,23.61263026534196,1
31.773006265215542,80.2257043200964,5,0,42.19876203169636,0
46.35569112990457,77.70863101464039,3,1,30.348263322594395,0
38.5225984098542,76.96954404510736,5,1,28.33090255121995,0
59.37993591082971,88.54800778758042,5,7,23.70604747544629,1
43.05108084794611,71.56972960968434,1,0,19.07351576332547,0
67.67053045174139,136.91529441774642,6,2,16.3228839123248,1
67.85855586204354,118.53253781850084,4,8,17.24440830359503,1
55.227173160733166,117.98902125545436,5,2,17.485774787081134,1
35.87294735010522,99.49094425308725,1,2,36.22339790368393,0
52.820067494662325,100.31726283708326,9,8,19.43110052441382,1
38.93278564534896,84.90726136849952,0,1,27.181754862868285,0
62.36409353272271,111.61806271672565,6,2,22.81549647563087,1
38.49251318239563,72.49178671713898,1,1,25.53253383056196,0
44.703480719113415,74.96164905597936,0,1,30.22133986674557,0
38.641724448369736,86.73452090298537,2,1,36.70230525895174,0
64.65499165458564,115.20764894140997,10,4,28.800113436725695,1
41.27086946123101,67.40749557419774,2,0,36.16843460688018,0
35.92250463355756,64.40974506766143,0,0,22.82955565383738,0
57.94676370638162,112.41145589411454,10,3,25.42549760750912,1
38.36052641743541,71.55190683858979,1,0,25.70775029812657,0
41.54910355113514,76.33776880932099,1,0,32.06899548725749,0
43.71047686004653,72.99292580406492,2,1,30.443233486990064,0
59.8531502064501,110.28274048157866,5,1,26.199868571324537,1
59.47671813123685,119.79745133110535,6,4,17.252869085893842,1
55.36700712291403,112.78749315732031,5,2,29.873175980115022,1
49.864826296587246,126.5800194383739,9,3,18.847370977265026,1
37.945344218504076,66.32775784045008,0,1,26.466216213909114,0
64.0809948900006,110.25952770579178,10,5,18.378956844725728,1
35.15827772568183,71.0537550614596,1,1,23.329872525408977,0
35.36323432904713,72.38368982734785,0,4,16.483838535003812,0
30.149480911440822,78.92597338299309,2,1,22.36864501638894,0
43.05185132716733,69.79098406035853,2,2,30.58663691654391,0
70.20298725810567,107.87717012627793,5,5,23.258065967062794,1
44.46930529542516,97.39187151215647,4,4,12.125807275798751,1
41.46536236649341,62.85648581973632,0,0,39.328872555723784,0
69.80376436251575,117.24885019061936,5,6,17.62315153244958,1
36.14631470149569,65.59703212892441,1,1,36.01238873826504,0
47.21816001734407,57.434931057207436,1,0,34.06602593373989,0
65.5674568075268,112.25078701859839,4,7,17.83722743637091,1
72.30041055227474,110.12425923089332,8,0,20.83847412835695,1
50.79018673994285,136.5749580270662,6,3,22.357281960081224,1
45.62793885520172,67.27024600080165,2,2,26.112304800775114,0
65.1355770355496,115.94598593454167,5,1,29.607001252017945,1
43.16680657421826,54.59206957569133,4,0,29.337416602290517,0
32.1925338877907,85.03419828428999,1,0,29.842438377884886,0
43.383041169809005,116.47089135041341,9,3,23.187428423951268,1
50.610780985063165,80.32465260551147,1,0,28.813040193966653,0
25.839222009447155,65.48841141591001,3,1,32.758703999554605,0
36.22862074990321,69.35861653407008,5,0,31.6438120515174,0
56.992131365185074,111.58366303528504,6,2,35.26509673832006,1
66.08257500279886,117.3027505292994,11,3,26.13247338820881,1
36.36600847006375,110.37409284521806,3,4,28.468490683981265,1
44.12708174494015,78.13509636000639,0,3,28.803876010651223,0
39.71527188139466,73.0780176889206,2,3,21.449158036716874,0
71.296215028346,110.57784391246233,5,4,25.692536509202185,1
33.11149613441574,51.42007958375596,4,3,27.5846947415828,0
42.71352198988362,59.611402102131194,3,0,24.574247367211008,0
44.917521531792325,74.73627387727565,3,1,30.271752889692856,0
32.64545621406201,68.13228085804708,4,0,26.911954090996066,0
48.82343467131359,57.584987690508775,2,1,25.91847295472577,0
30.178537388821937,65.08438841401916,2,1,31.724725007731426,0
52.48025736679947,127.14976561200837,7,6,34.333711101542974,1
43.51440899297561,80.35724642583033,4,0,34.09864165845506,0
35.55126949106716,62.95712291808811,3,1,28.805596260667013,0
43.554799841017456,74.4426331148604,3,0,21.651104139658,0
42.7811500470033,74.55887772081607,0,2,40.825011724505416,0
39.901811005366596,75.52489954417148,2,2,30.24430035162852,0
52.13358243172761,74.32959825360696,1,1,35.106916477146996,0
34.98906272109264,77.40824345420125,0,1,27.433932167642073,0
41.261201982133386,68.83770956878041,2,4,31.073565915852633,0
63.3951515028881,139.1927800464024,6,6,9.48226812452155,1
49.997491336325496,123.16222616938786,5,1,30.42206348412219,1
40.98277388255787,80.31844539468635,2,0,22.57219813481514,0
45.84108860908432,61.37094661249502,2,1,26.654636306700418,0
40.727605988841205,63.858774349916835,2,1,23.918370836024504,0
52.197071781774,139.5526189790214,2,3,17.553472687285776,1
37.73846840375462,45.76120673371044,2,2,25.165119284353935,0
56.469129667881184,124.67232565585596,8,3,23.543075327410214,1
64.70908367837018,130.92517819604313,7,6,27.388510897444235,1
44.38023396264897,84.72670675750982,2,0,21.802579187372828,0
43.03565550391809,83.11158886318105,1,0,36.64097070924529,0
60.956802101336834,124.78740435137986,3,0,25.917145334550888,1
39.4217585880588,66.98896304410711,1,1,31.71809144784231,0
38.909820609008904,43.611914997401,2,0,32.69030860090905,0
47.2669223855885,85.79572145730712,1,0,27.385699864233658,0
40.09573888707876,63.5851309095569,2,2,32.43936142435537,0
47.26013622177436,139.79132681722308,7,5,24.500095151391427,1
72.0021968720079,121.11764390740159,5,4,32.17942479710808,1
75.93096334733524,125.89370265822325,4,5,31.571065313667113,1
71.12266546825737,139.73830900569175,6,6,22.483508563482076,1
41.72177884643978,66.26337921735829,3,0,27.463642947030937,0
56.51889001630372,100.27682003393382,4,5,21.05629484683388,1
36.933195937408584,63.57242697051442,2,0,38.507605352103674,0
68.56292128183944,139.07838632907985,6,8,24.57717389562164,1
54.58247809877364,126.23326112211346,5,3,21.260318096259518,1
45.71918363210195,74.03300390245282,2,0,32.138086407923915,0
40.283249624485535,75.2969275435673,2,1,31.416497092200785,0
40.055707815243785,77.09641290505807,3,2,21.107062079967417,0
40.30115104970513,94.63242112485287,0,0,29.038195176094387,0
54.419068395127546,105.68918318843119,6,3,36.932144653081636,1
35.59465831669354,62.87779236350949,3,1,33.32708411845889,0
41.090125460662826,60.21185753918861,2,0,23.74651968505887,0
48.637715850503554,74.36323669674032,4,1,35.455230510823334,0
48.15928449544555,62.66967004476011,2,3,39.09030961278913,0
68.38563174140221,107.42735276502702,8,0,18.508388960128464,1
36.78902673732865,61.466966931736664,0,0,30.42642116746676,0
57.51023281993157,122.26736617880412,9,4,11.199630900070591,1
44.142272578475534,60.73286897507818,1,1,31.303314165752038,0
41.12225909279986,80.47098302612154,3,2,34.002491208829866,0
70.30746898002711,110.4858792477403,5,4,32.901932412845724,1
36.004039966748735,65.17256477817968,2,3,25.233356958706437,0
60.672851903107926,114.97189120110872,4,3,29.979874056258467,1
32.799745587028525,85.94505063224972,2,1,25.76519325840836,0
46.00039478213431,65.08097552493795,3,0,23.72850568532124,0
63.17093565173881,122.54621651955992,4,5,17.40584856606562,1
44.18161861497776,70.31266877248675,3,1,27.80706396871352,0
47.59641961820884,75.10792088527595,3,2,35.152902928120284,0
53.815762323178376,106.93908342534388,3,1,30.072142451061858,1
54.262544794220226,89.51469353552423,5,6,15.749109494422644,1
57.437617563706866,144.65067233706802,6,2,27.524535240050565,1
43.251005889793305,69.00824136220618,2,0,29.77206991822251,0
47.65239245451402,143.91266934306017,5,4,25.724767077644227,1
43.48107777853087,138.3270702746505,3,2,27.18803602734895,1
35.45158291509083,60.63493625210404,2,1,26.661102217655568,0
37.146268531252616,61.67644426895771,2,1,32.35707778193202,0
56.874907753989184,122.75169864327202,5,5,30.94399824152534,1
56.7672375053408,150.53297185079393,4,6,38.94466085248217,1
55.35481357956839,110.82922128917058,5,5,20.742414447886684,1
45.23460063825006,75.69950305341382,4,1,24.518624565523993,0
37.80205644484113,47.92249083617431,0,0,28.899026864960213,0
67.92766549628529,115.46953465825855,5,5,36.84284386267208,1
33.372450441587965,64.49278804304488,2,0,24.868901806274863,0
42.462256320040744,72.89168643907819,1,0,42.276500699554475,0
63.759788322655076,140.19179627847444,6,1,19.4530921171692,1
31.65700370560902,80.5872852988388,2,1,39.50779627556835,0
58.8412729861136,136.84579796289694,2,5,27.71087110304171,1
58.72201201606731,104.78753672809547,2,5,27.37283125567783,1
62.34830023974912,123.74126531527563,4,2,23.811033496255885,1
45.93725240480552,128.84254574815873,6,5,5.128117684517644,1
58.15144418033856,140.89771886902358,3,3,30.875443799621216,1
32.371718427149524,82.62584103427182,1,1,27.178762006713058,0
57.52831988321674,88.43125801852001,6,5,24.54429622871287,1
40.20295845601941,62.980083121932445,4,0,26.68549541224526,0
45.199523436980385,63.94384460263136,2,2,39.13004856773468,0
39.90265650461451,61.622905681050305,5,1,24.60303771450323,0
39.220892628354484,70.3786191500895,1,1,32.92286313974784,0
39.91331998878839,119.42789871837526,6,5,25.348619536319827,1
31.962200678155128,62.37275221433786,1,2,28.608044145945108,0
41.946744566280614,57.34880886077358,2,5,35.459961321788356,0
35.559260521363115,66.93118851312627,2,0,32.55962045514637,0
41.58735967365545,69.68081505356638,1,0,34.415548885735795,0
54.06201589147038,112.44743757169051,5,4,24.337633451454977,1
61.16669176172307,128.77949154774507,8,2,32.56039241397517,1
72.36190170210949,95.98894266083187,3,1,11.643664416012943,1
42.57219417029374,77.11614878088889,2,1,24.376789540810655,0
33.81168788836351,78.69156064389273,1,1,34.43645418633371,0
68.58416795842898,123.27917229802058,4,5,15.616579510434942,1
44.739105544345605,111.77401291337506,10,7,32.50061154906727,1
33.26436855235152,60.28385961489349,3,0,31.412717630533965,0
43.25225046268069,54.96919698240182,3,1,33.03361529568092,0
71.74280355997848,119.54605413604521,8,0,22.966909625921954,1
54.03246298819519,110.07687836227062,6,3,28.229973830709632,1
42.21058332656737,72.50243932573649,5,0,24.301227859216468,0
55.73605024459237,129.59854435728127,4,1,30.44027590473376,1
40.41141994637712,80.65480375065351,5,1,27.77248739299614,0
57.91859720163525,110.15355054578812,6,3,32.5893877083048,1
47.061102777077146,69.20358608754285,3,2,32.26185898124867,0
69.21417175509498,127.83245805582627,8,5,16.32411847061436,1
41.224096869472696,71.11276768053276,3,0,30.76217383437093,0
63.77489870424806,106.75551902329836,7,4,29.833308802850592,1
35.661794550103124,71.4586185242831,1,0,29.614491452929478,0
65.00776379990974,118.36507258932927,6,5,14.177353757874293,1
42.575213366380936,77.15658244757891,1,3,26.16472746714662,0
61.743768960309275,106.83824128245779,4,1,34.91112604485227,1
30.573999739894415,67.03732556491119,2,1,34.751537959867875,0
40.84864642195187,70.8939391914565,1,2,31.68801331037601,0
46.777214005527476,81.70198709196603,3,1,30.671482486238965,0
38.79125180553277,77.80070297391063,1,1,27.045914506320976,0
40.28506562448542,72.68592278863257,4,0,24.775954029894834,0
49.50760689681054,122.82110035487659,9,2,19.041736622867603,1
56.79793487242262,122.44791036982751,6,7,9.57960652755997,1
58.96182220481233,119.62933702396614,7,4,27.13605585112481,1
28.490394176322077,54.84808937801448,2,0,36.83437133722262,0
41.65350278531966,69.85281741365063,1,2,33.982027148481635,0
48.01126612803455,62.5799386434236,3,1,27.910182480806775,0
37.34221531378471,61.05650087324597,1,3,26.580202491004513,0
40.026218498590914,70.46980593764742,4,0,30.601478158559495,0
58.151178794646775,119.3042927114689,4,11,33.44575006418012,1
76.21453692833914,132.9413188792903,4,5,19.189506534095344,1
62.68915970420983,116.58785610069889,5,4,28.917903306879957,1
58.82815463417471,135.0961656003983,2,2,24.546594181414864,1
51.09390116724067,68.40954789599948,1,1,31.083877818813146,0
41.50773671166806,69.65288230294756,3,0,24.15660981190234,0
42.69399079384631,71.51110437284808,2,0,33.8263821918238,0
55.37509233027485,116.12987195703586,5,8,19.48702491191733,1
61.77254022086591,126.88770251002295,8,2,22.93795651650003,1
51.49373592183605,124.4278959256263,8,4,27.186710703881513,1
40.138454658081066,71.27365478537156,1,0,26.746787154390866,0
57.48099734349537,117.56576329248878,4,6,24.82256907674703,1
48.72319586629341,67.18980352728414,1,0,32.124830581237724,0
49.189676778412526,115.498068197577,2,2,22.435608260035696,1
58.170119789929984,99.14107708601914,6,5,14.869784843812527,1
37.65412173947647,52.868654709091224,4,0,36.76936187082706,0
51.48604230453421,107.20856752149533,6,5,28.93696611091825,1
63.56451665021992,147.8846654166513,4,3,31.875252907366814,1
37.733757954884936,84.52467534470745,3,2,34.854706656884304,0
47.67574360003774,63.4304482360159,1,0,25.418629497181374,0
46.6528745201952,58.03211353573688,0,1,34.46848844694556,0
45.57346197049024,124.00847926273144,7,3,13.633829925179393,1
58.416498168122544,151.01859507245328,6,3,33.43272107995593,1
72.93040034177534,99.10896791749505,8,3,24.758145632322254,1
48.553066862909624,68.95550781462528,1,3,29.155891384049948,0
34.64573790657781,89.11419087139723,1,0,31.09555300017205,0
60.36805109389073,110.38328609663033,8,2,44.77031413702132,1
70.17519636339155,124.16973660328384,6,3,19.06768276604455,1
43.00603374464558,55.56145183866458,1,1,18.51909523431381,0
44.82425816548729,86.15582823548232,1,2,29.770149960414273,0
65.41745349380038,122.73793920596158,7,3,19.443494331867214,1
61.27004840750034,137.3401000417669,4,2,23.110336722223852,1
38.970666414522476,55.59958552316202,5,0,35.953636280568205,0
57.810165982665914,119.78594470575918,6,8,20.15354458036344,1
40.40937069693161,93.14658566673509,2,0,20.66367403704126,0
28.11783571831068,66.61308660078124,1,1,30.632616025090275,0
67.09905891312907,135.21382285672885,4,4,29.56305396885167,1
47.145585092755155,63.850495618516646,0,1,33.42753869395102,0
37.489728878236946,59.787671828692865,0,2,33.541782236496765,0
74.85114958659909,112.57514701637902,7,5,18.842527470939448,1
60.006044059636764,130.2878672791263,2,6,9.92388598345977,1
45.89410640877212,131.7304108136119,2,2,18.61867888492268,1
60.12317229502316,95.9703748144548,5,6,30.473597748163428,1
62.96247302180487,124.63923904820389,8,5,20.918987061438028,1
37.36622283672505,76.59380586186951,0,2,28.06761641374013,0
61.40951858002154,109.99726924572654,2,2,26.385416671394527,1
41.59825912959489,64.95820168992329,0,1,29.59238663449177,0
36.48411787437056,69.65011509503039,2,3,38.85400317817755,0
35.12735347664679,81.07080669286972,3,1,29.398094180232007,0
54.871349867693155,129.8858151587013,10,7,30.351347542140534,1
36.69106767615806,78.52433334796224,1,0,26.140904611216225,0
63.58788363357152,117.62193461375315,7,7,18.573866568527244,1
58.50656830149244,130.93595467503548,5,3,27.45815827338959,1
43.38937659765454,63.45924316872576,4,2,20.846835515717714,0
57.43919618919933,83.92395675134685,4,3,29.05542731829743,1
62.33504020893053,140.66411170761458,1,4,30.034180664488062,1
61.675695757841574,114.0223962317623,7,5,28.403198690261117,1
61.79141499157285,90.80212070461704,6,4,28.322434398967545,1
49.23353662868017,75.83928185325964,7,2,28.203539546064704,0
54.240083734224484,106.13905788988401,6,1,26.006352501760094,1
65.11922720786826,100.26171386510642,7,8,29.461272781161508,1
62.513035971605326,115.2587555831554,8,5,27.200370781920014,1
32.410631266595956,66.42970799193391,4,1,28.810282263264625,0
41.1710736626826,85.50500492814076,3,1,25.008229796306047,0
40.07166029922078,74.17673698483786,5,1,34.234985438447296,0
41.07046872065102,57.542612212880115,3,2,35.28711754431188,0
39.51042376778548,92.72434720446881,2,0,34.44518561139946,0
70.40753210425359,111.33578673202645,7,6,24.941465222131576,1
49.70608718231875,61.21676922820261,0,3,28.109960504908916,0
43.50257516201482,96.80583121527881,6,1,34.2692966600189,1
35.79944960708331,71.6469782743714,2,5,29.11526386252975,0
62.6148432048835,99.16051904683515,8,4,22.938809696883762,1
59.90402124297821,105.32965464716148,5,7,29.52833166279596,1
54.46892307857423,130.31346527991207,6,4,16.1938271333985,1
61.845578546675476,107.41547340533734,5,3,26.931891450387305,1
82.59376341116163,114.68690417236817,4,4,33.99907564053176,1
62.372410571450445,100.63585124512176,0,5,31.461092658261496,1
40.542798528882614,69.6677000935554,2,0,28.959415713637302,0
62.37261550824244,139.0147726678196,4,6,27.021096021068853,1
40.902654209027155,96.43571583398551,1,3,31.08430518491469,0
61.59035670671083,144.47357606482134,5,7,29.35362067666547,1
72.88234384386297,105.90652249119063,12,3,12.3419327005034,1
40.98782995086191,74.49228434919745,2,1,31.513177326195166,0
41.78962864345884,73.93263151383678,3,3,33.40722540178643,0
40.0790377205592,69.13244249451056,2,1,31.47112064506747,0
47.74510075747594,57.60892924346099,0,0,22.662373671237802,0
62.85576077916214,119.24400074101467,7,4,18.777982113750276,1
70.86866295694263,114.68731866696449,3,1,34.42650402004137,1
44.93667258294551,69.24048976357477,1,0,24.554599419260978,0
41.73244237948996,79.98010109859652,2,0,15.518723109031553,0
45.90245438986481,92.78401986529228,2,0,39.85432135358899,0
58.12881759637125,117.05860183984593,7,2,17.08016072905474,1
39.38645533202138,70.93372374276652,2,1,30.74455037923186,0
46.15000286359575,60.35294574249285,3,0,38.14234277386161,0
47.03193372338929,109.53256067619154,9,2,18.62772960650201,1
41.95126634491571,69.15091167504168,3,2,21.652973594393142,0
44.0924236731927,71.33847654246,0,1,29.802224230716725,0
44.84322495266444,62.979469061226474,1,2,28.361689267011158,0
51.43846749684535,145.7856091926273,2,5,26.55564945641367,1
43.317238645757556,62.757534679416594,2,0,27.734470660096438,0
49.09974425274835,79.52598394648906,1,2,32.368465683661135,0
38.87617299053658,58.298869739406406,3,1,20.9900978120999,0
59.1080737029991,141.6270799352386,9,4,30.896081289097317,1
57.9981106747434,115.23314679131533,8,2,32.069688476949565,1
54.782292080555955,95.92357553934082,4,1,31.659143710096384,1
43.45118400190136,44.416316167428974,0,1,24.563770305685985,0
53.80066773018187,105.04639559504415,2,2,18.469958217444848,1
69.42810151838738,99.39895666545377,8,6,28.639314976701268,1
53.358266248861824,124.69667652860838,4,9,25.908823414016226,1
39.26487288284575,78.4073448212955,1,1,31.039012536766567,0
66.17121435923013,120.01664917030939,7,3,14.18896306226229,1
45.28028404533026,72.23238914129159,6,0,29.025458598236597,0
42.568000532848586,64.6729916033809,2,0,29.862425474746818,0
54.2567608567263,145.63810731529446,6,2,17.11720216954882,1
40.38572392941563,86.22193101549429,1,0,39.75571024148897,0
39.61081401493599,68.19520086409375,0,2,45.965537839224304,0
52.81578218940433,108.509321963994,7,4,21.77113064651185,1
44.42022698180525,77.36843897092433,0,2,28.593362214408934,0
58.8211189219497,120.4714051403077,8,4,23.77788593040569,1
41.715335044629676,73.08450108331515,1,1,26.701988657403835,0
59.6408557590197,122.7375154589882,8,3,15.186643525986335,1
34.81491215306117,77.43815698500458,0,0,30.560524734122584,0
35.47729058106464,68.1309487743959,1,0,29.76104561313231,0
66.81272836714558,106.35479341031287,5,3,34.178136076225314,1
52.07395499329316,70.79993380559144,1,0,31.73953058162443,0
56.61828432245832,131.24372614961482,5,2,23.782375043646923,1
66.27174120973557,100.97784522552752,7,3,29.992206556740285,1
39.43835975154585,67.79030400466777,2,0,28.62474151424178,0
48.02042665115401,140.44843462698375,5,0,22.874617489713994,1
39.44633285459652,79.32879084328621,2,1,34.365792743095746,0
48.43570817536282,78.81639756949451,2,1,27.797477205632376,0
47.917386386248,58.8222115976303,2,4,42.222913762912526,0
52.16059540174204,90.63992116299015,4,6,33.3030183182961,1
56.246033298698755,120.44800384886739,7,6,32.85303053355977,1
64.46956226337456,113.9304221993858,8,10,11.146869145572014,1
33.927282551367966,64.660908986832,3,2,22.964279868925416,0
49.80384714154104,130.18113902578116,9,2,25.35969787437025,1
54.507689974769846,137.45064082745324,7,3,28.02646899940238,1
40.970538154766786,64.68785705392402,2,1,32.4193832559402,0
51.135100333929046,134.6406107903392,3,5,34.7964049888064,1
32.666074046921615,64.98597853114363,4,0,26.099004354412685,0
64.69678341040236,103.020997986085,1,2,19.432026457716358,1
36.08373353831882,66.77938483794324,4,1,28.377545210855533,0
30.453219562463538,83.1830232485267,0,1,26.61664598375993,0
47.94772775847681,90.51666162785241,5,2,20.890193105658966,1
44.08003424387212,78.65198608001276,2,0,30.833308435286614,0
39.77628409618701,57.86058293842617,4,1,30.706285700437316,0
62.41568720137412,111.7888871584969,5,5,24.88402113124236,1
49.08715204945313,112.02183374566008,6,5,27.46983550206834,1
31.26273457652467,68.71958293725389,3,0,27.266599577063673,0
41.24110293150168,65.40639100459757,2,3,25.75077815267604,0
31.18479922318633,73.24083969394795,0,2,28.074588597918417,0
43.48103182406709,88.48956094945345,0,1,35.632825147738785,0
38.13583423954117,87.26963851233405,3,1,28.001819071926988,0
60.822868623458675,122.24012866589821,3,5,11.750664756869638,1
41.785077429825236,63.070904047393455,4,0,33.73646802561631,0
35.18492186966937,79.77180000813073,0,1,28.882686073370746,0
35.0885298287266,70.58984221589597,1,1,32.23436250401349,0
75.07200910055886,130.21559394066782,9,6,30.782768856857093,1
39.7614432192901,69.96397460909432,3,0,24.208176554037287,0
62.95411022119924,97.4125139200407,1,3,24.650628368711867,1
56.75111714381278,121.451323776582,9,3,13.696750963960683,1
38.10297750507079,73.32065249164407,2,0,20.409501997481037,0
46.99677718293001,79.24633682912769,0,1,39.059900620674355,0
38.811524376551795,71.92234764195231,1,0,30.509281476309933,0
45.13493131659866,81.05900424357309,1,2,27.180262559708783,0
45.154997612479754,79.31280119116198,1,0,22.459233552262585,0
49.935840709869304,133.1870748605931,6,6,21.02457764989833,1
76.36523638141723,127.9551435250587,5,2,27.131445411761014,1
58.452578971350356,123.27583481316262,5,3,34.02204397644412,1
60.62207935992864,120.08907254122724,6,3,31.010819580259383,1
37.28858831118668,52.03261987021946,1,1,37.451897350964906,0
26.937254936531993,79.50369682396904,2,0,26.483280991462962,0
69.02224200507119,121.29166302388467,5,5,19.771537004508826,1
37.64034067105283,80.88950596967366,0,2,26.34816684141432,0
72.78657446112827,131.003217202588,2,7,13.842253891236904,1
55.38990456777382,134.6004892872842,6,3,29.367271601536036,1
60.185567828459,140.26523628730502,5,5,14.41229724290787,1
50.214889484724615,124.60426125168789,6,4,16.34100769046556,1
76.33806272408634,128.58188576412584,3,4,29.171519429274163,1
47.4805111671278,65.24011397613633,1,1,24.33665474061552,0
60.74348522146382,111.75112751303482,4,5,21.429552349327423,1
43.6632003860779,69.19283419891417,2,0,34.581638373512405,0
35.24825908449132,61.294273837382434,2,0,25.07863812353748,0
47.57258781294791,77.73083189177527,1,0,32.75026049512276,0
52.26729687211748,118.9781486224807,7,4,27.547794415969168,1
34.51348736183578,64.11133173261304,1,1,25.8136878447515,0
56.74094906094551,142.07090322523206,2,4,23.557128449231513,1
48.26475243718465,122.88171400618003,9,5,25.660848673829122,1
60.40429074234329,142.3470394735703,5,1,23.610608790394572,1
61.34921094088156,130.14535571512363,10,6,24.736190154804333,1
59.40008304698223,107.13648638780784,2,5,25.022034088344288,1
45.42239791536535,64.22469906492447,2,2,25.568898281952972,0
70.73744104995883,90.98868381810635,6,4,21.304041847640704,1
56.94808468140726,100.19259834892452,6,3,34.20942303531771,1
39.58924410803716,81.17295831588127,3,3,30.98260584850735,0
41.51342674497993,64.65851650311903,2,0,24.496103585816577,0
34.03037496800472,71.42943094763707,4,0,26.061081240458805,0
66.15974985068178,108.37555763904022,1,7,34.57665965770428,1
39.76539710560408,74.77040827223121,1,0,19.524212386600073,0
79.67897588023504,131.7224585919095,2,2,22.783243178460253,1
61.20481994275707,97.45429710963779,6,4,31.969856280592534,1
60.94165934768766,94.9235809000775,2,7,29.49196471633929,1
63.64897327001911,95.55400252130707,2,6,28.894163084255446,1
70.81762143093715,126.36100292277676,7,3,25.276129337685177,1
43.66117253566327,67.86607781392851,2,1,20.910103873064227,0
61.799606755513224,111.42824093018622,8,3,31.763199141633585,1
64.1457516035633,112.40716408371996,9,1,23.743397975892638,1
41.05908539487239,61.797586705512984,2,0,29.87986070959698,0
49.37197976787901,130.20323183854237,7,1,23.608051795376443,1
43.110349951530246,83.28933319535409,1,2,34.833802313044735,0
51.37189806908322,117.37058205143981,4,5,27.795223212033918,1
40.36717259620559,66.63621336889597,2,1,23.53429228120676,0
54.36217251511293,96.93622805326237,4,3,23.98566794642998,1
44.35562351715846,66.73976467832159,3,1,30.092091895947757,0
66.02145852228846,102.18801897392342,10,2,32.056028030052815,1
50.13201932844078,97.65543867845835,3,2,33.769898440992385,1
35.91299551546325,63.90432171164017,2,0,35.2225699312173,0
35.96282299265193,68.50994800636134,4,2,25.522219532268327,0
65.93055853526332,128.0318812111445,7,1,33.46307139230698,1
55.17900556308354,120.02674561656913,7,6,14.28061570229283,1
63.553161368698056,132.23631729978104,8,3,29.217314053976544,1
68.12502307195577,122.81189073133366,8,7,29.591077254023737,1
57.44138977688995,122.16465029152619,4,5,12.164059626593957,1
52.217883865919994,126.0993305133401,4,6,20.628426814379957,1
47.92823246442866,77.79566727240382,2,1,28.459828579071292,0
30.833294177467835,69.7191613440702,0,1,25.887900338088997,0
55.61675756634452,99.9620639374708,7,3,30.06895591520148,1
66.02707567987754,122.00683594297658,8,4,40.40973498601554,1
58.5826550790819,123.73340953699885,4,5,22.2619053942301,1
35.046538056811485,76.29413584886788,1,1,36.570047373219495,0
56.75199468873206,81.79901832356722,8,6,36.0702460643833,1
37.32020427295354,75.40024231616923,1,4,29.97201990585477,0
41.86217323491106,62.09933674864722,2,0,27.989666277416646,0
50.584303097840255,147.30815861912723,5,5,32.150607749473046,1
30.16821705311999,90.56207129940321,2,0,24.483958171391585,0
65.56132198664112,114.3654950892399,5,4,15.866281766969355,1
34.57087435557408,76.79373282956503,3,0,24.25602982420672,0
70.94903697677702,105.01490651160216,4,2,28.220380390125108,1
58.49712479193025,136.78341896896004,10,5,33.92099898681307,1
34.2723089100054,56.366273752788416,3,1,22.996630044407183,0
84.90328160835072,132.12054284103107,4,4,19.06354081378644,1
62.509785463175255,97.73092812120521,3,8,26.043277904374982,1
55.1331938825653,128.8879546097664,5,3,30.059788264898586,1
48.101120666194056,126.16010959912198,5,3,15.351378693755183,1
47.827620146171704,69.34249738927012,2,2,32.200072250266665,0
39.08401690639806,75.3450564848055,5,0,34.43827712936918,0
31.1856653556448,81.44135202616418,0,1,29.62783285449977,0
58.53403805432575,98.37134465832287,5,3,31.62150709689265,1
29.301896719618803,63.70525039075749,2,1,32.98860233456304,0
40.82597190060289,75.68936674469641,1,2,30.909331275292477,0
41.01911363763733,75.59109202614528,0,0,34.362707957152395,0
57.160413866074734,156.9112939306257,5,6,25.895490416622053,1
42.71680096189967,63.37376241054153,2,0,32.852993342965796,0
45.155314569940266,71.08542676028438,2,0,33.47498950388437,0
41.65990165284507,71.90499679779066,2,3,34.4433137677548,0
35.999807178011764,69.36475425384644,3,0,28.62148903539567,0
45.22948357747935,55.51943627959311,2,1,25.786287049925292,0
44.61985229292202,64.97724825492114,2,0,27.536223944029604,0
40.952119449625286,74.49218721285034,1,1,32.26754356277234,0
39.12822871048582,72.25307922040942,2,1,28.152365355833208,0
70.42622429852851,128.79248700589176,2,7,22.113103272484636,1
29.66072636782004,74.52033344585769,1,1,23.799698537647078,0
35.97445380056854,79.57882228176976,4,2,32.04514026871318,0
43.10336048775339,71.77701000933254,6,1,23.323278206449494,0
36.46073661628408,62.182874793880316,0,0,34.39796293993183,0
35.7980423189728,76.76441816494771,0,1,31.062870153161075,0
49.084233171061754,106.07601242016005,10,6,31.47697324901782,1
43.79856147742084,69.05541285557997,4,1,32.09804986012059,0
36.47565773092255,52.70102168273153,0,0,28.845448731592224,0
75.60681441894343,124.0666055234555,3,4,20.810936935932673,1
41.619000638029725,67.0851002100651,1,2,35.74382850186052,0
36.801177362779335,59.97528068394105,2,1,24.491034010400533,0
34.4756860346874,72.20541427013868,2,0,35.89862604180355,0
62.07966394914953,120.79818295655309,4,4,19.25397985885967,1
58.88759744170241,138.07643480175042,3,4,18.107416506069164,1
53.6598124230783,113.64602127407734,8,6,15.440678170668955,1
61.88364636088892,64.67452062857333,7,2,25.76148354697776,1
46.484972732805545,69.77131937701118,1,2,27.17357611800459,0
37.268777758737585,73.91804005402547,1,0,25.029468834789036,0
48.774665358236206,70.18401630783438,5,1,31.01164398211401,0
41.70575987408322,72.7669079933002,3,0,34.13591624518012,0
57.00374192490173,115.17023450311123,8,5,25.761625967937857,1
39.44534032185245,79.76309126481102,2,1,26.20433669223151,0
51.441767655126796,96.89383404074479,9,7,27.339103353112087,1
36.89576200874442,68.3185618141521,3,1,27.639547111514364,0
42.79724537997519,72.36581750876198,1,1,36.848543889848905,0
40.23218274078074,56.40143859020081,3,3,33.731267830136105,0
67.35131883726663,113.10514841590505,7,7,17.44110286552959,1
39.249478892072474,83.52028476180715,1,1,31.410937037152134,0
64.73079393406721,109.14014502386087,4,3,23.632267541760832,1
36.32704211600976,61.89747562985619,3,2,31.897410285827537,0
51.207686203745126,146.94997802512526,5,5,21.184389390030866,1
68.4061943237769,102.5559151972063,7,1,22.4980946628051,1
46.94388091978866,106.425782505929,5,1,23.66831408910749,1
55.48643056111611,97.58943310065374,6,7,29.40422563735492,1
42.62132338821584,64.90804759514536,3,0,33.88765620407472,0
70.82455328133126,71.6847546602143,3,8,27.769191843340597,1
52.1567407216157,103.65975005121751,10,6,23.98324094021508,1
58.843290264111566,143.12958521757952,9,4,17.137634643872357,1
40.57430734106948,85.51262854732971,4,0,37.445225869422394,0
46.434874819247966,65.5536244175436,1,2,32.067174516118506,0
45.37716531552519,51.008236120845325,5,1,30.392146995093213,0
87.18501854130321,126.82599230302137,7,5,25.16968169837834,1
51.442690991900264,108.27279204961765,5,2,25.8492346257959,1
45.66885048433532,75.93556722280861,2,1,15.298056826678598,0
39.84530501422188,50.39841991706168,1,1,40.30279308308026,0
74.89005899184423,105.80586552404954,4,4,29.70838032610367,1
47.55701012927006,123.01267639673564,6,2,25.705537508513643,1
71.69803683227784,115.64319125658317,6,4,37.21208709052674,1
45.733119582809636,58.145376464049,2,0,32.60484082787414,0
60.30157258499138,129.89297204383706,6,4,37.365582602293436,1
42.77688408403454,63.77129503576716,1,4,37.102521239949276,0
53.45854082715893,102.99254464790468,6,4,32.644747487876984,1
63.25381975568891,105.57172706691077,6,7,25.970516285970593,1
48.02193883857085,139.2140936500009,6,4,32.20589170668728,1
43.0394825485827,71.86609123156359,0,2,35.36815874929886,0
44.263868375611096,74.84732817294474,4,1,25.768216725045633,0
54.589334788445996,91.42596333873172,3,5,26.80273207190289,1
44.38912584240057,65.66349673228153,0,0,28.288456806878003,0
63.76701005390746,125.44453938595002,12,4,30.43957580925679,1
66.09337749036001,132.38931233430097,5,6,15.64402049779556,1
42.6858921381288,77.12628483846429,1,1,33.79773234789021,0
44.3679470781769,70.09144345740137,2,1,28.172303515837285,0
62.029653755934504,106.54117608752826,5,6,15.753851512358777,1
44.40502595742061,89.244638140737,7,1,30.174263462910975,1
39.98958101289908,74.14541814379788,2,2,26.138479873367622,0
58.167351752626324,102.94450675278769,7,4,19.247296201050577,1
69.83992294750946,134.7402471415491,6,6,15.199504937718936,1
38.037644469695636,79.96570510579447,2,1,27.66752310385901,0
56.980612790957366,167.36656924566446,4,3,31.34751091052679,1
45.022964545632455,70.96828177409517,3,1,27.480766235875613,0
70.56147357758734,124.46407414195684,4,6,17.40940154080014,1
38.335697978087445,69.06613141100051,2,0,27.353339437758144,0
67.65036001673077,154.87009958779225,7,4,16.06564855561424,1
32.18727071556729,64.70947322653706,3,0,23.334213446731724,0
41.63910586421542,79.2427013953783,1,1,25.52326838818488,0
74.55817429850077,118.75366008385225,10,1,29.542173481326873,1
38.86869564413124,77.56053322078647,1,1,37.843893020514244,0
61.457365021696816,133.37816451855412,9,2,35.47729750193332,1
29.579435302507058,87.24696649761108,1,0,22.234339733155853,0
64.86272270988007,136.51995247334327,9,5,30.014380563782876,1
41.65286696312718,86.33948183523648,4,0,38.773877724232925,0
66.94755448476745,148.9171949615786,5,7,14.910184688372038,1
35.30060106836322,64.86133082663306,3,0,24.70393239055524,0
73.38821473374074,133.15031213812648,8,4,19.865197858318563,1
62.77050168179909,110.54927352977488,6,4,19.860866937152903,1
37.580570829728394,66.7965269180568,2,2,32.12082973200958,0
71.28171043851526,117.82385106444552,5,2,15.229475584652604,1
58.31742403596916,82.92660137528608,9,5,13.269457515944495,1
35.96818651431849,56.54416599895034,2,0,37.83898065598236,0
49.38397906279033,62.26210800896427,2,1,23.776726483442914,0
40.799281959987,59.72324859074042,4,1,25.28074647288141,0
43.402879699629054,118.62064826093601,6,3,25.112176976066124,1
42.993695079965704,60.79761470223623,3,0,24.86815396167054,0
57.80318138783649,133.0977471116791,7,6,42.48190588493898,1
58.44406812108179,129.98816735559586,8,1,15.292622524136199,1
45.60515333662236,70.00207064918197,0,0,29.953498394306926,0
51.27811935851399,117.86627357040321,4,3,22.2463239157874,1
45.73704665095803,66.95776118828186,2,0,22.945877509560624,0
60.058796603718,133.81223798819994,9,5,39.683866323037286,1
62.986788477691185,124.68567315699858,9,5,25.51237893701186,1
43.037834321656796,54.80820017013823,0,1,35.74636663142838,0
62.54117095208508,127.11063467268309,4,1,29.872457919539343,1
54.79474702931044,115.10028655217083,6,3,25.611300927451545,1
59.00571378270051,116.82923655273046,9,3,26.9110750224607,1
62.49192687038232,102.1835214012371,7,3,22.218737232140466,1
43.06920670737712,83.57880788099988,0,0,27.8334829654872,0
71.41844291431373,113.70847871012174,4,5,24.798381137279048,1
41.08229294790988,70.45571839903813,4,0,26.741998261970913,0
43.07885574885571,82.03884437168816,0,0,30.002639794282988,0
65.76895616700682,124.79331151829815,5,6,24.588170021079346,1
66.95302029774555,98.40609588254674,5,3,27.605167336562758,1
51.35674136577199,102.33875242126066,4,4,25.736950367367747,1
58.235472477861485,123.70359095124918,8,7,17.12361520583594,1
65.46659609212874,128.8611650326549,3,3,23.4592038812162,1
34.414293365617446,59.87905114202423,3,1,30.348734244205247,0
59.34197040262838,124.5967629444501,6,4,28.440118576260815,1
36.44350687619731,64.13435920437281,1,1,29.01232387151516,0
59.741784847179055,118.69372910785275,6,5,38.159121845947055,1
59.32231653709717,122.36602811417521,4,4,27.163048529420436,1
56.63279249140048,96.59370704284629,6,5,28.299738839354937,1
32.86810538859296,77.8136222236251,1,1,24.070697264348986,0
66.80063465934043,126.26521128359101,8,4,15.238534517985169,1
57.435523339790514,100.92868834312296,5,6,24.311249120741333,1
58.2325462004831,122.86686350754589,3,1,16.95204768971816,1
48.30650865304077,66.65752908849632,2,1,28.41076546744708,0
44.20764171019879,63.82363390605753,2,0,28.99625418223568,0
58.248912610750665,123.64670022425574,4,5,14.62438003425884,1
34.96942053458252,59.49088042171813,1,0,29.826575563066093,0
61.73933260549371,115.10064766371649,11,4,13.68879248812669,1
54.67360103918583,135.9777477018546,4,1,24.375576916158323,1
50.12154811643426,56.368259954071895,0,2,32.12943603096518,0
48.85215758283359,66.90907490803079,0,0,34.01906525688129,0
37.69961872933251,69.33612382410028,1,1,27.309813784312887,0
71.26895594756735,118.11380553756341,11,3,22.78028017198224,1
57.238682356401625,127.3388180261449,8,2,25.39104757891148,1
37.26746302745623,64.84282930066998,2,1,30.12109728336379,0
45.212458086697104,79.03532490625842,1,1,30.09500165531075,0
34.817120418218515,83.13068515588715,3,3,26.74793482645003,0
43.42115854643201,122.31047762525381,9,4,29.62294655158918,1
81.78358950179442,95.06827929672839,2,2,29.33764182713697,1
43.17723014157179,58.82581826486604,3,1,24.477943612442076,0
69.2133246643798,118.46845411662842,4,4,25.26287153662394,1
43.642967969589854,111.31523670090142,15,2,30.014316890017966,1
41.14657064217324,87.1266771283857,2,1,34.55681361087361,0
55.28086145795514,130.48033220275565,3,6,32.39911398063695,1
72.14658259653851,127.59682869761644,5,3,30.515518767472372,1
65.1587303164338,145.29977030501846,4,9,20.16901413715774,1
49.43843828670095,75.56553124533758,2,2,23.322592154500544,0
45.808243071102964,109.7092536444723,3,6,20.67951427346427,1
43.46459311515805,63.94139179241107,3,1,38.59688953103648,0
55.603163322681326,95.31611078937279,7,4,35.5388163433408,1
57.85787585020124,139.8405482998347,10,3,24.25997382709232,1
51.31098960654872,106.97608557602501,5,3,25.684693051653152,1
60.363931810646015,128.37504634817557,2,6,24.961077944463508,1
61.117229516522805,121.10005117167205,5,3,31.781389269769473,1
40.73396505992775,86.12220628255425,0,1,34.48419657932766,0
31.488933669599945,65.3718431366049,2,0,28.092379304042137,0
39.752681451737836,76.74819492166604,1,1,30.83226104106528,0
49.570156769333934,68.09317599236654,5,2,31.087164365898616,0
47.71533825929542,83.23263807151237,0,1,35.815818760774796,0
42.129218293149144,74.18205755887972,3,3,32.611253180088895,0
70.69325886207187,143.22958942536056,4,3,27.241516045641802,1
69.1694552243955,139.10558021716787,10,2,26.03948464639538,1
42.648465664527215,44.74281366397512,1,0,30.319783934554664,0
41.373709513731725,80.68959535275138,4,1,30.455941369218912,0
39.7714988445161,62.35008051243872,3,0,31.403182022450682,0
43.275203068908944,76.35661596750961,1,1,27.256254332925906,0
37.32099268473851,52.92642042407053,2,1,36.93628705526298,0
56.83962518264346,124.63570252536053,1,9,31.82640379179336,1
70.99587985142047,132.10014603246543,5,8,4.398009041697868,1
47.420580142679825,73.5561334878566,1,0,33.092441902282374,0
37.05045351067122,78.44283228097417,0,1,27.249423585317306,0
65.6251215778884,157.47645725582242,5,6,12.788045336713747,1
31.85203507011836,75.518636553095,3,0,31.28014867156938,0
50.92663083777768,135.4377065419195,5,2,33.13405392989847,1
26.72411976218265,73.45517943888767,1,0,29.193571441669953,0
61.43291209094774,106.9259670276405,10,3,20.88563866520188,1
59.02141294293804,144.69552594112497,1,4,42.791338927031546,1
41.90769281294666,76.36596325821829,0,1,24.28136896339669,0
64.57565057578,104.8930294229388,8,3,37.06571031184368,1
55.007210301394316,95.67908765816746,7,4,28.036244546204422,1
28.390217913290947,75.41842089336318,4,3,38.20579769545787,0
55.81717930370971,109.00648787262334,3,1,19.41022339808867,1
44.31798329623295,75.79643229322647,1,4,38.6944983189879,0
34.127647366166414,64.72223135754061,3,2,33.85719495957912,0
66.60738866424522,145.24971863891295,1,3,27.74937854135787,1
56.83016257518592,136.02569000541024,4,8,29.228846227119625,1
46.491958495451996,103.19928866295191,5,4,18.72708672419241,1
43.54501878794256,69.10264305712774,0,0,37.200586077247365,0
35.914556844659046,76.59245668432405,0,0,34.68785068813279,0
43.837173645764544,65.30525614065049,1,0,32.712800217929825,0
74.16564520587039,94.22793764435946,7,4,16.58037763748267,1
64.42519325103368,111.77699552749841,4,6,10.455317261006623,1
58.915789848169034,131.5847187666106,4,2,29.923191430203143,1
36.88650240089703,67.91877749642725,1,1,27.534995326705836,0
43.5012147668121,68.67700556057537,1,0,35.897200603606436,0
49.732714187573826,67.39501438061278,0,2,38.634169211093806,0
42.00671813512395,91.82507024177087,1,0,26.74290998192776,0
59.56530816201036,110.83698332689298,5,4,28.54111227542042,1
36.61803848970365,88.00940432910815,1,0,22.042976762518556,0
63.36429364723256,147.7216365615833,7,5,28.780124612061986,1
41.520964597767104,88.0787615879919,2,1,31.753925878774048,0
56.414203069598805,109.61624506101155,5,9,11.217538003087418,1
38.736571559995184,73.9208452970087,1,1,29.83156736545642,0
57.046981815420054,116.39548792277628,2,1,20.17621741594747,1
30.6673169146347,69.17319314157301,5,2,29.39126245808358,0
72.32259183855909,111.70234131979095,5,2,23.222338055219353,1
64.05936742266631,106.2611290910636,3,5,32.940063557217485,1
43.40750348686312,70.28318376130461,2,1,30.148780697478728,0
44.272568046824176,118.75708991196127,5,7,32.24590241323713,1
40.377168194507966,53.980341881028316,0,1,32.121171298559496,0
45.54091408368758,59.60094072874469,2,0,26.881155196520975,0
39.52814124982309,69.14106750282208,2,2,41.50205042723485,0
42.36916460455894,58.08696502797351,2,3,33.28276804316915,0
51.410490728657976,121.21623814351236,3,4,30.24309768551892,1
47.186781641667636,70.07306372740632,4,1,27.573182260854484,0
67.14550677765801,129.6284118428796,2,3,22.048739902822163,1
71.46906887054303,92.10505439175301,7,6,26.313966136895473,1
35.53772080321548,73.55022454421517,1,1,28.894434523557493,0
65.25760881036842,117.91096939998621,4,2,10.501740821936735,1
69.94240865647954,144.26575613663675,4,5,34.94129457147364,1
31.345634481172162,84.44338791981811,3,1,34.90773688365041,0
42.483570765056164,68.61735698828815,2,0,37.896064077536955,0
41.702946082002484,73.90695920928144,3,1,23.367639358444585,0
34.7875756288643,82.77926829238166,1,0,37.23488942176866,0
45.05731517704178,83.41475915530881,1,2,28.01147943046541,0
48.52507073603515,66.9919668778307,2,5,32.41124476340329,0
56.298106816029296,115.39427488612348,11,4,23.021916318181116,1
41.345120340687664,72.43637047027521,1,1,36.93379033065577,0
36.40796367215401,78.94924376944441,3,1,24.062007904852436,0
39.97718585504852,63.17657398879846,0,0,29.759022572320934,0
26.74515095803494,80.91506851922462,2,0,22.962441526410892,0
65.69565973373813,105.46423422693626,8,3,31.617182398651057,1
56.453892281456774,115.67137324268849,7,2,27.096727521302483,1
66.87866849173966,128.52410065729177,5,4,32.604664978440866,1
57.52280228809551,137.19041362520122,2,5,5.137454910218349,1
37.46462192238247,53.31548448088952,1,1,37.56798987326389,0
61.81204281692231,108.18787042668367,8,4,15.23951033331537,1
35.990860783251534,83.84015718932679,3,1,38.53302476839231,0
66.37361541656594,120.2277441381065,12,4,18.176353968540106,1
38.96261238658064,76.28625232841216,1,2,23.653023966921978,0
39.042335880433534,70.57474003024296,1,2,18.58598754979601,0
62.124935945380265,129.8664476422556,4,1,24.513273996304115,1
71.13166373564754,116.81633535240104,6,1,31.502475424492925,1
55.57944523104918,91.90491253604068,8,6,39.31137090039961,1
52.095977455976474,117.79210873847983,4,4,23.0243158565374,1
61.5003102753117,135.06564952144697,8,5,20.09624220393323,1
39.755514082629475,55.94810153196425,4,1,27.369188232262555,0
53.025802072245895,145.39988453610573,6,8,25.214726232494964,1
59.00458141514865,111.4645895658721,8,5,24.387952698559733,1
37.94061516938766,65.12393775927507,1,1,27.837209060901895,0
63.551886572484236,115.79237123063295,7,6,29.41857049880248,1
36.99680655040598,67.08306250206724,2,1,28.852747730840218,0
47.9101909148189,66.11930810202585,2,0,26.65799015848366,0
54.26741209260716,132.1439165395783,9,5,31.82999364368475,1
65.30180661215414,107.89290025530995,7,7,23.317702337968896,1
60.59203209554292,121.45104649107022,7,3,29.3161677028019,1
43.51820807896588,71.59158945332106,3,4,27.03822022173973,0
41.29861250860741,60.956833748955916,2,1,29.257242974964754,0
37.09928174248612,83.69254797421875,0,0,24.307163134751903,0
38.064346751052426,69.54588782067762,2,2,27.53438588800114,0
36.00851377730773,56.20680771985473,2,0,26.345349800290403,0
62.90492502195619,124.66664986714792,10,6,11.772454955326928,1
65.66073457579695,137.67379271322002,11,5,27.856951389448493,1
63.7844074258657,134.05990937731315,7,6,21.328030903630644,1
44.91345491972757,86.65474444462576,2,1,35.07185032509065,0
62.604366522576576,153.65881913254574,6,3,5.918218049303672,1
41.21669724661346,67.5876394214367,1,1,31.760276982571483,0
38.909770523038134,61.52366071380915,1,0,26.7395555570347,0
40.82380420618259,70.50887701856018,1,3,21.99548010761742,0
83.83243971041111,118.33060638592039,6,2,18.9529382352301,1
57.09150364357945,110.39051654796057,4,1,27.22192791452654,1
63.74152083087108,139.65908869220195,5,3,33.197713801686916,1
43.23581348393522,71.26094827824029,3,2,31.404959338675162,0
52.10445810798755,86.1631300335788,5,4,28.017067844910535,1
48.382186561376415,73.26927373764163,3,0,28.90449735595568,0
72.25731015686837,103.10358466675866,3,10,19.02425814198444,1
62.15242154412566,106.49759658189505,3,4,22.10585907569743,1
44.25323833891125,68.43257924217724,1,0,25.4612190992654,0
31.27834640360871,75.8224447756376,5,0,27.931972332891778,0
53.73131954012974,121.96471693795554,9,3,19.004803434279673,1
29.347167600964,77.68207216631737,2,0,31.07698252728144,0
66.91255985711157,124.59201829654133,6,6,23.38258324211371,1
45.949556986205835,80.13675740543863,2,3,32.757381376197614,0
40.89637302213342,75.32859892813458,2,2,23.730958831033714,0
43.38679760843211,62.24965810576276,0,1,24.80728089578014,0
56.83773161587055,143.8944614404107,7,1,35.25647352436967,1
44.89429025390898,70.85318142565023,1,3,25.95867139179537,0
54.32455074137219,129.66893148622765,6,8,19.601597903154968,1
60.07619326346886,117.79534526929294,4,3,22.32858233210752,1
59.75797870619664,117.19449556687918,2,6,38.68297838082901,1
39.14907688737536,65.46771950672725,4,0,26.415888396985977,0
34.509272609845766,66.38188660767433,0,1,32.8045972397062,0
51.659378442635386,102.4164936984504,4,2,26.267439199397575,1
40.922756515985185,85.42109952567876,4,2,40.03046444079561,0
54.595550725225685,112.8895269613037,4,5,31.404464360824818,1
64.41508777457723,130.20345312626444,5,3,33.04770413215123,1
41.58573492355237,69.54138740630978,3,1,25.843646130238447,0
52.626775041773904,103.42910542353488,7,5,29.615156836579292,1
40.77518311797759,95.69926839690334,0,1,24.464477726999892,0
57.55848923615399,135.7036769173221,8,2,29.26668231646021,1
45.279378043953976,119.51579083425794,4,3,29.055932880292787,1
72.39472741416847,108.97794439184463,4,3,13.403152363082867,1
67.42412527321349,123.1273795586337,6,6,25.114619693519057,1
42.797885307552335,61.86469650633764,0,1,33.410347450313154,0
40.16362245770354,67.33085287985679,3,1,31.354872694230963,0
44.678391965737305,82.71555094994159,0,0,33.60836032021618,0
71.62204436100947,142.93121775811363,7,6,24.432678246947795,1
53.90065639517668,108.59454538175804,5,1,22.24471892576893,1
39.813888817450795,77.2762954363698,0,0,30.259729429036497,0
40.960245582450156,66.908835357975,0,3,24.64702830882199,0
56.61551519179376,124.40015312890844,1,4,37.78198048218732,1
48.610643028424846,67.71017138509754,0,1,30.450214188266433,0
36.03359053083163,75.40112711683126,1,0,23.587506894392387,0
41.34330713341886,71.03544138639393,4,0,19.188903895411034,0
54.37031680534854,145.38519858694806,3,7,26.01028530208226,1
40.8484689617601,62.99884126794992,3,2,23.05213766618202,0
64.77842693465215,110.42246963584188,7,3,25.451766441068056,1
49.897081970174575,101.55710623173921,6,4,35.72666267811336,1
62.397181502698785,133.98652306432,3,3,22.094297977256414,1
40.49033769769472,82.95871781863015,2,0,30.458762422241865,0
35.6184066601291,70.37660233167938,1,0,24.991899950525422,0
63.690908168640746,131.19574621475346,11,5,24.19617302439645,1
45.77177169204462,65.22618269424679,4,2,28.48837878961846,0
37.959495804198895,60.04184605209771,2,1,33.255681209118286,0
81.1030540180816,124.52810071081518,6,4,20.79730014990226,1
42.073239925523914,77.51130847805851,1,2,33.120357075597376,0
58.54486465189303,122.07285955176022,10,3,27.873850597293316,1
73.09391969464512,117.25048935710704,11,5,24.861439588355044,1
42.88278481527883,73.11250154543536,2,1,25.94747076510391,0
48.4515437265302,130.3031283480434,1,6,31.29068412237422,1
65.0858122115244,112.51128578258017,6,2,11.887319217265937,1
74.53404503660084,100.96063342135344,10,0,35.75309740998462,1
40.61773847977791,89.54157433750287,3,1,27.471266478690318,0
38.2599345685158,71.98558362896291,2,0,36.706559598500675,0
67.70002308640082,101.60730963280974,8,5,40.37652238485268,1
36.00444714587368,68.35464341950303,3,1,29.425779902584882,0
58.438377705366655,109.10914055044185,6,4,22.145910879119672,1
42.07432750180955,74.63288530118106,3,0,21.726358617950012,0
65.32017975555179,141.45544198677533,5,4,23.398410445299582,1
64.38655702043599,134.24391857046732,5,0,24.58409373109254,1
65.85280881726752,133.9690439399336,5,5,30.12336934320657,1
56.61873577106303,108.8936102896931,12,1,22.301334068894718,1
35.702499800999114,75.25190390337728,3,0,24.310964201731828,0
61.67082834027465,120.87319090627585,6,6,23.257184413035272,1
39.09387913390948,63.506269616785744,5,1,36.60652016136506,0
40.96146489070948,68.5177712240823,1,0,30.204595876978605,0
75.41028683884315,121.21915751386604,4,8,33.2519041081795,1
45.4982348789241,68.22267878729345,3,1,27.948083456568497,0
37.81640131979702,69.33867385374178,2,0,33.720959857499686,0
51.532474930866776,82.5290847376059,6,5,19.669991719020913,1
36.07754678378945,81.4460628205009,2,2,31.048566495986833,0
38.702043243181976,54.96857046881894,1,1,28.84532734895661,0
54.90034780545909,132.12616765399045,6,4,24.092932222356126,1
36.32720951567264,80.13455821741101,2,0,30.884931557275305,0
38.95522922387993,91.10135582085623,0,2,36.98298445790632,0
37.36960983894021,69.85980461742412,0,1,17.878798698635293,0
49.91030518518153,149.59216132077134,4,10,27.906236216261505,1
36.32348269659024,77.21479323757343,2,1,35.36443371496447,0
76.82938482449376,128.9459560367648,4,2,13.536765577803298,1
41.537033489045506,78.15737212539297,5,1,32.45487475819126,0
44.98004329694335,72.88653930807484,2,0,30.37388133960984,0
67.28172626931796,117.2470774176427,10,3,29.687358426661987,1
40.5287689563574,82.63706677654669,6,0,25.768420112671322,0
34.653565722905874,52.130542686601515,2,1,31.587266306250875,0
36.0755084345888,76.4828043384386,2,0,33.61190678913886,0
53.57252580662994,128.5683631535436,7,1,34.7345051716497,1
50.442213864349625,54.140166877620416,3,1,20.600378074304775,0
55.20142884866351,110.14297556582913,3,4,20.115967672712287,1
33.62083956715031,69.69855730479149,1,3,27.161471078906573,0
61.41409682600211,120.33525832449548,10,2,18.093386805931228,1
55.16816090714221,103.47774364534564,5,4,38.28521104861094,1
48.86125798334872,86.6125921454787,1,1,27.714518717068643,0
65.97584672083768,120.47237343392993,4,2,29.83051573435629,1
50.370413348749864,60.80615408413577,4,1,27.760427601565077,0
64.6730518785505,129.2079951921117,5,5,26.407104864960573,1
57.13277139589689,101.62500167009924,6,3,23.198139749705273,1
33.47765249747573,76.69672548830039,0,0,31.83299123048424,0
40.802869905249324,70.03046020153414,3,1,23.165606507922895,0
62.7202768736459,115.58579081157976,6,9,23.421546036657546,1
42.46417074976095,98.6664824773969,12,6,24.98864798125634,1
49.05752406296759,69.17352214961811,1,3,25.854915401708187,0
67.41005992867514,114.20996136525841,6,5,23.206890897449878,1
45.80699393715703,61.88742880862807,4,1,29.803463561861843,0
34.52299548495382,72.98391846566304,3,1,34.12374503286149,0
53.47699497347103,104.00647602151162,5,3,33.67708804509093,1
38.14838315701352,61.66441012720733,1,2,30.955495340099517,0
58.79805608961392,137.87561245660598,6,5,24.413974281055516,1
64.30013701578514,116.21926313047716,5,3,22.341440305356308,1
37.41194350481914,72.23787951638899,3,1,33.409457448131555,0
70.17332186637199,118.22377342925807,2,8,28.30924281432987,1
56.36773135744445,134.85357680557775,10,3,20.891240190353745,1
46.999029928939805,121.2436777975806,4,6,23.58362765190939,1
37.71675301819455,136.47294177365117,4,2,14.127017232311141,1
43.34370827796256,59.08299123860686,3,1,28.064501487627997,0
53.68122048760596,123.53082390822019,7,2,15.719443600520266,1
42.02025428407269,88.8618590121053,3,1,30.872889064159196,0
40.10971904107666,49.35042612415265,1,1,26.570009791402892,0
