driver_id,age,gender,risk_score,total_trips,avg_distance,avg_duration,night_driving_pct,route_familiarity,count_DISTRACTION,count_HARD_BRAKE,count_SPEEDING,crime_index_area,accident_rate_area,avg_speed,max_speed,avg_accel,avg_braking,avg_cornering
873f0854-c9ae-4e3c-b04e-e59d9cf28c77,58,F,0.09,37,91.50928033632887,37.775962465722046,0.5266237972689596,0.9423153896731928,79,42,4,64.22579302592308,0.1323964657220156,45.533032254906104,99.85210278430714,-0.04438009698672871,0.18552061948080206,0.2028715726374392
95562c96-f0fe-4d18-b65e-7ab20d677443,48,F,0.32,9,64.35232074910886,10.113242783019674,0.24606965879799825,0.7838426767676738,130,147,183,78.47550868011979,0.09679760304896277,80.02488924361069,71.95475726449884,-0.0566087508272241,0.18324154441860227,0.19736208704323827
6320210b-5a7d-429a-b3b2-6009ef316d64,34,Other,0.95,17,36.90725642923433,27.48321116044322,0.47669547504115917,0.3548413602568904,108,123,19,23.1319177426983,0.12237506303530411,91.70944184585298,62.697686495493066,-0.04239893081519178,0.21318891465286496,0.18510280698285483
0d668988-55bf-47f7-b92c-6f40ac2fa419,62,F,0.95,9,83.38519648515268,61.539335844544276,0.3943653238183502,0.4121309302627716,2,96,168,60.93163283759663,0.12600089734741188,81.19215637923074,67.58138887887064,0.011265601451415863,0.21907177491310345,0.19636340594539506
226b8b91-7576-45ff-ad3b-e75f7be67236,27,M,0.57,11,39.4906251585336,113.87339984536129,0.5494142384304533,0.5496160437189245,26,89,45,48.089248478061826,0.1080855906767144,78.80927933376998,93.75331207638284,-0.0941689627955822,0.19618900255318633,0.1941750873194454
ee2ebdb6-4463-4c18-8563-361ad645ab85,40,Other,0.63,15,8.251670527950267,21.24129816630909,0.7468757161358227,0.8305344564048399,113,38,11,54.75051532248333,0.18598583160082444,82.68468058502852,105.90961972900598,0.08144978887128117,0.18350599344778612,0.19211319555914969
1f92be92-d590-4867-bfaa-a6992aa4396d,58,M,0.45,24,83.91217812369872,103.96307519077226,0.7154909070992744,0.06871283251826776,106,84,69,25.120480189059492,0.05240927974715093,62.55386738104511,116.42515243804482,-0.06874325809004476,0.18263247042762304,0.2092351849328883
b68ed926-34da-47e0-9078-4f1eb2336b91,38,M,0.29,38,37.79325376372118,67.97265058330483,0.5212341324853343,0.4242968858848881,39,176,16,22.58041711201637,0.16732568946368695,91.19194775099182,60.94939031980925,-0.05598226462572269,0.21565272825441195,0.20802902085137054
7fa981da-07c2-456c-a4a7-4fbfdb5522f1,42,F,0.33,35,78.51427970412733,100.85128423798862,0.8223934188170581,0.08261766345926869,160,191,114,60.011999633055304,0.06865742468619865,44.240553259526386,91.36560849371219,0.0036552352895292683,0.1985525699891072,0.20356080363923645
f26713ae-917f-4a78-ae6e-b853afb6a84c,30,F,0.67,30,39.46199999326482,42.821187408899185,0.43086209153803334,0.5146575865735116,128,61,146,69.39856578924307,0.16963210408057994,38.91704912002375,88.25204137339061,0.042022953267455865,0.19280109266249568,0.2175465925317349
617530ae-f3bd-4823-9dad-d4718ad5e564,30,F,0.75,31,86.80146189759856,102.39418811397191,0.8967142898401224,0.8989008240062354,7,105,153,66.92092009597803,0.1423867873515082,49.98561460829581,99.36330131854224,-0.08085418905112055,0.199058450849576,0.19399417536723418
62d8edb5-1521-4c96-abcc-d1039c6ce0d5,43,F,0.79,49,25.853499882691075,95.0105058018485,0.07128027005516391,0.7824849245639379,100,106,47,52.62834367197424,0.17649171364046037,67.21041777424952,93.57473126792051,-0.03646106049056757,0.1927321637876939,0.18975207750840717
ba098529-3f0a-4c8b-9f5a-960e892f884a,55,F,0.79,5,97.58199019389264,35.30590513345773,0.9546600300333075,0.22784241754310997,159,53,107,25.99200926817069,0.06462714884613463,65.73932567865367,101.22234903494883,0.09373492111487143,0.1995614310123048,0.206236132523936
b6b842c9-6409-4da2-af8e-c32135882c69,59,Other,0.09,44,79.07708360486292,24.446863905031584,0.6546930814313482,0.9759908495987925,123,125,51,61.28266663016083,0.13384709511496612,87.44191303736106,99.48495508495142,-0.047531406643810864,0.21438225587671747,0.1879525624374961
3ac54ba1-24ec-4c46-9ec8-3a3767908cb0,43,M,0.49,14,15.852602962437699,105.48597547855222,0.3800745089372053,0.6673503980464284,175,8,95,34.513333013248754,0.12516318203932958,58.31980594828122,67.02070349147677,-0.037389970987370624,0.20369205484248382,0.19260042028733698
14f12100-d202-4943-9631-27801ac5e8b0,22,M,0.06,11,58.74877889682325,115.9560318784145,0.19715412657287734,0.010427699397403067,106,87,69,74.66412216604301,0.15592897744450382,63.9041098404056,107.98307481712317,0.0672996981236067,0.207786150912407,0.1889840976029954
b1004962-0ea3-4c60-ac32-41c76a1c09ed,41,M,0.55,9,98.60989466296479,13.443254512226787,0.4791832294435999,0.2554134846852195,100,36,182,70.2959215727423,0.1301435827840514,30.935737828157695,67.39395454297949,-0.08995711366190895,0.19458682704937347,0.18276614270874003
4f057204-cb17-480d-a4cc-531bed0d2773,21,M,0.44,34,49.751218005912364,90.43970736710541,0.19455832318530097,0.26071329991991654,3,48,101,62.56297802524345,0.13111018506996563,58.68174655100574,101.91183751254823,-0.007077366238205829,0.20954023514042075,0.21309994966542695
f6118f94-91ea-450d-92df-9eba9bfbbb04,43,F,0.89,12,22.30017818805041,110.04769620426002,0.16633160774314215,0.06925430628585993,197,40,74,76.93075734986782,0.11443939153640971,75.34419630652394,84.9687220584364,-0.02407664710966595,0.20666468339517488,0.19018162171686645
a19777e9-aa8a-4988-9250-6f8753442ac2,63,M,0.35,35,51.05394487928289,104.30961013017485,0.6173517574129742,0.959826518075929,109,16,160,21.885309290676375,0.09632516360110113,31.085583143861452,90.83104407459588,-0.03668264801826977,0.18478247991008226,0.19892110013372083
9a4e68ce-f3d7-4547-ae27-a58e13df63da,49,Other,0.12,35,53.68347730878255,116.09725194972295,0.5230847245817847,0.47825529457592375,18,87,189,64.17202550364571,0.12233965418782884,49.661737563037065,114.19788086254263,-0.042860081191047096,0.20290571412462338,0.18173261093017248
c501ac66-440f-4a49-8dc2-1e7d9fadc22b,57,Other,0.14,1,75.46025970172323,93.61034862819069,0.6700960346109417,0.895814597371882,31,20,150,39.81456676018432,0.06777385381526009,44.5569451502573,113.39302358840919,-0.08172517902791816,0.19026973985239032,0.2079735786501057
04d73847-cf60-4f76-9c28-f8493f3efd17,21,M,0.76,40,71.39035605028592,58.65286386190013,0.9296058774219892,0.32221550344462835,136,50,142,74.36395314118191,0.19422700084746275,32.93898002367118,109.07137833930177,-0.037034834129670235,0.2121638267853437,0.19322244009225162
6936490e-dc03-41f7-a0a0-2a675a88bf14,40,M,0.62,22,43.242254141713154,44.31471895446435,0.5322602133390402,0.12523357043282712,11,58,154,36.00051179971865,0.15716161454398975,63.548206294017625,90.6089028273794,-0.0913895194568663,0.19703750833867759,0.2097894691131684
d8de7bf3-df50-4d81-a569-b93ddf294d50,52,Other,0.1,29,25.712195211938216,45.28170144819402,0.5809320532627977,0.4743361099062139,138,166,191,63.491389958901024,0.19287006750317703,42.720630525970954,104.17438860802999,0.05619277272888706,0.2197873666078595,0.19649612241871464
752ee9d0-bb90-4020-9411-0ae44caebbff,31,Other,0.08,8,66.28014593808629,89.68649398755286,0.08962633915494211,0.11395663471431716,45,182,178,72.65882117904688,0.0840091073494945,82.01570777419661,90.77382333112857,-0.020354441208397668,0.18370001751755854,0.18783022425622498
9e145d2a-dbd7-4a17-97a1-a5c31d5e5b61,41,F,0.7,11,45.061873782561776,92.04207132340608,0.7176357859086295,0.4860155029775399,118,40,180,22.499409102960946,0.18190115302647922,89.3549518634344,112.17636494848665,-0.011219233536017682,0.21121391450960633,0.20052700329128142
c1fe397f-a5db-4059-b19d-021624598c79,63,Other,0.07,41,17.566240056906388,32.03950579035839,0.3999052068041562,0.9202971812194077,15,38,81,43.85885477552217,0.17131849768453078,68.19096278684034,84.16654999397399,0.07871891729002632,0.20694806934168625,0.1852201823854976
faceec0e-a231-4367-879a-e08ef9c28a73,44,F,0.82,37,90.55436861745663,105.4935094839584,0.9767252386625789,0.5207681418342127,128,140,91,65.73854192131633,0.15157286186865107,98.7195139764799,118.2141206648926,0.03161099677224415,0.21069995322362822,0.1976215663949198
cf82dd0f-c696-4b53-820e-129a3ecf968b,68,F,0.71,14,70.66607647291717,88.64164442224724,0.8231740155956603,0.6164997268950835,62,191,178,47.295133370455225,0.14375437791278087,61.53350000294167,115.93936549373265,-0.09838817933157605,0.19230119181961824,0.19269221909681947
5d8cd350-df75-4c4a-8e07-fba568487399,46,F,0.08,30,69.90246636232074,71.90253149777209,0.5224810405161183,0.1566384369738083,108,10,174,36.03515778761572,0.0974824497901805,65.93577471574409,104.49615716710713,0.088634964592257,0.19968217957529602,0.21647838336798533
e372eee1-42e5-47a8-b821-9e288462dd87,61,F,0.08,35,83.14546821160903,61.8685706112764,0.12322265417216605,0.043735625879969486,118,146,3,33.1883209293914,0.17246161774475463,99.2452427770425,76.76495305056432,-0.05257110680445776,0.21186034078894833,0.18243714886882878
7014fe56-1c38-4f15-b434-1ae709d82274,47,F,0.99,21,55.317859472232705,69.75560863689539,0.8594157932805891,0.11080796217980704,20,138,134,27.891096014982676,0.1252273192219601,46.20839051755342,67.8992153275955,-0.07847716304802824,0.1893016532648342,0.20776069656422969
d2f91ecb-d36e-457a-be0c-607f828a6f31,35,M,0.37,37,82.43017069823343,27.517031210719093,0.7997810954240216,0.5985315756843657,157,76,108,71.42777359137693,0.06063373638369281,95.97821577738337,111.28220700559184,0.053625635676176446,0.18904132787154607,0.18731004663949744
7359417b-9d17-417f-bea7-b6b0b6788017,34,Other,0.37,5,52.31862158354554,32.407137420390164,0.184585129537033,0.09501169899230466,12,126,162,54.52132419509336,0.09692947412826951,32.99862885833793,69.91813716827768,9.546317334363508e-05,0.2020420381317973,0.1927618029732896
3f185362-85e8-41ae-bf30-1b33ad1de847,66,F,0.81,19,11.381662991992458,20.028093944681086,0.2952782892203101,0.3759928899413114,161,45,47,24.58309669948736,0.19029456478179915,61.24708231842364,111.25564733984014,-0.013245886796396489,0.20094254318119423,0.19662056252248264
3057145d-1557-4f50-a4bc-4b71260e13de,63,Other,0.95,14,43.49856836263043,26.902384197722395,0.7934072581478373,0.550091940458156,3,44,72,42.95481941423812,0.17760203909072697,34.9002458493146,89.44590040274163,-0.05009938406345165,0.1912904988165173,0.21632060357499897
0083fb0e-9c8d-466a-a31a-eec4a636e2b2,22,Other,0.99,26,52.259164928089604,59.906299806581096,0.18522844654740966,0.38865279862984703,155,0,71,42.06401904830659,0.19728585471148088,81.046432003955,84.39340702848625,0.009494297972463728,0.1919230260209929,0.189703130642953
bdcff929-e127-440d-b7f9-9d189a67062e,56,F,0.75,4,73.4192452550681,68.33898331010818,0.9177524891713773,0.16368380146530148,101,167,115,30.90435144256778,0.14419900739061473,72.58862551160124,114.19144673006575,-0.04512307895948251,0.19111380652826263,0.1836523521017868
2ccc082a-6cf7-4190-9cce-23de6cd7bb76,26,M,0.38,25,15.124979362224064,11.96480817261513,0.4245274251963619,0.2737913075141065,58,107,172,46.13045752833144,0.0871265109710618,79.46439844273175,96.23105895241667,0.08031660105741352,0.2108604824799395,0.19274758415962093
999e3e19-96cf-42df-b71d-46989007c4a5,40,F,0.08,45,18.301761172742655,97.64776106504303,0.08703896258765864,0.928317532848577,127,18,80,39.92596192358819,0.07442225745152957,56.213627997761186,94.59684042778306,-0.056959104053361444,0.20607603462249843,0.18418703882142132
1d1813ec-3a2f-45b9-bc38-fb275ad68b37,28,M,0.78,42,30.04996125028856,42.358477067782566,0.8157486435042809,0.6759822755863554,26,75,80,40.50822232953095,0.07803716609126925,55.86373538219662,93.52595667746385,0.0768710300911507,0.2132966873364101,0.1851438594384221
55d6e10c-ecb3-4055-9e4f-355535c275fe,58,Other,0.56,25,30.31734737023381,110.30196384559022,0.3735096830383876,0.49604783867988655,68,71,112,64.34159346727752,0.05296934875208816,33.172349527262625,82.27017096117189,0.011881085145471393,0.21901892113256088,0.20295402391900105
cfd12350-72ce-4f19-b483-007da7effddc,37,M,0.42,18,74.55753495361093,116.42623899751555,0.526499194153781,0.012714889986893518,24,199,95,33.395803130311776,0.10860231664789088,54.496145767074786,107.13858621174764,0.06569762677904821,0.19896657185087946,0.18243607732397973
6976de76-93d8-4c32-a079-edc46ebc3b8b,23,M,0.91,40,28.819412753351788,30.400476214431976,0.11230434441121917,0.9924154004894702,130,188,71,58.51159753132132,0.07871415207493139,95.05018815834416,75.16790664094638,0.042569199172191,0.18266775525621795,0.18123723525574265
902bd80a-e711-4d8c-8692-788197976e1d,44,M,0.11,8,65.14431601895753,60.83070198422267,0.002584014844982385,0.6714549348946433,96,108,146,54.23897743285609,0.11174831906850538,56.54585760263143,116.3336976024765,0.039339022287349715,0.1819236924164814,0.2085765640588199
6e6b09ff-07fd-47f5-85b7-3bf944deb997,33,Other,0.49,39,51.95601576313578,10.135501868306848,0.6379852057932976,0.31692247734494494,195,11,62,54.08555074027204,0.19024916477581483,88.1957394355379,113.63911230281765,-0.035130838460988856,0.19182660157086476,0.19446588379364177
80c9d182-4fa1-4fd7-bb7b-90d40efbfa42,69,Other,0.01,40,59.462965927043065,75.81599916346697,0.5151751703337316,0.8792686599978382,24,188,37,59.78044076850656,0.1145810314260785,88.96278533249539,80.24881954049388,-0.053220613705559305,0.21730178357409805,0.18501501396935494
e42b271e-0470-46e3-b463-2111d63bdf38,28,M,0.47,14,84.6201615019381,76.80370930889383,0.5935385691231472,0.2584316202918181,147,160,66,52.902922171739235,0.18169767454772526,56.126880946546365,103.76782618989982,-0.05782275446384238,0.200928522198835,0.19014451083438833
bbf7a1e8-92d4-4825-89cf-fe0778583924,45,M,0.06,32,43.41624264715731,37.229395116371265,0.7937438503805163,0.5440165791827516,161,44,186,72.75530689078307,0.1408257149923815,74.23920762773324,94.39339166697549,0.07143833141191773,0.19087146064320515,0.20568346029409595
77f2a331-aa2e-48e8-a7fa-504c6cd66041,21,F,0.12,38,78.23658082110569,71.42539398415177,0.6466059134228601,0.6360707637298251,153,89,68,60.53480551701559,0.0870697331992088,36.6760121591141,80.25895811995407,0.06408536405180401,0.19596667178044078,0.19102146268563405
0e8afccb-5a92-4c3b-8e2b-f46a17eef950,39,M,0.12,33,45.0934256573153,34.8094156688109,0.17477344282737717,0.22106337145372845,125,102,12,52.81779508228329,0.10337821388888171,37.257500651399354,119.3112988797268,-0.011885294397538538,0.20394380429618683,0.19978084500481633
06558e1b-c28d-47ab-a54c-6bf9dc36746b,47,F,0.65,23,38.6177807733187,27.690801598600906,0.3607725191105998,0.9783972788005959,132,196,174,69.78578721725869,0.06258793037321442,33.40603645631993,61.51424075089585,-0.07351907730070908,0.20611798632551367,0.18486781226906687
37074067-0bd7-4967-9db6-02c73951deab,66,M,0.75,15,96.06958184475596,81.66714134824912,0.9058911047877604,0.7481919059789975,188,7,188,56.36879389600878,0.10001938903940158,70.67105653625767,75.1587618372772,-0.023549549604508325,0.1861567803913162,0.20352374550421787
493cfb40-4f9e-42f3-8b5a-34d93d26042d,26,F,0.58,33,22.515237464501507,45.85180103472824,0.7699447002516789,0.5578132255110699,8,152,30,37.46865486711074,0.1516311418255301,59.82496843382679,91.20444366666902,0.02386869082738228,0.21908126706180703,0.19264310735373055
ebfa028a-ceca-48a0-aaaf-b11dd261bc42,63,Other,0.96,25,13.582011254872748,74.92903327741847,0.5566370579367172,0.18059459817530088,115,90,113,32.425695090594274,0.06081666393941528,68.36226496649681,91.31718020871384,-0.009119369104009433,0.20179088907931156,0.20507873738114865
a147620b-82ef-40e8-b08a-966b3971a110,27,M,0.37,17,78.24366292587045,57.657142386882114,0.2556449978092723,0.053858206998026126,177,173,21,29.13966713976073,0.08081021127170442,66.47512333558716,95.33598449673384,0.056037853696599,0.18542753271169116,0.21233579529216093
8be14f15-b6cb-4720-bd01-9799a2adc0fb,66,M,0.29,33,11.4837220086387,118.27865481431944,0.30206050183479505,0.32005983252098347,133,86,92,73.96731275276609,0.10721615621199673,54.51420937635112,105.10057032137516,0.09952456445027709,0.21574541013384535,0.2044658567755997
4ec25da5-3707-4688-a984-996af0326468,54,M,0.87,47,84.52250411678779,26.453870693432233,0.7319580675856345,0.7531873359134028,59,157,170,62.60812590788395,0.1973074305523944,77.4231390376431,97.40866983115778,-0.061773582310220634,0.18298553724317715,0.19182990250380083
f2672570-1002-4929-bf67-76997837b036,33,M,0.22,2,46.53337265393814,61.10584562993912,0.8511742608527708,0.26933129830202507,171,174,66,76.24270628985924,0.16772927344383204,83.09513166414735,96.01688763168222,-0.008069836068085512,0.21630941732710052,0.19022974806193202
fabbb555-1915-4945-9d75-2c7d7e56afa8,36,F,0.96,14,91.97379934273184,84.85022889952577,0.6714246695306144,0.5395562204955051,120,176,53,56.19750834289658,0.1600230119738156,31.0239781214373,63.2108677747826,-0.013803219615835595,0.2198626262515593,0.1930968383493379
fca4a08d-594e-484f-b8b7-b7e9d9aa61e1,55,M,0.01,40,73.54562180658104,53.50995922679655,0.8095299757684418,0.7279471767307432,138,174,137,48.40405288969475,0.0674286434788169,44.50696098382148,82.5918172673579,-0.039101493450209836,0.20801727196626016,0.18658482052946018
09c0d3e7-83a2-49e0-8355-24c103901880,69,Other,0.97,40,62.98844336575597,117.21698370577589,0.766656135200406,0.10794371464646435,193,83,41,23.58298933825336,0.16714938404224874,79.92651076583358,73.92334438206936,-0.06038089665594209,0.2108178888429596,0.1872468740340008
0e795dfe-4e7e-4086-8d64-22e61d2642e3,59,Other,0.04,39,95.18414572048773,89.40763907196286,0.14970396795695773,0.6852980161158734,174,81,63,60.29853689276179,0.1677903217274023,57.063412084368395,75.92220669611852,-0.08686157670206816,0.19349211345869946,0.2116276440760067
210ef1ec-e053-4f1a-b6d4-630c520d9c7e,23,M,0.89,6,42.68169043994516,82.26822433209423,0.423944812913302,0.0918708877100447,107,145,125,54.93252558609387,0.14016540434364927,76.37387628591257,93.2602484604207,0.07742386344473969,0.21766307410935734,0.1953893030602978
951b6dfb-1515-4917-a883-aea2702e8635,21,Other,0.53,6,95.63825897126515,93.27651943723457,0.15298380082856267,0.9651297421269965,107,193,20,79.41253361525729,0.1985542672997558,54.28738618141909,71.9703188957765,-0.01603026046273648,0.20118855864433471,0.19743980722282342
32760059-f375-44f2-8b76-dd16cd2df8c7,25,M,0.99,3,17.82512135501466,114.79135018425887,0.2352355848019848,0.4883941300649396,130,67,193,34.34952666693458,0.0987880858886828,57.352860663074594,77.63694606101384,-0.0006208962999902257,0.2092955378639022,0.20376197862267245
c21d5215-76b0-4555-be17-51eeca4eedd2,61,M,0.07,7,50.956719483579214,109.86005182831042,0.8692596246510526,0.15067610770987738,75,160,168,51.84424131721015,0.19119086723627776,41.10752115827795,74.22508251104041,0.08338840964018318,0.2169643086364512,0.2035861398060619
49284ef7-15f8-436b-88ba-e010af518326,23,Other,0.55,8,30.641566127258514,89.67138389390531,0.47289196563318214,0.3423836360335465,29,126,151,59.05744010708436,0.18720966724347557,48.0761713766312,116.91017659309168,0.05525809550318957,0.21900719903902033,0.18269507486087702
38fb6ffa-90c4-44d9-aea5-dbd92f4f3675,48,M,0.97,42,56.285063996278375,92.40778030114114,0.5353581018426609,0.41341644929526145,20,163,34,58.67547048454062,0.051722098962406676,72.3788230255311,116.67994393026571,-0.07389974717656315,0.21332817426386697,0.21326163145350663
c99bef6b-b003-4f6c-88b5-da05f8c9e059,37,Other,0.52,15,20.391318399700538,26.051428143866,0.17844596522777212,0.7581850110765374,155,81,183,53.67761257690417,0.11751747897122167,60.321417792061645,96.5964935157631,0.013083993521548477,0.1921207002792812,0.18709306212895757
2d4d57b2-5dc9-4cd4-b91a-dc0ee4bb6557,45,F,0.63,47,84.94531772945412,21.307164494193227,0.312271786048796,0.7434237860766093,189,146,29,66.61568061963352,0.19656563495773602,84.20118780612167,115.471348123914,-0.011549544696088177,0.2186619006620833,0.20892286544198677
bb5a3eef-bdbc-4324-993b-69e846e79eec,63,M,0.7,29,85.40874568488294,72.79949520285807,0.23024616842786993,0.611940505337331,160,155,56,32.29887257160898,0.06546820436121137,89.68094684568399,107.1487587281024,0.05944221451575256,0.20512478124974287,0.21090683952512665
7a0fabdd-8943-44c8-9fdc-128f8a5993e2,53,F,0.45,33,95.7474497087305,12.0204400634594,0.20618616451842642,0.10593071255849296,162,167,46,63.537632016464954,0.13216770415749793,67.9152492751732,95.39687296810853,0.044846509522389846,0.2172256990540784,0.20859598136365254
5fb8316f-6987-453b-9be3-6036d66e9321,29,Other,0.63,30,19.69385338390744,63.05920197067507,0.6379607933159701,0.15156937158767358,179,83,162,57.18407428598535,0.19684362605616562,83.07871044392414,60.386112689807746,0.038081144382214396,0.20704420103257407,0.20315910586216582
31a4e6b7-05ed-402a-952b-17d5aeb0c7a6,55,F,0.58,39,64.21659233597411,33.13845379107555,0.2568838476457148,0.09375692064555663,33,112,18,73.7645067076744,0.13332431361587904,51.4833159236199,106.35097716476425,-0.03189103290402062,0.19228955847390883,0.1805843598843553
f5d9c3f8-9328-4006-91b3-521a8d1c833a,33,F,0.9,27,50.05254432653511,48.06182244093235,0.6320154860204185,0.5771727832875501,40,75,113,70.8316663420149,0.0784722954458234,59.047985078005475,102.14930049530813,0.060992746079850904,0.19480098096571263,0.19441501969452682
bf5ba9d2-a0c1-4fe1-b6de-3a8d1651d8ec,50,Other,0.05,36,37.71645454420216,95.33852093722517,0.058454614108553904,0.877138441511404,50,121,7,38.9088223479532,0.1373274845138885,79.89443733517817,96.91521919694483,-0.08952174088102777,0.20201887108411762,0.20419357717450323
3c6f2338-6643-4503-bc2e-ff22f27bbdb4,67,F,0.28,29,38.39631530775079,113.53612546556252,0.14177439352710186,0.4338005122547718,174,142,25,36.574239498509186,0.08066608609243203,57.034839497192145,105.6254587009483,-0.06807501971356655,0.21160059366239528,0.19549805183690155
f64a6ece-2a88-423b-8aa4-e3fda15d1dae,34,F,0.95,38,44.215387307641464,17.965789936097565,0.2745402540001254,0.1608481739577462,81,40,112,78.89919943114687,0.12795563943417265,71.19534546112922,90.77532988648595,-0.03287534540441766,0.1927193020536134,0.2145391957965125
b91e6998-6a2b-4cef-882e-24b280e7d505,27,Other,0.89,33,71.96792722045053,68.76664265740897,0.5970469168956917,0.558042325148967,57,166,70,51.635910854915394,0.061106332686852206,42.9760945357758,102.24499627928034,-0.08463851178614375,0.2031892466453677,0.19235209101398462
6f10f124-ee28-425f-9ba4-99b65402d456,33,F,0.46,37,61.837175535474685,107.078683440156,0.675841245087376,0.8117522168657099,74,1,29,74.38525783486621,0.1408224003821607,71.98399204793486,116.1103252035896,-0.05300114449306168,0.19382499974305606,0.19174139169834642
9599fa05-d72c-4aba-a374-9d60fff8d516,42,Other,0.62,27,48.66974371230746,19.07593878844634,0.4427169667795271,0.74171206151293,184,190,134,29.83286142682893,0.12751849086922373,90.30595950588256,82.54830095076518,0.06603019659958363,0.2126307761854043,0.19063990772370631
c48d69d2-aee5-435a-a4ec-21e505d2106a,59,F,0.28,33,12.213673985114099,100.69654515865172,0.44579091457722897,0.8814507796750214,22,28,66,58.56913488801046,0.1610242053142195,90.8047747876398,102.48731009403753,0.08965030755801587,0.19866912375071802,0.19331123475843182
8393dd3d-2ac9-4fa6-af9c-cbc8e85bf040,40,Other,0.19,4,12.387707687500923,49.35814860210985,0.7245168513986181,0.27790209724886783,175,104,64,68.59161124163518,0.14460507067381778,80.70410844306778,88.54126908065753,-0.03907952884516191,0.1830689130741154,0.20229619857256748
604621d4-70e3-4955-ba99-aaf5bedd0246,35,Other,0.46,22,5.222242109448935,45.430417244126886,0.01582109176558244,0.19395386726777486,127,193,35,76.84371497518681,0.1324409402796135,82.20273653532882,100.4639791088389,-0.04709683920223236,0.18664210085926145,0.20828061177090362
02fd7a73-7543-41cd-9887-004fc74dff3f,64,F,0.35,2,96.93144187967322,117.52130249462644,0.34109002447422054,0.8798164859419387,149,50,24,40.24040846102141,0.1534668273872182,69.05492116054904,105.77360013326185,-0.04402146955071462,0.1824441867047853,0.2065027167095514
c1597df6-9b76-4e42-b2b0-0399ad36e6c3,37,F,0.58,10,5.499112763046567,32.09449988485236,0.8187070571192328,0.6575603127780231,16,74,36,63.498870195443146,0.07159128703583463,70.92676631160774,62.727150026147754,-0.04445618252983124,0.199972117840573,0.2123087127992592
d6a0a56f-b6b6-4bf8-b38e-1405199502e3,66,F,0.08,5,14.793905871305764,86.2513334904949,0.6032194102133722,0.31092893000755417,68,9,0,52.328780542377146,0.13930394918879063,39.35554069873626,98.79602663691972,-0.09281396356280541,0.1842534918939291,0.21543655981989698
025a84b9-8ffa-4118-b785-668967daff9e,43,M,0.97,10,34.886672896894034,100.3584800810853,0.3372271327554204,0.7423480505725092,107,141,142,23.63773556398809,0.07581659042341665,61.07014318949108,73.60447106441667,0.08538326926622163,0.1845655987723853,0.21264316169373404
b79ad725-dc37-45bb-829a-1bc63dbb7021,45,M,0.99,33,81.70587392259232,14.530184480719884,0.9055247923296739,0.8151183844803679,138,50,36,61.399984238536604,0.18882833117778217,61.55433987204547,100.20195226845401,-0.05726037168593432,0.2176419304015351,0.1807578161349742
f6f3b7f9-ebb8-4e86-831a-3c6cb9036e02,44,M,0.7,38,96.39938464759118,83.74240041898534,0.7726227274493825,0.6149782403411324,93,117,140,61.405793494270604,0.060250115726840636,97.09484849674182,88.0998111560288,-0.01599918518371901,0.2149062028870422,0.20943671814207954
ff2932bb-8ce8-47a6-96f2-b6abecf5087d,64,Other,0.54,13,80.05128808522633,114.67049717908597,0.2648954472367334,0.6878841098799151,14,120,135,75.83640829079222,0.114556212453619,60.17608038363026,106.41316451189323,-0.09806262345180645,0.19808346387245462,0.18833598294473325
45803aaf-dce5-4d85-bacf-c1c99f44bb50,60,F,0.31,31,70.60322208233586,23.66419634008653,0.6452898375257169,0.3752599044426663,90,38,132,49.83874677013834,0.15436962164831675,68.45398514319304,67.40404891233578,0.07159101818301143,0.21943221283400824,0.1853171217083193
232981b4-8cd3-44b0-9cc7-c5c2552a3e4a,48,Other,0.81,47,54.52356340428909,108.58434329535422,0.5957507281889567,0.5386956673430391,162,27,187,33.81505524263088,0.11870333175023882,67.32759794953718,97.5793410993717,0.046231468890983445,0.18000746112682653,0.20553955139196542
f9397723-9482-4ccc-b92c-43b4d5ec06b1,34,M,0.68,36,13.236995126907443,75.42543011146297,0.4011879140389827,0.5241591707261622,32,2,127,22.67382940692075,0.06381428798493535,74.5733201931029,76.70824373565314,0.08935120703474064,0.20455917825093575,0.1927897278163078
ce3a2717-136f-4dc7-868b-e1f69a5adc78,64,F,0.16,45,96.02622533537338,77.82650400487215,0.36695607920480067,0.8480477911307719,124,83,126,44.93853120115434,0.13300685241900612,82.37629819323271,111.17891971983549,0.056323095839279816,0.2046571270948748,0.18228468653481772
8d4a011c-353d-4972-b2b1-6dfca18db048,20,Other,0.91,24,77.04727932483974,77.42385923521665,0.34356047477570395,0.8399639802821826,15,197,0,38.11500200465011,0.1462447863241032,45.75293133196105,115.70301033817844,-0.037258697589586956,0.19829772223479553,0.18550518937593444
cb52d799-473d-4c95-a5c6-3b2f7af0e439,44,F,0.82,15,65.70019160675487,42.87194749710452,0.6171557833956468,0.8326804693470432,161,154,163,65.66529836143253,0.15556884664857618,67.0107093368905,119.78389762074332,-0.050425328254315276,0.19587791891737172,0.18003717667479843
e39887dd-ee77-46a1-a9a0-056016da709f,26,Other,0.95,29,77.10840532619073,112.87219968294056,0.4424099364806695,0.011031614262465794,65,116,34,41.25606589046279,0.10598897216941384,87.81423951212213,107.760444145637,0.039543261510658595,0.1982153254192243,0.2161289450937883
366013ed-9cd2-4ef5-8a3d-89e20ae760cc,28,F,0.73,8,73.78981628094816,114.20855088941425,0.831863113251422,0.7495454844688882,167,1,193,76.94427177889064,0.13454899565431436,62.4180299686258,105.22404422568027,-0.027177444997900115,0.1965984174431872,0.18098471935364954
cf8f4de1-6eb6-4e40-990d-b1ad7323d34c,43,M,0.61,5,65.53700008000125,78.78351262353426,0.6696026161339619,0.7586763901110049,155,92,190,77.73861217926705,0.11760297124083698,49.49202824615011,72.93004553205306,0.013243003150523314,0.20921969909929197,0.18837823078038043
6d8ef278-4be6-4798-a391-cc9fadf380ee,20,M,0.42,29,98.15479601709887,96.17649985357761,0.06993160570943413,0.6783788228551418,46,165,103,57.254515413062485,0.15080840581283803,75.82963527494094,80.16042353940652,-0.09874850579470595,0.18541421739893135,0.19665051122751628
4707595c-c633-48be-a4db-173c5cfbcb26,63,F,0.93,47,90.81956220042237,77.34837844692738,0.6401682238281661,0.7562646578914526,166,130,22,75.71961722089297,0.1375335450987228,87.66371770593861,87.94095250573677,-0.08762285966390496,0.1879055688236452,0.19426285303803276
4db8ff6e-4840-4cef-abe1-bfc7809d9731,27,Other,0.87,4,66.43316731613052,63.283829233144466,0.2711474365001848,0.8419703714967087,197,143,8,65.65126067086973,0.12886343293387026,34.41982050491739,106.40286286693498,0.007073588236330242,0.18722072913569693,0.21646903507651102
dd08a99d-5e4b-47c4-9723-b2344dfaa341,43,M,0.05,12,70.85164508840785,82.69021301291758,0.5928119916534227,0.47031905410178565,147,93,33,52.81157845850757,0.08742865502573731,84.3753338385059,114.89795190467812,0.013214329289633021,0.19049882340485058,0.18161155782938168
9dd62653-5c36-47f7-a2fa-7510746c370f,30,M,0.03,45,9.90160163257745,70.83015978511543,0.6801319311034514,0.5020502134884471,123,39,173,30.818476125366686,0.05030277766223509,87.51535530732399,71.34834600137907,0.05029058889186873,0.20101033675126334,0.20048858830708205
57642a95-46b6-44b0-8940-719cee9e0e22,36,M,0.38,2,68.64215913225372,75.72234488951231,0.23082918915401207,0.12471405691139048,0,1,127,47.5158766108304,0.0761122512967144,62.30660493120248,115.34204908020617,-0.07360693607520766,0.18444834989352873,0.20721917850097496
7619aa69-b45f-4c22-8edb-36f6277211fc,27,F,0.81,27,9.195716582459516,96.22158087607481,0.45685864488036865,0.3853758830473618,199,80,3,53.652467801757055,0.0675599062136253,98.83139597729271,101.73747914124348,0.0026366167513557585,0.21472677181306016,0.21726791894724676
8ee14e8e-e3c5-4ddd-8a39-0728056ca43b,54,F,0.99,31,60.88505691214345,62.899421459388336,0.1903248628190678,0.6433651799117843,86,168,157,71.83769484410061,0.11736271175164202,85.06958384951163,96.64624384110232,-0.06111047111366228,0.1918944612523389,0.20481485008494885
a1026f68-fe8d-4749-ac8a-18d61ab60629,54,Other,0.15,36,99.93858245875431,14.482951670172003,0.05233887578650831,0.7803997761472745,127,11,101,48.880002592139896,0.1418387226142767,84.1563795426966,71.99047627691637,-0.08136077608746106,0.1865015194987483,0.2121502094404705
967cb014-a46b-4d6e-b8fd-490c9c31bebe,52,Other,0.59,36,57.80162523653207,28.039942908844697,0.3784764234858691,0.21720909769121055,190,162,74,73.8604803606774,0.08196275130272124,82.34870020884503,63.331501968549034,-0.017900841187889083,0.20702485238392973,0.18334899751381392
93b6d01d-1985-4d2d-ba5d-3919d7cbc54f,24,Other,0.38,26,49.95496121772667,58.24679381384922,0.362944271845992,0.1378228991592354,66,64,98,60.460938741408135,0.1908585643950781,40.54256722527918,94.10789391047639,-0.06733267038218856,0.18152345202397277,0.19543758043747708
b341f968-e7a6-490d-aa3a-5c289dd29753,61,F,0.97,43,34.721211368030815,89.73092158614641,0.995480490704257,0.6630420045004922,3,54,71,28.219943783220284,0.05100231938358317,45.206162051710756,99.09094099973355,-0.055643604361536286,0.20479874259496655,0.1949578853791627
8ae25e23-5170-4d48-95b4-0d34f3b443cd,58,F,0.84,27,16.449644984714123,75.26065131411966,0.44635235119764216,0.0018798835249106416,185,44,2,79.69888215950557,0.16584515227480146,62.479309202509754,72.6468869612813,-0.03648908402609965,0.20792793722706,0.2154515286582287
c212e540-221a-433f-9a30-d2ae2a1f7d6e,60,Other,0.84,5,74.44724878853675,81.53236044607993,0.3335695494722004,0.17837258430732983,152,100,141,51.633959645234754,0.14378071542956636,48.480304497162614,93.38737234952738,-0.048122319851360756,0.18859666125546876,0.186054846850531
37e6e7de-f0b6-4d17-8126-4a1f20fa5750,47,Other,0.47,20,23.29690763963489,62.7206821433916,0.5804750067166746,0.029071380343953734,46,61,187,43.51149778454473,0.1060332201571523,59.066868063382834,111.38960416575442,-0.08248174051881073,0.18167856293774537,0.1860754468934652
2fa87d5c-583f-4607-a85f-7a53974591c9,26,F,0.41,11,15.951792018492016,77.7316224136467,0.08876739410776846,0.16688511785487092,37,48,172,59.54682586817159,0.05757334166186119,92.19248769460445,110.1039567273012,-0.08201675102805955,0.19454581435677798,0.19314232599543193
ad9ff66b-dbc0-442f-ae8d-2e16fb0cd7d7,28,Other,0.27,10,45.06745267439869,46.19191815961284,0.9616657359548132,0.18131927992550523,142,126,33,26.533598838862346,0.14412298576764193,87.70288243154884,115.64131083517783,-0.06135011695316637,0.18394376920967745,0.1821786418946735
c99f2f38-1c51-46c6-937a-ce911ed9c337,27,M,0.06,40,80.55747460611425,61.72008519663316,0.6349600455910331,0.3876735947503942,190,152,44,58.19231880520126,0.10784202692984722,74.10279149359876,81.95314857341283,-0.08988816240809222,0.18465911398693347,0.1872983216260996
7bb9c05f-1dc5-4afb-86f6-1e81755cc244,31,F,0.86,38,75.78113207142094,91.87069721544512,0.7548378199408478,0.40232712468655596,20,22,60,49.89416002995638,0.1904400709119829,90.06842759757724,79.08297435305512,0.025291403935385426,0.19017044925779458,0.2186083855418294
8d40f1c8-35a6-483f-9c3b-530f08654653,53,Other,0.81,6,10.213848391415118,105.90160568704333,0.17047793817391754,0.8742624706102378,56,151,82,44.400444199914986,0.1312985112334649,84.86406723120744,104.96556035884852,-0.04253465669821961,0.19181871698507036,0.1971273575946869
d8c4d22e-5f4f-4a1b-b7db-6d869032a31e,52,F,1.0,8,48.23865007843483,57.702086735202776,0.4094778530052039,0.5101097124988252,116,37,122,77.18120127073395,0.19094772669402627,60.028945228862334,85.8667443058203,-0.0440508064461858,0.20119881364085682,0.20528076833689746
4aa88b8f-2d30-4cd7-8ab8-7c89c78edf59,67,M,1.0,23,54.63128472676105,14.802782347809732,0.42268911339618953,0.7234047656122863,180,27,101,51.352383003923194,0.08307255402099563,44.074560643496156,65.25291984166684,-0.03360034115244697,0.2071356754201205,0.20904445037378547
e75c70a2-002c-4f4a-835e-2b71c3fef6aa,42,F,0.56,47,66.2319318094531,27.783979856148292,0.8218064439010868,0.10413735792028744,45,20,15,33.147048768196306,0.1588588865546155,65.99407280065374,76.96806784022998,0.03255925484194433,0.20371083763480738,0.19467845628028801
9dcdb1dd-8df9-40f2-8704-0be4b4ea53bd,43,F,0.77,26,66.76589829210667,12.29472532206919,0.0012366797594094425,0.22543875546369385,141,181,65,47.537808762637916,0.14258735312730886,81.53602177699851,85.11493713188935,0.0741267762966981,0.18593441349158066,0.18588908297642068
1c7122c8-f14e-4069-bdb6-484f887c1638,56,F,0.94,46,39.64623869844406,81.85893211610632,0.30085310835325507,0.7029434409786768,144,106,167,75.16324427436035,0.1609112344746968,60.54937191107151,77.55098552857513,0.05181738651112769,0.18688344129810505,0.18826324064887123
d9e82448-cdde-4579-9642-81fb190babee,54,F,0.85,43,58.26433343033383,46.55460878906198,0.9812363743443039,0.05280396046852809,38,145,144,30.56572827983568,0.08220017959588052,76.67403368487281,79.9323342568393,0.045505846045019,0.2151507699917166,0.19253065906322442
82f4ac24-c5c8-4722-9cae-428258b4a498,63,M,0.25,12,50.70087896518821,69.67264992913043,0.4748865435062186,0.4865976622437531,136,163,118,32.83742232129421,0.14974917743566607,36.602919840373055,77.62655437046345,-0.003121762879830148,0.20233409260256455,0.20544273681408903
a20f9639-0c5a-46e7-860c-6b18e0a74994,59,F,0.45,26,89.0748438697117,64.26045314621796,0.38252628024400825,0.5993689656629339,98,98,161,20.781774065425026,0.12470605895853036,82.36033154599824,62.489950030984765,0.03876111139348235,0.21479751331590757,0.19593122196356216
906b3762-f86a-47e7-8230-efce258ecb4f,41,F,0.13,13,55.37518760031551,18.967913850766937,0.11982900201764635,0.602145644052481,76,172,123,20.851402963746033,0.16142374623594746,86.88995339251434,98.22568204946656,0.010552473606716628,0.19486186045279497,0.18027258791600512
c27a9130-76df-47e7-ae07-6bc7342488f8,46,Other,0.95,40,46.898055366075354,54.3587497236215,0.9741646286280156,0.02293281126804203,114,118,143,69.76349761751075,0.09905669662277268,79.47864990463788,95.83754522120816,-0.056749894362694224,0.20457600029725295,0.20093628740269887
6ebabeed-4ade-4c04-bb7b-41030559e877,54,F,0.61,18,43.42611771977582,34.26172374145556,0.02002635592582447,0.3221080042291855,133,72,101,63.927356410577346,0.1835085538197879,97.70845112684559,99.20300990872083,-0.05828232645178986,0.20094653664218443,0.2168605356762967
6769ff4f-6ce0-4c79-91de-8e57de44494f,20,Other,0.23,25,59.38063714617924,56.0239767534418,0.7371802250072431,0.636490651049154,150,180,187,41.3024633871175,0.06264519719170256,87.86564402224482,71.53859376201765,-0.04072159862494332,0.19276493959281849,0.21248310444034715
2794f854-87df-4431-b57b-82b38b4590b6,54,M,0.67,33,81.37781304308527,32.3936108376467,0.7685998047885084,0.14899973614924344,186,121,65,61.89866943365436,0.17107839781867823,93.21656095135768,77.73927249674912,0.08216053419396266,0.1987966148813438,0.21300845485038525
b04eab5e-077a-4835-8482-5e8f709acdc1,56,M,0.62,47,56.148141586174816,102.44976469046269,0.24365671606386663,0.6954156483280532,90,29,193,43.71235557859821,0.17919794387226365,95.34997584203536,97.17695561669534,0.009482968075945175,0.2000996350730773,0.21180232070424523
b3d8706b-ad54-40b6-a02e-6ad4f089d3c4,66,M,0.36,40,67.85724163265144,29.161267023607902,0.6715584436130373,0.7459252088136745,97,187,12,77.17380775986965,0.1725878467050232,86.0943594311666,95.97765410759528,0.046781075400373885,0.18803083899026715,0.19294923302441694
20c865f5-9d66-40a7-9018-aad08e67b6cb,33,M,0.11,43,75.09629785611988,115.68586066356747,0.09292914437938993,0.9819691904461453,119,107,183,78.02316088556209,0.12690895913926642,77.19811894045493,90.37981856125607,-0.030688248036690482,0.19260041489506927,0.21060775335017567
c98e0fa1-55d8-4cf8-93dc-66945300e08c,22,Other,0.67,12,54.415970438479526,55.74981027616349,0.25704726643207987,0.20984199485640942,45,97,110,43.567626548560604,0.1157577470046142,30.40030069525525,81.02479500061185,-0.018456845866954952,0.21165639002027903,0.18572645431244772
680a9527-37f8-4302-a9bf-50eb8269797b,20,F,0.52,44,45.547620382212116,103.08698212209542,0.787901988292265,0.8251306676661152,37,31,158,71.25331438045208,0.19943934297873153,62.607802725618726,114.77586028648139,-0.07488688427254973,0.2166315295781651,0.20630864589103814
4539ce36-3af4-4057-9899-c846ba4369f5,24,M,0.77,36,88.2832108969327,79.16413000265396,0.8646861920335402,0.520296576918654,141,194,33,66.38534250184797,0.08437579268212432,69.98136090356527,80.38621453793063,-0.06574100843566592,0.19439176374181197,0.20566274266739978
7dba6d2e-1dee-4afa-84fc-d354499b8426,45,F,0.52,48,44.66307798264975,90.88853285323279,0.6084864126597913,0.37346259614417343,99,194,38,38.59999623030736,0.1320313948814067,51.28211907135997,87.3371493862351,0.06547131096522911,0.19227889128836073,0.1810227919635894
8a5e7f35-8e1e-4c3b-93d6-996c1a0ebc28,33,Other,0.85,4,48.88457080468082,94.44962768734582,0.5068384318204826,0.12237675732517794,71,155,194,33.92238973406636,0.15060132880734886,52.267311283243046,100.68682985725252,0.016967726337776413,0.18780788658287528,0.21151880534363726
788b0cc5-7c02-4e95-a4b6-d900b31f9563,58,Other,0.55,5,99.08242476746882,65.53293700823195,0.1593040206189803,0.7355056064875376,189,171,135,47.49407902357003,0.15513014537921482,97.28115909971156,92.58128585200585,-0.03249350682323622,0.20713964674602325,0.21612992420380522
73d21d25-0fcc-4b25-9bfc-286483460395,46,Other,0.56,37,5.022564739709035,69.76305756996172,0.06310903307915017,0.2358575991436871,34,78,119,66.88093043686438,0.08060369986078682,92.41976056419222,80.81315858186314,0.06057024179910919,0.19292398806665348,0.1906966111388843
1778c0b4-5783-43f0-8b74-9592e44e8093,28,M,0.88,8,22.619926409788633,66.53954545895975,0.11764902847355863,0.37142200187304575,146,40,125,77.61006708372473,0.1480991138509702,89.4425303851193,86.1386874273906,-0.05069601887240341,0.21950998156396753,0.21249562896744603
b1cf81dc-7ba9-4c49-8b97-412105d6d63f,34,F,0.4,42,41.476569542373944,74.68642158990872,0.22735730009609878,0.06254222689736844,29,62,54,65.81474413199436,0.1727554349722006,58.420826119427744,107.66884907121036,0.09520653972004077,0.19302739208255812,0.18329623887447793
ed018830-5dfb-4e91-9458-d72c827778ba,34,F,0.13,49,93.59604139539903,13.233389033215802,0.34167450189692083,0.801366915819519,77,22,26,71.3124191011022,0.057502786523166836,30.95889852862402,76.68774932919675,-0.03103647845076605,0.19576544187130512,0.20399871433044264
7c673641-2223-4550-95aa-19249abd883a,45,F,0.03,28,11.652822046009748,53.50666868339168,0.3809095255109872,0.7665885239716433,83,103,117,56.18385837023099,0.1867281939987975,35.615557251899986,68.53531438660893,-0.03253780916975448,0.20413336784848138,0.19942587461337108
e7a8dc53-dc90-4743-b917-331190d32375,61,Other,0.76,31,5.901116194707317,76.68075849172887,0.34632176858900354,0.7336158300423125,112,74,52,70.12446985052755,0.05442560827178089,51.853745775232255,78.78979210978663,-0.03761761889265896,0.2120673717276522,0.20183694133236
deaa75c5-08b7-4323-9567-15750deeb523,32,M,0.62,9,10.004964417836716,75.74959217814508,0.2390553321972656,0.29944351049188667,24,47,38,67.06525148020506,0.10339565487325916,31.102003909697387,110.97205292927408,-0.07557769681514243,0.19878074661382533,0.2170482080753738
03db2bb2-07ae-40cf-8b35-fe3036b4d98d,51,Other,0.7,29,13.411624008293725,97.22517040661947,0.5097242467516981,0.17348007426595724,167,159,64,42.61913251557681,0.052371979434944316,31.200484734063867,65.3393828913808,-0.07777257053359753,0.19690624135155832,0.21485260988987415
e7b956ae-096e-4613-971f-687524b71618,58,Other,0.21,14,8.571693454594783,82.05102727153194,0.8252861082328968,0.6375532644702298,87,56,144,53.119418127243264,0.06157177528093728,94.16223111496878,119.5017644023471,0.029621006906824676,0.21982551334379233,0.2114033462895903
24f4826d-9714-4458-8511-3f2677b95670,68,F,0.14,40,50.579226051367954,119.13466479747396,0.2797035384714792,0.49616638411321945,13,117,157,68.28518731938169,0.1866752427770119,79.43109514833378,92.46017393565975,0.0750236089116094,0.18041974564559776,0.19094793830713483
c22d8473-2061-4bcc-a0bb-6ba41a84ee21,51,Other,0.01,41,60.17193468659613,41.223998146950954,0.9423870191022331,0.17825246690464158,153,99,180,22.763404051397384,0.10322912461192219,51.62691930477069,119.09074463802564,0.058104102054334694,0.21580261155404984,0.21647274514744366
ba2a6325-67a7-42de-a3d3-05b3fdd2638b,23,F,0.35,22,30.810262251555386,49.50661326328546,0.8733366617238478,0.6859112710498637,101,123,12,68.4847569413498,0.11371572956375794,39.28512043206672,116.33978532515866,-0.07177848119572978,0.18596563303758948,0.183900307698555
32da5465-ce65-4966-96bb-9aa17b22e37f,49,M,0.59,11,42.83730147768538,52.22318670545759,0.1617642113521096,0.9911264318213037,149,160,20,30.673287442941405,0.0823016572073829,65.81450025265539,87.16882285265501,0.009116424358413288,0.21143701104835655,0.21413316866235152
caf6175b-6749-47a0-834d-b0734cbd20c1,56,F,0.39,23,13.711436835585863,61.239408772227335,0.7862759567570945,0.7472195877420377,175,151,146,50.88101702728634,0.139564365528008,30.374231259805512,71.90946447632095,-0.078881690804672,0.2047172623938519,0.19312640289414432
86640ad7-fdc1-4a1f-946b-4677d733793d,42,M,0.44,1,36.9551940637001,101.95978701593305,0.5745873823177666,0.7399863866856118,82,166,52,68.49652637335626,0.13922048220166847,95.68896207007008,69.89308659390831,-0.09094107127738452,0.19367389141992367,0.18215089246647934
a87a3193-6327-4538-8eed-7124d1847317,58,F,0.9,46,54.639323205279695,35.93713033551308,0.5665753621714186,0.9503127529305917,109,33,18,35.22926468940169,0.1058300587737829,59.03705835722631,74.39936183219746,0.03127717187695345,0.21495499822084074,0.20677427936962994
b00038f0-e26c-4f25-862c-b36e5a915732,64,Other,0.35,37,74.56582168254128,95.36002277389724,0.3910427630581744,0.2029363675749022,178,183,56,34.74844635836918,0.09995523077080977,58.16344686661329,102.60795843387224,0.0070304667360700625,0.18051628911923967,0.18925119713263822
b11f662a-b4b8-41de-b3de-370102c7ca07,34,Other,0.51,21,5.317904394083026,54.584120139431775,0.5011529991820097,0.5655499649214404,130,155,24,44.165863907735115,0.1827446462270882,57.341552530724755,76.37699968388927,-0.08359526295770583,0.18906762608299693,0.18974284503458527
5153a235-f6e7-47af-914b-69f4145abeee,62,M,0.78,26,49.394522821077,76.20409220282093,0.39717877742921104,0.9796467150338835,169,164,30,73.67856785465807,0.10749263594633021,34.85298312714353,80.4855161762579,-0.09301215071880231,0.20267571184998143,0.19224188664915084
78596ed1-a38e-461b-92d6-2d5e291a973d,48,M,0.4,46,33.21527326321381,79.57945865489367,0.5397326187599428,0.16529411097017455,18,6,80,20.026566886232473,0.12402514882316125,74.68255678542786,86.92672823967689,0.09795128268186692,0.19406169040198792,0.18254739070010068
052b7ad1-62a2-45e6-b031-b19992170c0e,55,M,0.62,36,86.01807306073063,51.013350090782794,0.6279500527726358,0.700251959444521,27,195,182,74.08298579851609,0.0924957143637396,81.31025337398474,114.79396082528739,-0.09399573357018563,0.2044150998127331,0.18708508576793015
55bfa841-815f-4250-8019-51d1d61cae1e,32,F,0.86,23,72.97756494725299,66.38767257263856,0.6743038064090484,0.585810145971902,172,164,22,29.228421478496468,0.16801542550356913,77.32877783118032,71.36360507309077,-0.011094349389968073,0.18096440773634667,0.1802055851034224
16db4636-621f-4b14-9307-cd0872f8e49b,51,F,0.95,1,60.96531077473501,55.43342921124667,0.5324811925594262,0.586479092188707,70,55,31,79.40518256404893,0.10961722353486375,39.6904845330576,60.30159315658819,0.0009238049215391176,0.1846583572192685,0.19781638084423148
efc2d156-0d66-4353-add4-0db648aca1c4,26,M,0.15,40,31.340236341193492,17.60460648052814,0.7214220673287317,0.6976706275200751,62,64,189,77.29081958230809,0.1270416569816487,70.51881176249148,63.60578462269021,-0.076543970439911,0.18508384960873756,0.18337021509671886
cc14a95c-8498-4049-a588-c2243e5e7387,41,Other,0.93,15,91.48221469546576,58.08819276985092,0.1412780492755058,0.9296169228756842,72,192,73,49.680511375476996,0.08800357550894922,69.86391389205777,114.28598050080707,-0.06618764431205675,0.18757134583664037,0.20730610420176795
51d4f234-73d8-4cd0-8ba9-91d03e3ac5d4,47,F,0.49,21,9.284564335930702,20.713273180890738,0.21198249090223853,0.782581939851338,123,46,9,50.763214868757686,0.19814893885118778,90.78875515589674,98.85098789060179,-0.0296389987179295,0.1983732576320217,0.18942491404766593
0ab19421-a76d-47ed-ae16-143e6fd55441,21,F,0.26,47,15.399421874515939,54.55228789883537,0.8187350040742701,0.056136103416210004,118,147,199,48.892960416551254,0.09372436113855843,56.53893608629529,76.3824371596684,0.052335175242732526,0.21008514798174285,0.2177429657614071
2f514e11-fcf5-45f8-b57f-f375a1383e5b,61,F,0.46,9,42.20486335133383,75.221023981496,0.3225279778464152,0.8527280198757112,120,18,53,58.126618739571356,0.16561137963583278,56.004016056160395,70.63155006067147,0.0014164848120533425,0.21622155351715605,0.2148500650959461
c4c18905-f881-4620-b0d4-36b2db16a3a2,64,M,0.98,9,16.82156794320135,73.73563892778509,0.022893824976120247,0.22554132992573261,18,156,51,25.443302134095862,0.11412434755351389,73.29689411027299,77.65600419822687,0.02758037491059231,0.21341490121136986,0.19157763579872833
7e178e45-cb65-433f-96be-1b239a291e46,25,M,0.49,10,95.85949126814538,82.88834069091524,0.1537911496680311,0.37691416473637196,174,187,147,21.95707690049399,0.080932610762621,74.31508574496591,66.8878156350768,0.09703491101813495,0.18787551487102733,0.21132861818626714
68a8812a-9549-4b2b-aa02-04186c4d9b16,47,M,0.33,26,80.80898560362142,20.478765875008893,0.22361443449631124,0.46173281361238216,141,145,159,23.462175704953932,0.1699578145947292,62.849965912805324,116.49197461706646,0.05360108706264193,0.1976460220892253,0.21212979618659225
578c8a09-45c3-4609-a46e-988633f51590,47,M,0.63,41,29.6033519021723,81.73355700834817,0.9573228878945872,0.48090600075306966,119,162,113,46.66192095449086,0.10004101835435648,61.014155363129476,107.05237046191601,-0.013127700371756458,0.1879764639103414,0.2194625245645764
2bb0a543-1db6-49ae-9f8e-f984f44f7ada,63,M,0.24,35,60.91265175245831,44.336286236609176,0.5730414289308493,0.4351803992553568,165,170,13,36.532876353169,0.17977900210967168,64.59033694465178,87.74347061475244,-0.010711615640690253,0.19057887266668763,0.2039135994738274
bd455e35-4cd0-4ce4-a3a5-30870bbf5af9,63,Other,0.08,25,98.32139893260775,53.89505407508222,0.9327307404762548,0.9373532942158644,180,125,177,57.32237374225963,0.1872885777376735,90.27317096523183,111.89775630691211,0.023754415408201,0.20014187926047544,0.1832786293857465
99dedba7-c244-4597-9dac-5c8de9b7042c,39,Other,0.13,26,88.99890292249277,104.37848793149763,0.5751633504966249,0.7060190076640246,60,138,155,79.54653736248673,0.1789735753086914,62.2816830877737,74.96749225759393,0.03307304168378087,0.1827243609889409,0.20587348915705525
6ca513d1-c597-41da-9d77-97b7af80af40,49,M,0.13,11,62.075852412008814,10.993344454250527,0.4793544401378518,0.6311706459567064,163,48,109,43.179390384587954,0.055251187221020855,95.79522543788757,103.02723410833161,0.00014218516733426336,0.1887269731837309,0.2049991899350414
e13b5930-f82d-4997-a097-6d28148a01bc,30,F,0.15,38,90.8537768816507,74.7253896674666,0.31372769119409605,0.049842027782941556,167,112,52,54.4304752462708,0.16810600175076587,65.28026345174283,111.3679499408246,0.028972244562995988,0.2174151264522847,0.20553402309681726
4710ddd4-e2e5-4598-b516-8c7907aa9747,47,M,0.14,2,98.9725664322691,75.85853781101183,0.6063709444333756,0.9039133302603747,29,37,151,44.93623375444013,0.1117009199748716,96.4440485226624,81.40612269739636,-0.09529350111718025,0.19864465170633955,0.19228582592416846
7ba662d6-9c45-4b32-b72d-2e2040474609,44,Other,0.64,7,75.61851817489429,53.63257539779182,0.13919802461752984,0.9093901920083962,8,63,78,70.83630006331155,0.1810584380273338,88.2982331308353,105.44786672704306,-0.014075427220631176,0.19781546103911488,0.2143871834032133
64bad30a-2ae7-4196-a85e-89a6571a36aa,58,Other,0.18,18,11.173708900874932,36.07306428191698,0.898261627292706,0.7802130634301023,63,68,21,74.13418420773428,0.14569313940271084,55.370192583108036,77.70434095585856,-0.04421238478530465,0.18058268619005116,0.21837888731821647
5ee0e574-0e97-4380-ae58-667bf03690b0,52,F,0.35,27,43.15012246042131,35.81414420877062,0.8293324051412837,0.007029203813619156,160,135,29,72.64133673231561,0.17504647012159377,90.45489949076313,77.93142811554185,-0.07416511095137793,0.18989598988233383,0.18870850051912605
38e905c0-79cc-4bfc-889b-767f8c01e9b0,20,Other,0.9,34,84.59344485190832,107.20806366268279,0.31753144787673704,0.057280251077623356,119,161,190,78.46233432075546,0.12491476548002532,37.70442989407807,66.42343071325116,-0.08009069743824498,0.21465169743928725,0.18352608632546577
4fbbd46b-4424-46f1-9015-2ada49925ea8,46,M,0.47,27,26.904073601476806,58.62268111611433,0.9527975276012943,0.22522370226848976,51,175,3,21.65115110842492,0.13025382568983995,94.75330227401102,86.40348279056393,0.020638433122933498,0.18658513713034675,0.18778140132673934
e506ac82-4586-49bf-83dc-3a8c4ca975d1,32,F,0.67,17,83.91103918630934,46.39782992880891,0.8252007674155681,0.1313494081449067,88,115,58,70.38896972873187,0.07165814482005009,74.21504605580242,103.78271438984534,0.004720109430522346,0.19660499758138883,0.21282208557022875
1b458e52-ee1d-4069-9735-cf395574beb6,60,M,0.17,43,16.432182393324613,59.365533121454334,0.6663068858350397,0.39883602970372944,141,183,7,65.10633038234559,0.16759810380340334,33.80735239656178,116.4132483342771,-0.04928317660072617,0.18057323623468005,0.2070657853927939
1b752933-5079-4fce-94cd-6abcd8fc1588,22,M,0.19,44,9.459808929042236,83.63294416052975,0.12176191112527479,0.9226230580877897,52,64,11,33.721664564021886,0.11290844175004576,75.09797065555681,96.22781951574576,-0.0058099882454971,0.19913341926682224,0.20544189369356505
ef864b0b-62d9-4ec3-a6db-f9117cd24ad2,58,F,0.04,24,41.48860809166871,26.033222506922687,0.4782340230480723,0.4720604341969983,186,30,118,77.37920560325165,0.12501201774073742,98.19733579013293,111.78813226414434,-0.0015535369635183427,0.18084084426904867,0.19607172540437698
2d790d57-7f3f-4e87-8acc-e0869b869578,25,M,0.17,25,8.489534055528294,59.437721873511144,0.5061075548467509,0.01340262643216561,77,131,158,28.890675693796727,0.16776465711435617,34.88604582302403,109.34967895741363,-0.06099820391227684,0.21278438212263198,0.20311311886045744
e30e01f7-39d4-4324-98ed-431dff73ce5f,27,Other,0.28,7,95.94067498341593,74.66728082214256,0.2325513583653801,0.282745689578762,40,112,33,60.7729956280345,0.13982681001191585,68.82813968460604,70.40058317851685,0.030418612376330124,0.21299415069948413,0.1923149650109747
d0e0065d-3f6f-4853-9ab7-cca1e4af0aae,46,M,0.18,6,83.48954110042676,114.3441690336577,0.07996539435930194,0.04459490837296154,195,108,81,33.49341300895475,0.08016480911640013,82.34560448315607,89.14904573475789,0.05618387127721809,0.2115096875320948,0.19908800317671846
a96dff98-78a2-407c-aef4-8135c9c9b7f3,28,F,0.09,24,81.07312027733813,37.77805602829612,0.7767236304716927,0.03628762261350216,67,177,97,45.88283892644448,0.13853489887263393,86.71810106896719,67.01541213152349,0.0582927081779038,0.19133456275564473,0.21172252113482623
8a3869b3-73da-4e65-9510-dfb63712d5eb,56,F,0.12,33,64.82890268463454,49.51758227078701,0.12203505212439503,0.27571985309555225,7,68,126,63.149593816674134,0.11114492869694838,58.967922572455706,100.92918969369809,0.020493966140691013,0.21348948872887272,0.21924966389821848
f327a68d-d98f-44f4-9586-6a15b3a0cdef,52,F,0.46,49,25.550782188472585,51.72944489146661,0.5942907505617747,0.2756123386789454,1,157,74,53.7994785219828,0.12042883130657941,44.29165914177701,116.99398009476455,0.0023277165038028125,0.20171992530421076,0.21729955694359207
98899c59-58d5-433e-abc2-4da36ab55e18,61,M,0.21,29,54.23473483425726,76.60919734093711,0.9364491738836606,0.787126602601604,104,119,104,45.6501098796867,0.05424669116040017,32.96395951406687,68.2253674847254,-0.08779857139892103,0.1949523243546801,0.21735463771384994
2d21b8bd-1ba5-4630-af17-194cea32756f,63,F,0.36,43,61.7410368808824,49.24052583440018,0.8761051925980425,0.9748346527811119,124,87,48,39.580305855919235,0.08150440242744225,70.58083099680573,104.03298784815247,-0.04243374022967883,0.2050131983881693,0.1960889493938845
f652504e-fbcd-48b8-b2c6-9a4e884c69aa,43,F,0.5,22,54.87799258172548,68.68631178296651,0.27775262374926113,0.3712070938899983,109,186,78,70.37957934252742,0.09215571220715425,61.703774918732755,97.93428905207166,-0.08134571064436602,0.18049364184241495,0.19875159522027164
beb32545-6490-4409-9081-b0506be4a1e0,34,M,0.69,26,29.722169955395092,95.99693628295323,0.8514486375512653,0.4288868788610386,85,66,184,28.628861018888824,0.15694400117882087,96.41210766047976,95.01630222048598,0.09276463217569474,0.18571843510403008,0.20822541585475926
3a1d1aa5-9432-4910-9245-53a4a8549d22,51,Other,0.04,28,53.948552809898956,87.5924153523424,0.0003325061204894064,0.8447894362860214,168,74,92,45.806172591788005,0.0517238709947173,34.242343540043684,83.40721408130035,-0.07298397075484786,0.2096917415268105,0.21688767712205137
1863ed15-1d1d-4513-a462-0fa8b4b11772,51,M,0.8,21,51.66270238251953,59.10055111638441,0.01768780961325722,0.2681390200955134,119,44,153,74.22545430650852,0.11131658918436982,77.9776740412204,81.30789886522875,-0.0696449180297796,0.1897664643486461,0.18567977037408337
3730307e-8abb-4f84-894f-ebe11514184c,43,F,0.63,49,99.6518987016388,105.06377954415858,0.602553163842865,0.15638180440344795,126,3,17,70.75097302759806,0.18860403056385994,31.747635548404002,62.71495134113327,0.07791532366609843,0.20392036469314997,0.19216967455308784
03256d34-542b-4a25-b30b-5df6ab86920a,60,F,0.08,7,90.25643406438937,71.39542745532492,0.3647982191445295,0.8530896234036505,182,153,95,44.056505748382804,0.06678209248236858,42.000392369737995,73.0745224951208,0.08878565669529158,0.1954041041129212,0.18556987378376438
8cc82a2f-6a78-4637-83e8-92771b799fb7,68,M,0.87,17,49.021171080483896,69.38964234524337,0.38646084115914714,0.046500586440065494,15,154,37,65.7865018160785,0.12746365823279168,61.75052999459839,60.91061293720961,0.05316580784698197,0.21419223115197045,0.2044803411983782
a379eaf4-6775-45f8-a9cf-564b6412daca,68,Other,0.92,20,64.17905137883628,13.760654253307399,0.5644410906788825,0.6196994401994157,61,173,86,69.38964984253155,0.16797835735862707,61.84107099620078,94.88502633492124,-0.09891901526546604,0.21809661223986573,0.1922520398755015
0a17c977-e0d1-4d78-a3eb-948e4e5a4679,31,F,0.06,41,76.04780238876171,118.53622783928778,0.19178245559186058,0.5619928474668068,112,106,87,73.33324544021778,0.19137969612801753,77.99903800535508,66.35119415267454,-0.09973074580868727,0.2153425891348076,0.19304431410050293
2a370bbd-53f7-413e-8345-36aaa6e2d86a,58,F,0.28,49,8.312190222213367,23.52678893825894,0.21175535066547835,0.34592044750169426,175,191,49,52.670346142953676,0.1620164959300577,93.71491244074296,112.38116364178296,-0.024379846042509846,0.19082479978774386,0.18283663837951916
b0409262-7d2b-4aea-9285-3284e8c03204,21,F,0.81,20,90.01753691664479,35.42440036704113,0.4846015870188647,0.315189521097359,157,50,7,32.26765316328271,0.15808483229666093,74.73225112404445,91.38858124182991,-0.0713209259978215,0.18776651476184328,0.19399184247230367
e2c22377-77ff-438a-8100-9836c61b9075,22,M,0.75,22,86.71204755970275,15.686652096567965,0.754253544343863,0.7718577261816213,11,49,168,35.3185445902359,0.17397321352936437,96.74745684960561,101.98139454352251,-0.09632277156968055,0.1989773957448294,0.2144998602960634
4b309dc8-f22e-484b-a762-3759513970fb,68,F,0.18,28,48.45604928850219,80.4003263520605,0.6194977514075877,0.08642461076254648,34,5,133,37.74168044249625,0.11693018314663156,91.71309479145984,84.65142551042979,-0.007186662119099064,0.1802933660334472,0.1893229124756334
bdd69a4d-63f5-441f-8a8b-d53fcd33f0e1,56,Other,0.21,40,42.16112777763608,34.7171294669948,0.2973550482368389,0.2367843093113854,10,58,68,55.62814884857693,0.170876679892675,70.91498568715532,93.63478854006291,0.08861237948139432,0.18103237571452727,0.20780749864840262
86efb78f-410d-4308-9ae5-500012ac8e5d,68,F,0.37,49,30.93114061134992,29.801148121999585,0.4303371775089212,0.7324487318380898,63,124,171,21.968577447716505,0.05119466071181767,88.36543656431792,116.55955061799783,-0.03523608501951372,0.20213162558492,0.20518513379754372
52e662a6-6848-40d6-895f-f5c4b51f7d8d,36,F,0.48,7,50.284298691385,19.741114264556554,0.1706647585499984,0.5483205837264242,49,142,120,58.1625481267981,0.18868415830652074,74.98043272265438,64.96404237742024,0.032228135685739304,0.20081797616661143,0.2145393843347646
5036ebbb-cbf2-41b7-9f94-97a2f074eb18,68,Other,0.62,1,9.215783035657493,21.363985283641725,0.07462981433708171,0.1279882085335864,148,29,63,41.86125430569392,0.11649597642757631,35.4990481646609,75.23626631542177,0.03044707062648815,0.2197832795614104,0.18529151790604154
f26a946a-f7ac-437b-b39b-d512eaf73062,21,F,0.37,32,85.95838566796574,74.31377704868476,0.7826960407441492,0.8821356142820601,68,169,156,37.71450814937853,0.13300702817986215,81.83953062816569,106.79929961463266,-0.049783979266966455,0.1880736734145503,0.21910359841380173
0314f29d-b8ca-4871-aab4-289dfe3889bc,21,M,0.46,13,8.365124999761782,85.7028652453255,0.2653874091881946,0.39344784656359155,47,121,155,72.76979424368758,0.08823233733723236,36.643590888714236,65.92423241295995,0.030085049764772866,0.19032415716641873,0.20330514584161463
0f2e58d4-7160-4c0b-a070-7a1c25c651dc,47,M,0.75,30,36.259879710137746,53.71168873108411,0.1777663878512482,0.8278683753221728,19,124,138,47.60014373484793,0.16137962492606323,71.58579463987986,64.53966623424665,-0.05753320514262175,0.18454162569305146,0.21981896609387258
b9f7a279-ad01-42f6-8374-0f90fa6fbc93,42,M,0.04,23,93.50100139030404,62.78867897512806,0.6916180555693193,0.7877130155277087,100,36,120,25.70318273196157,0.06149537097128733,79.18481441007602,81.69248392524231,-0.07559851728462219,0.2167017203861498,0.21646058903463403
077e99d3-bd66-43f7-9615-4f3c3e608c96,56,Other,0.25,19,74.845202179728,85.45645095812826,0.618051674287186,0.624425446471728,194,169,64,69.60480608157482,0.1808953703820253,34.656932574759864,65.53007750834594,0.04027665711193802,0.21111244977833804,0.18886069088452423
d3e19e35-84dc-448c-ae2a-e5772a3689ca,51,F,0.71,32,31.732141254865045,11.91177692040276,0.6331896260134641,0.49448113129509297,171,123,106,22.858475446190397,0.17421752435095145,46.15562577485722,95.10470653237219,-0.07731183657921666,0.2128935644582739,0.1822464803961325
e6bfeda1-e3b7-4cb7-ad71-a150258e13e9,52,M,0.9,30,29.001663926284085,45.54437227773064,0.22889460484661361,0.9795508403817569,160,100,146,63.6049534500918,0.08240901743671497,94.09705625831549,73.57651504899599,0.09938184371787107,0.21611055151858036,0.19022556375181446
34b7385a-a03c-46e2-84ca-2dfef59ca398,20,Other,0.51,29,5.482803282712466,117.0407522877381,0.232645538562681,0.14496507237981704,188,34,136,66.4343733062399,0.17139865974278937,73.14201445630275,113.74187779196234,-0.06330951976995414,0.20099599946903351,0.2011025459599768
c576d878-b679-4445-a834-e5c84f7a6fc8,38,F,0.53,49,71.09285782072627,73.81234526650148,0.22080262978563914,0.7251557275511148,136,86,154,41.15615635573149,0.16795365995922223,47.24002131673721,107.0100048507154,0.01882837255129151,0.19804772765802894,0.1868638546826076
5c19c0f3-9b6a-4a16-a7ed-4f58236bf2be,21,Other,0.11,45,9.634440258951443,37.96470378872426,0.1737525956622945,0.191190701464789,67,133,161,69.48727137666721,0.14483248966309237,78.34758398036047,101.98231236596857,-0.017725085717482127,0.19321565894662465,0.18669838978071954
7eb4e65b-ea35-471a-ab2a-52351901188e,63,M,0.45,29,55.597239343072395,67.39030512998345,0.6557236725616563,0.3382631053323484,34,195,171,50.939564351387205,0.10602802653495313,71.77434939731828,97.01664164307012,-0.07472271551886658,0.20356858457391422,0.1985037418842061
46310028-63a2-49ae-812b-19622e61ba07,45,M,0.53,30,96.40158739624474,47.69188369330069,0.8480158852494014,0.30869874337319525,64,17,195,47.79761919636781,0.09072481312728019,65.11029899425638,111.80794382048781,-0.09443121848451733,0.1981711358715929,0.18133071884677432
839474c2-72c1-4a5d-a0d0-ff9b5b185cac,51,M,0.24,16,15.39954170517312,68.5469487708929,0.7243174696766612,0.947035987738723,7,112,99,22.724196888121554,0.0847675385434025,98.33308824916585,73.38372369256541,0.024546456458566658,0.19806262346422301,0.1848755233012908
da5f724d-5ac1-47a4-8f0e-8890ea14393e,25,Other,0.27,40,89.97559344196641,23.83156629873137,0.7920936337605432,0.9673561777882752,44,28,81,37.401751618934355,0.09779134441454108,77.84176441852563,112.38653056585366,0.06135151275782522,0.21747711454924556,0.1966344535763179
035d17e2-282d-443a-baf8-a3c77cf54faa,51,Other,0.38,19,99.19015683877957,24.59861192012051,0.4047984290851998,0.18301544423472715,86,76,142,75.86059825311798,0.18553376651487957,56.28087767675389,107.36953790544314,0.0684031323013488,0.2193612605711652,0.18252519636831865
9450eaea-253d-42e4-9e31-e270ffa3d0f1,23,M,0.02,18,10.84411749272733,25.789659824333214,0.6540757953719981,0.022035160297504186,174,58,50,43.50943779701,0.06164611639831719,86.00514024538076,104.88964958326113,-0.0034573053846131078,0.21185937557318324,0.19587020225822116
258f5f33-d884-4f3c-86f5-de9f20ce665d,30,Other,0.32,1,88.87609556805882,113.38017711195259,0.35423624044477453,0.7200080396631131,167,174,140,52.8020312334061,0.17433069143794383,91.92083050448315,93.67534068449544,0.05549109343647712,0.21027032360987713,0.1989602506379378
b162eb5c-be7f-44b4-a501-c212925ef183,36,M,0.21,14,54.02750694214358,90.6188810175476,0.52550462196864,0.41798993387048433,75,125,82,51.921300739055106,0.10233351125627355,38.7654391661782,74.774649658236,0.03456942669770895,0.20722232647116406,0.19805066456292458
66431abb-30f9-4678-91f2-97b94295464c,57,M,0.33,47,91.1188033472351,27.8620084128553,0.4816348465348623,0.08884024508756438,181,144,176,55.4258653893616,0.12823990940170374,44.03870844916865,85.41287495951379,0.04485090549982665,0.18664299409334054,0.2147669942961235
2deb8c74-5fad-4814-b709-c2f8788a2996,43,F,0.12,2,59.27529948235954,30.71839921421616,0.1768871451438544,0.6837541055770425,75,108,197,23.679857338596957,0.16917284504727362,45.13589063894458,107.61423927232809,-0.00148019895563718,0.18236423283502617,0.20120249820206929
6370ff8b-14c8-49de-89c8-13ef0deca5f0,24,Other,0.89,28,67.90064096012364,90.3912422357964,0.3870787603356308,0.5451055282606997,173,21,111,41.7305752879237,0.18265648205344573,78.38482665705783,61.906709061439464,0.02668234804842542,0.20762905260453052,0.19871921849912172
2fb8122e-6bd1-4049-aa9e-e1423739a846,53,M,0.59,49,56.65899625975293,27.178022927139132,0.963822275482351,0.980516822001106,46,67,55,63.38769643295325,0.10171721301089706,72.21276885372983,106.9230461558255,0.0611051827152114,0.20915144889026305,0.19642836981566664
bd40eed9-3c82-47c0-863c-3356e01e1537,25,M,0.68,30,87.12682362919811,35.801742266831155,0.24858025771494208,0.22740949586137893,14,68,178,32.03361506437898,0.11927652219126657,73.32940952890117,74.40424442925399,-0.020423164888595392,0.18187891964392558,0.21270493513217945
3e885548-039b-4827-99cd-c3c1f3888108,41,Other,0.79,38,74.72144230060167,115.9681516102439,0.13380373627948872,0.40397787632654825,104,164,164,32.214702652781625,0.11217740972251886,95.85413097826506,68.65855204329618,0.06119578017351675,0.21712207000915393,0.21580226415999332
0391ba2a-fab1-42ee-85ac-b46905d47de2,30,F,0.5,4,54.519729657139415,38.0837177201275,0.4185806216239353,0.5425458033954229,146,48,144,20.605436401341485,0.05198765502558658,84.31380729651141,66.94207909081813,0.018403368557812574,0.1836456255777871,0.2141296987678847
ff7f17e7-f085-4761-9dac-2cf84dfee165,67,F,0.09,1,87.47527638489696,82.77955854082614,0.7903377358601481,0.7916999884533517,25,140,185,46.24891559649258,0.0943914333287985,38.95558471582482,61.635000717048904,-0.06681979512584275,0.19143602135084808,0.20694186312525564
44370a91-5242-4d32-8d37-449ad650909c,35,M,0.54,8,28.302125564256784,117.64944161405835,0.5821482297799723,0.5488386567200587,51,161,156,72.96406284040532,0.11887838505988428,54.325495769762675,91.41518911328717,-0.09506316855508308,0.20689559251194817,0.18549446983874696
ff89634e-8c1f-41e3-976f-969435f29eb4,52,Other,0.59,29,19.947362671739967,51.17264438537719,0.6809748272382445,0.6129001608619492,92,108,160,23.11405661523854,0.11166404133206598,60.47755523230149,73.09559236162377,-0.02744927992016959,0.18679490377617905,0.19107479877968048
861a06b9-0d5c-4f97-a7b1-e3a7cc79d954,28,F,0.75,39,20.23801000635685,11.926758994826846,0.1896948481746772,0.22614705158994075,149,85,59,31.467122569760157,0.15828938412735194,57.71731121233234,119.36590594677789,0.009339265659267971,0.18221663553768977,0.1818425225472791
3a7cc497-c14b-49d7-9138-76c66e5dabf6,25,Other,0.43,3,36.730843480797596,36.85620194646117,0.6189481930077215,0.8469187280885598,20,52,119,38.605072300565304,0.10772054258316549,76.85160264133154,94.46620535233235,0.06796407044069767,0.19324585956656598,0.21723296299960457
c326c4ee-c3f9-4c30-8b54-0e37ac798dd7,35,Other,0.13,32,27.675552973596663,101.3964910475876,0.32350039491147375,0.42863054697047576,50,122,182,63.903484193852776,0.12340646734560055,92.43251722795938,68.27311616136062,-0.07450286397195076,0.21063886299420717,0.20643194118763641
3d03f92b-4fc6-4d81-bb90-601bf440f2ec,48,M,0.28,10,93.35858329842517,105.10697195505404,0.8343033659547675,0.14095962752176927,37,86,137,58.43813556815519,0.11444128881985452,51.42360244659516,101.32575244868192,0.060041269536715826,0.1965471471594104,0.20985451537252967
3c1f8fcd-26fd-4f4d-ac1b-cb0c7803e8a4,22,F,0.36,10,15.05423891371548,94.53713009761704,0.6292988060107362,0.6641879145054174,19,178,174,44.9566342749113,0.1610939223341556,68.63139954948299,113.86461399058352,0.07260180921344539,0.20611891687631756,0.19246286958328915
2fa06339-afb2-49ac-852a-0ff9adbff7d6,39,M,0.65,19,71.40412011376083,22.442080098423034,0.1988562777752959,0.2160904531853075,156,130,22,65.54413635550254,0.1794458598480444,85.25865953395099,104.71076972217686,-0.06986250259983325,0.20318476388912546,0.2138261408910937
38c773c1-1bf4-468b-9a49-9a4310fc1d6f,55,F,0.57,46,22.97604627957556,97.50614088660434,0.06461667984408614,0.09756251023929974,178,41,148,56.57786069941412,0.12978336185112713,59.13526411917445,64.58639166236686,0.07031886386084381,0.1808887392810232,0.19038413134833915
25d5f94f-716b-4436-a016-ea1a33e605ae,38,F,0.36,34,88.75552761318326,111.05455766928547,0.042633209287032736,0.8619869084042723,131,97,12,73.76244797943315,0.1684148291292787,41.76826898795071,113.75305087155958,0.09829071356855841,0.21954159948182828,0.18006575028449798
a75d9602-579c-4f30-93c2-41ba5bfbd7bd,45,F,0.99,33,96.3249523775662,76.06704968008597,0.37140856765014074,0.46016226448843967,54,159,100,69.08160494832158,0.09451800230297759,63.246567568462375,107.63576315159789,0.04536776620964751,0.1816571235527755,0.19505659850082777
30c99640-3322-4e42-b3e9-67eebe3902b9,22,F,0.61,23,49.21965083314844,113.49628919718714,0.2658511366543135,0.7492837126957764,198,108,160,35.168816365352036,0.13120544152359032,33.86557645201199,69.49823400633686,0.0569539363649976,0.2187121095059394,0.20283045923836293
18250854-857c-43f6-96a4-183ee41e0e70,38,F,0.24,28,88.5117906216725,100.95227720830651,0.646090123462508,0.2905875598063551,91,50,23,36.286314658052014,0.10178449305049588,95.96684178015938,63.107153323969015,0.09888305351177469,0.20199456713457592,0.1991481943186209
36dcc893-82d8-487a-acec-4541df60da71,39,Other,0.1,32,5.488791221697903,83.36686686899981,0.4993338349786183,0.7869701349176663,27,84,107,27.521388547543136,0.11213013883577455,35.237484363648115,93.4386345188585,0.021096250105189077,0.21852636108260265,0.21448304570306387
5832a43c-1be0-480e-9ac6-c761edecb2f7,51,M,0.15,7,82.89495715376951,73.4903760382923,0.2660192780053807,0.11193592702153032,3,173,10,40.21788354304739,0.1598620797219003,60.691970067540474,69.36214868039862,-0.03842272359675012,0.1845901439765534,0.18421621143824668
44e1c518-6aca-45b7-8f51-121a252c1e07,26,Other,0.25,29,26.719390344867733,48.343103396616755,0.14923777795017612,0.3559733737948527,149,126,16,79.97263512314566,0.18224937234990693,67.09168827619683,110.07545715571632,0.06750616681521114,0.19961634076742052,0.20215293762534903
840f1b25-815c-4c4b-9ba4-c791c715d8ed,60,F,0.16,8,91.32662438058995,27.521618976708567,0.1271997626874496,0.9780618179735285,75,20,195,44.345070116903656,0.06822430866316481,98.97126826010998,81.50007940030042,0.022897155502326252,0.18678016367464234,0.2005191739928363
73f78c2b-7b0b-4a39-b41e-36a7baea61e8,52,M,0.19,1,5.106410590610401,76.54493149595949,0.8646603921404177,0.7939897163680061,172,43,174,33.22930608134639,0.1451958884731071,41.62152765500026,114.77354668419453,0.016239084744191314,0.1820389950808977,0.1912557192868865
9d8deec0-790d-4f0f-be72-662ef6761354,59,F,0.29,3,57.83726482877692,44.992270897993144,0.24347796840486724,0.4972559303146882,66,138,24,65.74897306853318,0.1373215711366698,38.0102063028651,93.94129032846034,-0.04927288889719235,0.20470116460249246,0.21288912450308042
5e2b5cc6-435a-49f2-a688-73002212c984,58,M,0.17,24,76.8804013595688,105.308253428041,0.6517106479109683,0.3397774715618851,85,102,93,52.54826020775936,0.06776225587638979,30.60943029437805,70.96034305438009,0.05126685391657733,0.18831133683846765,0.21011394623528826
42943112-0d9f-4763-a200-db10c7f5e1aa,37,Other,0.9,23,29.575391416301258,119.26706310944914,0.8106859279862663,0.8721357000224765,193,67,20,28.976086971617153,0.08178414956601637,40.89000058085116,68.375932041588,-0.08366654482798075,0.20350788073150183,0.20931436749327323
6c9419a6-dcab-48d0-bdce-6fc372734f30,59,M,0.08,8,23.34762213579284,92.76705388771298,0.6140813111847361,0.5448477590845157,161,128,83,42.84138086965194,0.09665037420990205,44.50910853473673,94.58834625346523,0.08485741415893225,0.18449457927795943,0.21504769913078225
c93dacf1-1e97-42e1-9ea7-c5d5d020ef05,20,M,0.52,47,12.989331324458542,19.952986481575582,0.8595652316469458,0.7584250178691111,90,91,139,44.8681829323606,0.07503966062262522,74.14066591081647,105.71301671174663,-0.03483530784590305,0.1932794588573081,0.20891138402486084
91d70c24-71fa-4443-9a17-067d73a490a5,30,M,0.41,37,36.01118976781283,41.75541550837019,0.3923937215284745,0.754107680316164,182,190,36,65.22978203415312,0.08655942237865127,45.379475327398026,106.89033886453093,-0.07444506944200191,0.2112653023221299,0.18927365166858906
ccbe8c85-fedb-4b3c-b60e-3de9dbee0463,47,M,0.98,3,58.1852096693388,22.00205949423247,0.9562221906489483,0.01794567856849183,104,23,41,21.240282133514267,0.09014011982925614,31.436457031052765,76.54544426647688,-0.01152669337951624,0.1974820608736875,0.20822250846598764
cd864f10-f524-4718-9794-e9d23600abda,44,M,0.11,33,16.005166394124476,81.55628125708874,0.13314500417809694,0.12625378279261346,0,124,144,36.141178807898626,0.10035107495585896,87.86328418517421,72.25480553473005,-0.09150601814869337,0.20510981659589345,0.19230811253559374
a4b94d11-6f54-4819-ba14-d250895ac2b4,69,F,0.4,28,40.78605938874588,94.17099510113631,0.1021495296575381,0.6596293663947422,71,140,100,51.055778078931326,0.16240856792017386,55.59169907027767,61.005378269542945,0.03692523885299326,0.20589831762982183,0.18968698601389883
a5b8289b-d7c0-41f0-a9d1-32af6b84891a,42,M,0.97,47,5.861878442008871,111.82423139687829,0.6586921462074435,0.16161981128587144,86,110,47,36.1308045471706,0.1357868305775901,54.75876806065138,100.75194907207016,0.08054110208907124,0.21375020175949175,0.18292014371598508
87ef9f85-ae3e-4c24-a232-d153c90cb256,50,M,0.87,8,82.77454494748497,58.198958105318646,0.9428311414132617,0.2554933446556047,165,97,102,57.70604284513993,0.19793700079271023,51.17353204175486,64.59409550601234,0.06745260142770175,0.19299691177626566,0.20976114321390707
21d03481-37c5-4c1a-8531-feeb22570faa,49,Other,0.82,34,17.202628218853178,109.15132145472887,0.8088834616363281,0.9466379541996072,5,138,27,48.912048756477,0.11221037404512066,98.27612940024946,85.24567210595555,-0.07452610531042379,0.2074918225033007,0.20844003847799245
712c917e-2502-4f30-868a-6ec01a1bd729,61,M,0.26,35,31.917580085230252,106.56802749454603,0.07641685943805143,0.5601822583749119,152,178,40,41.70261529157484,0.1630797610755388,41.90807921164971,96.10092984109777,-0.07474577257845363,0.21846463228184662,0.18937997910696375
8378438f-7a66-443f-a551-430c4f5963d5,54,Other,0.17,32,6.75063328013066,44.89152884419384,0.2793677139347164,0.7507295069993472,144,16,98,76.95251761223074,0.1807202632064801,92.87666447672646,116.22653669518061,0.06268689646485281,0.20920973337431473,0.20997516066896624
a39652a1-d66b-49d1-9b4b-7249ee774e67,26,F,0.67,24,46.06287446978867,105.57906880946281,0.9303188848378237,0.5579807387826399,60,98,46,57.929569951187446,0.1518467739557063,84.37623324979215,78.70812821734611,0.08485085492062319,0.19959481906870977,0.21671363532374213
ce9bf2de-2efd-41a1-b922-5df15df9172a,35,M,0.93,14,84.81154276041579,51.32394770698991,0.25305843280078455,0.5525136147827252,11,81,145,27.796482336076473,0.11177971106262441,35.35359688495191,74.98632974679118,-0.007866034033302173,0.20522869777967717,0.18432115829966317
7e20b9ab-33a9-4cdb-9033-c35953de15ef,45,Other,0.56,32,42.25436508729368,42.65562020163089,0.7811704237869193,0.0941519101256979,5,103,104,53.60550184660373,0.16303919461186298,99.0710371050594,99.2496092571659,-0.0002057766172468112,0.20958731591052432,0.189305465535471
55634e0f-d428-45bf-93e7-ee7b5daf1e32,67,Other,0.57,46,22.05224572526417,81.39821246738323,0.8251321959287038,0.34366319260910305,26,151,123,66.84391119205407,0.08055007066590274,48.99561744773074,97.1543419232149,-0.03634759172285482,0.2044910306277549,0.21001043176349263
2a935a07-b5fc-4a0e-bf09-7e0740cba199,68,F,0.28,43,76.60138923479933,46.12193506735892,0.4954521034609818,0.2824308986865117,135,18,198,62.50938184956784,0.09913282477701987,36.90080489156886,79.92658699848748,0.0788530236512828,0.18066703253959357,0.19098026694028314
84c5b2d2-7266-416a-bd7f-f4531d6f5f60,21,M,0.77,16,79.93666327772071,79.32296231620586,0.3863489098483155,0.39072836561361324,123,164,12,30.32535375771556,0.13200278826489334,88.05199638880316,115.6861101305872,0.02898058105847119,0.18779093990748902,0.20498655897134868
e1c73466-5dac-43ad-b5e1-0448c1800728,20,M,0.19,4,21.506580154218845,77.08149860485639,0.45012443241975963,0.7983441882243283,105,84,140,78.3451999424062,0.13631140809292228,79.46728735743899,110.69173964937796,-0.042349684566526304,0.21241872868861864,0.18324656897854857
ee1757ef-44f2-40c3-8e9e-8311a1f9f1e6,67,Other,0.32,37,78.23114031139403,71.97828200833047,0.22696469436536415,0.37193266791686486,192,7,99,46.92881874479636,0.053321221320894424,73.20531641145305,73.43895275190486,-0.04024342578914968,0.1909060258924994,0.19808809916414155
26ed0fe0-af60-4c4e-a408-b84a4ea69dc1,31,M,0.43,21,94.99329938435211,51.84616746560775,0.8893909161288442,0.4516968192316827,184,27,30,29.541500224415678,0.19176712831340134,40.918660458925324,74.34855272607139,0.07824001461272048,0.20926248478244536,0.20956365687971812
c6ba1bd3-01ed-4e5c-8c78-5c7f98c39792,24,Other,0.51,14,20.805870758565874,70.33496938166245,0.4506196567297579,0.3973813904853165,92,4,129,30.811745247688876,0.15449409068260853,63.494728137917335,90.73802081322484,-0.0972731952188357,0.19488480860966795,0.2074605577217301
cb06c4c8-bce7-4b6f-9cd8-3f5645166d16,56,M,0.24,31,78.24350779055287,75.61340224839637,0.8824594404560998,0.0934079719752956,108,144,15,25.89409953134483,0.12435556253478368,84.63892188210497,106.41432610384322,-0.03545468545467232,0.20087537312631773,0.21260288402703229
fecab0dc-8f48-4e62-ac02-4cc9d4c367eb,51,Other,0.11,48,72.3143404372498,70.02555773450207,0.10569347990627409,0.4410721582507837,98,100,136,68.21108650609605,0.18996908516124628,51.253675670068816,62.64242276330786,0.010871336243273811,0.18271893199277614,0.21509808506412675
e065ed35-af4c-4bca-8041-c0985a84dba5,28,M,0.61,18,49.98951940133341,58.88613980263217,0.9882752710001314,0.19560927304451503,167,163,72,27.321829659310918,0.11586433478762428,51.8182879960529,101.6001092240824,-0.07035650758013508,0.18724902244198838,0.21092734005035033
4ec67247-1a8f-42b7-947e-cc0dbf4dd669,60,F,0.29,7,10.502443753085839,11.613376275089019,0.44327308744361826,0.18672329577304148,141,117,165,27.507515428504817,0.19706533554055577,30.219863423368547,98.89415384292582,-0.08158024916008205,0.2182878785407694,0.20686350971755704
1bad945e-9681-481b-a709-d100c4050074,54,M,0.58,10,12.095969686996131,74.57678784712661,0.04783082039410547,0.09403610443426635,34,146,53,71.02829688565026,0.12684271358652277,42.19703811517657,73.8888057547793,0.063055266218112,0.21560552213787657,0.18126889967264123
712ceb9a-4202-48f2-a7ed-ab4eda80c9fd,38,M,0.15,7,85.97939262387153,28.52888236569916,0.038021848237454914,0.35667097414176474,175,63,183,40.676245066853575,0.06714286549969692,91.2783937585284,100.88118079448093,0.07888087772970145,0.206091004435962,0.20139866693637776
5f2fb780-116d-4d0a-b80c-8f0ba15b542a,67,F,0.48,33,99.06409541131147,80.68335658419086,0.7462072574818386,0.7574818847894174,83,90,99,21.851474258484348,0.1647201458688916,60.9222544146395,116.41099147512496,0.06472128415963789,0.1983857838954295,0.1815079089965941
278db7bc-314c-4482-a9e9-abd4f00b1a2d,35,M,0.53,23,69.22496443274167,93.52787607151527,0.6590355342036808,0.27644169058339607,55,116,108,23.113717971104652,0.1518346587616761,98.89641494641037,62.80715069830611,0.07975757794746954,0.20703045171580894,0.2123227126846409
af857c91-4423-4f4d-aeba-6dc93726cb26,22,F,0.05,21,47.36603916598054,65.04898400438157,0.8021305581275875,0.31234910188551357,176,97,86,28.530226802233734,0.16594800819583805,57.69955745016548,79.17912331752375,0.010622394211674303,0.20474441156375756,0.1928289809783983
720d3a4a-d75f-452c-bc8a-8985ea5eeaba,39,M,0.34,19,66.51949612318123,69.66000314777122,0.10536753395280596,0.6426746576724236,140,10,172,32.803600878541374,0.19271630430885217,80.06305183461689,86.29060299998132,0.06245162419806838,0.2027420902241845,0.20249717496471684
19f7fde9-7bc5-43b4-858f-917cbfbe4df3,43,Other,0.13,48,61.467606626711806,114.66264156325903,0.03557086703554835,0.19584081258691888,188,53,161,59.908771654304324,0.16647339539765274,49.73433300333104,113.95562153548137,-0.023191472321779916,0.18236708287454167,0.1911778122927561
0cd799fc-7a54-4795-b847-9e722a6b3b72,52,Other,0.06,19,41.44316473853407,103.18840975098317,0.5085792894475785,0.8969579304235343,48,172,136,29.439576800109695,0.14170049033249704,55.466674879865344,117.7356867965494,0.0332535722958077,0.20531210442646028,0.21130000577521174
9a5987b5-157d-4e59-922b-120c41971720,43,M,0.99,36,11.23448373453123,110.56601675466169,0.38759523148276953,0.5201905232515545,45,46,7,27.13246347062432,0.17859633535412617,43.35081913136263,86.64691478977994,0.0977671062778329,0.21075680178284673,0.2154601010656761
278c8ab4-83f4-4e0e-8de7-ca2f805952e6,30,M,0.32,29,83.0437300037069,99.5142917151545,0.46194693667095577,0.44760294032021697,112,139,6,65.88314848857675,0.15098696590317975,54.29436579495765,105.00170472853146,-0.05485445523217452,0.219763266185823,0.19594569976852255
8baaff5c-63d8-41b5-832d-8269942841f8,68,M,0.81,18,40.324185277678836,21.981017603140458,0.991588408870274,0.5578201919292014,189,148,35,60.263317031594866,0.11121785852388848,68.30662642944502,91.89966142586898,-0.022020050741783884,0.18044314210377238,0.21451689574043956
46e0efbf-6a67-4975-8828-a3578e14e58a,27,Other,0.25,2,82.7846361189239,26.38910415672142,0.9707499576706702,0.16603431341619546,135,138,17,46.11945328731417,0.182842964636266,99.42410166854746,92.2669760844826,-0.003990524537982876,0.20920693813242705,0.1906830002982533
