driver_id,name,age,gender
873f0854-c9ae-4e3c-b04e-e59d9cf28c77,Grace Williams,56,F
95562c96-f0fe-4d18-b65e-7ab20d677443,Ivy Williams,64,F
6320210b-5a7d-429a-b3b2-6009ef316d64,Charlie Davis,67,F
0d668988-55bf-47f7-b92c-6f40ac2fa419,Charlie Johnson,42,M
226b8b91-7576-45ff-ad3b-e75f7be67236,Alice Garcia,52,M
ee2ebdb6-4463-4c18-8563-361ad645ab85,Grace Wilson,68,M
1f92be92-d590-4867-bfaa-a6992aa4396d,Helen Brown,59,M
b68ed926-34da-47e0-9078-4f1eb2336b91,Grace Miller,28,M
7fa981da-07c2-456c-a4a7-4fbfdb5522f1,Frank Smith,50,M
f26713ae-917f-4a78-ae6e-b853afb6a84c,David Garcia,52,F
617530ae-f3bd-4823-9dad-d4718ad5e564,Ivy Miller,38,M
62d8edb5-1521-4c96-abcc-d1039c6ce0d5,Bob Garcia,52,F
ba098529-3f0a-4c8b-9f5a-960e892f884a,David Williams,57,M
b6b842c9-6409-4da2-af8e-c32135882c69,Frank Davis,60,M
3ac54ba1-24ec-4c46-9ec8-3a3767908cb0,Ivy Brown,26,F
14f12100-d202-4943-9631-27801ac5e8b0,Frank Miller,63,Other
b1004962-0ea3-4c60-ac32-41c76a1c09ed,Alice Smith,19,M
4f057204-cb17-480d-a4cc-531bed0d2773,Ivy Jones,43,M
f6118f94-91ea-450d-92df-9eba9bfbbb04,Bob Jones,54,M
a19777e9-aa8a-4988-9250-6f8753442ac2,Ivy Moore,53,Other
9a4e68ce-f3d7-4547-ae27-a58e13df63da,Jack Moore,19,M
c501ac66-440f-4a49-8dc2-1e7d9fadc22b,Helen Moore,37,M
04d73847-cf60-4f76-9c28-f8493f3efd17,Alice Miller,66,F
6936490e-dc03-41f7-a0a0-2a675a88bf14,Eva Davis,26,M
d8de7bf3-df50-4d81-a569-b93ddf294d50,Jack Davis,45,F
752ee9d0-bb90-4020-9411-0ae44caebbff,Charlie Davis,20,F
9e145d2a-dbd7-4a17-97a1-a5c31d5e5b61,Ivy Johnson,34,F
c1fe397f-a5db-4059-b19d-021624598c79,Alice Garcia,49,M
faceec0e-a231-4367-879a-e08ef9c28a73,Jack Wilson,53,F
cf82dd0f-c696-4b53-820e-129a3ecf968b,Charlie Davis,68,M
5d8cd350-df75-4c4a-8e07-fba568487399,Eva Jones,58,M
e372eee1-42e5-47a8-b821-9e288462dd87,Bob Williams,53,Other
7014fe56-1c38-4f15-b434-1ae709d82274,Frank Davis,55,F
d2f91ecb-d36e-457a-be0c-607f828a6f31,Frank Brown,22,F
7359417b-9d17-417f-bea7-b6b0b6788017,Bob Miller,42,F
3f185362-85e8-41ae-bf30-1b33ad1de847,Charlie Williams,59,M
3057145d-1557-4f50-a4bc-4b71260e13de,Charlie Moore,25,M
0083fb0e-9c8d-466a-a31a-eec4a636e2b2,Ivy Miller,50,M
bdcff929-e127-440d-b7f9-9d189a67062e,Ivy Davis,18,F
2ccc082a-6cf7-4190-9cce-23de6cd7bb76,Ivy Smith,41,F
999e3e19-96cf-42df-b71d-46989007c4a5,Jack Moore,36,M
1d1813ec-3a2f-45b9-bc38-fb275ad68b37,Grace Brown,40,Other
55d6e10c-ecb3-4055-9e4f-355535c275fe,Frank Garcia,69,F
cfd12350-72ce-4f19-b483-007da7effddc,Charlie Miller,63,F
6976de76-93d8-4c32-a079-edc46ebc3b8b,Grace Davis,29,M
902bd80a-e711-4d8c-8692-788197976e1d,Grace Garcia,53,F
6e6b09ff-07fd-47f5-85b7-3bf944deb997,Jack Wilson,59,F
80c9d182-4fa1-4fd7-bb7b-90d40efbfa42,Alice Miller,35,F
e42b271e-0470-46e3-b463-2111d63bdf38,Alice Brown,56,M
bbf7a1e8-92d4-4825-89cf-fe0778583924,Charlie Wilson,51,M
77f2a331-aa2e-48e8-a7fa-504c6cd66041,Bob Miller,67,M
0e8afccb-5a92-4c3b-8e2b-f46a17eef950,David Johnson,68,F
06558e1b-c28d-47ab-a54c-6bf9dc36746b,David Moore,42,F
37074067-0bd7-4967-9db6-02c73951deab,Grace Davis,57,F
493cfb40-4f9e-42f3-8b5a-34d93d26042d,Jack Wilson,24,F
ebfa028a-ceca-48a0-aaaf-b11dd261bc42,Alice Wilson,41,F
a147620b-82ef-40e8-b08a-966b3971a110,David Jones,35,F
8be14f15-b6cb-4720-bd01-9799a2adc0fb,Bob Johnson,46,F
4ec25da5-3707-4688-a984-996af0326468,Eva Brown,25,F
f2672570-1002-4929-bf67-76997837b036,David Garcia,38,M
fabbb555-1915-4945-9d75-2c7d7e56afa8,Ivy Jones,50,M
fca4a08d-594e-484f-b8b7-b7e9d9aa61e1,Eva Williams,24,F
09c0d3e7-83a2-49e0-8355-24c103901880,Jack Moore,68,M
0e795dfe-4e7e-4086-8d64-22e61d2642e3,Ivy Brown,41,F
210ef1ec-e053-4f1a-b6d4-630c520d9c7e,Eva Smith,19,M
951b6dfb-1515-4917-a883-aea2702e8635,Grace Brown,20,M
32760059-f375-44f2-8b76-dd16cd2df8c7,Frank Williams,61,F
c21d5215-76b0-4555-be17-51eeca4eedd2,Jack Davis,48,M
49284ef7-15f8-436b-88ba-e010af518326,Bob Brown,25,F
38fb6ffa-90c4-44d9-aea5-dbd92f4f3675,Jack Johnson,41,M
c99bef6b-b003-4f6c-88b5-da05f8c9e059,Frank Brown,65,F
2d4d57b2-5dc9-4cd4-b91a-dc0ee4bb6557,Charlie Williams,45,F
bb5a3eef-bdbc-4324-993b-69e846e79eec,Eva Jones,64,Other
7a0fabdd-8943-44c8-9fdc-128f8a5993e2,Jack Smith,67,M
5fb8316f-6987-453b-9be3-6036d66e9321,David Davis,56,M
31a4e6b7-05ed-402a-952b-17d5aeb0c7a6,Grace Miller,55,F
f5d9c3f8-9328-4006-91b3-521a8d1c833a,Ivy Johnson,37,F
bf5ba9d2-a0c1-4fe1-b6de-3a8d1651d8ec,Alice Jones,52,F
3c6f2338-6643-4503-bc2e-ff22f27bbdb4,Alice Jones,37,F
f64a6ece-2a88-423b-8aa4-e3fda15d1dae,Jack Brown,49,M
b91e6998-6a2b-4cef-882e-24b280e7d505,Alice Brown,36,M
6f10f124-ee28-425f-9ba4-99b65402d456,Frank Garcia,39,Other
9599fa05-d72c-4aba-a374-9d60fff8d516,David Moore,69,M
c48d69d2-aee5-435a-a4ec-21e505d2106a,Ivy Miller,40,F
8393dd3d-2ac9-4fa6-af9c-cbc8e85bf040,Charlie Davis,22,F
604621d4-70e3-4955-ba99-aaf5bedd0246,Grace Johnson,49,F
02fd7a73-7543-41cd-9887-004fc74dff3f,Helen Wilson,29,Other
c1597df6-9b76-4e42-b2b0-0399ad36e6c3,Frank Jones,40,F
d6a0a56f-b6b6-4bf8-b38e-1405199502e3,Helen Garcia,59,F
025a84b9-8ffa-4118-b785-668967daff9e,Jack Garcia,36,Other
b79ad725-dc37-45bb-829a-1bc63dbb7021,Bob Smith,47,F
f6f3b7f9-ebb8-4e86-831a-3c6cb9036e02,Grace Moore,62,M
ff2932bb-8ce8-47a6-96f2-b6abecf5087d,Charlie Moore,54,F
45803aaf-dce5-4d85-bacf-c1c99f44bb50,Charlie Miller,45,F
232981b4-8cd3-44b0-9cc7-c5c2552a3e4a,David Garcia,61,F
f9397723-9482-4ccc-b92c-43b4d5ec06b1,Jack Wilson,60,M
ce3a2717-136f-4dc7-868b-e1f69a5adc78,David Smith,49,M
8d4a011c-353d-4972-b2b1-6dfca18db048,Ivy Jones,52,M
cb52d799-473d-4c95-a5c6-3b2f7af0e439,Eva Miller,33,F
e39887dd-ee77-46a1-a9a0-056016da709f,Eva Garcia,20,F
366013ed-9cd2-4ef5-8a3d-89e20ae760cc,Grace Miller,43,M
cf8f4de1-6eb6-4e40-990d-b1ad7323d34c,Helen Davis,25,M
6d8ef278-4be6-4798-a391-cc9fadf380ee,Ivy Moore,55,M
4707595c-c633-48be-a4db-173c5cfbcb26,Frank Wilson,36,F
4db8ff6e-4840-4cef-abe1-bfc7809d9731,Charlie Johnson,33,M
dd08a99d-5e4b-47c4-9723-b2344dfaa341,Alice Brown,29,Other
9dd62653-5c36-47f7-a2fa-7510746c370f,Helen Garcia,18,M
57642a95-46b6-44b0-8940-719cee9e0e22,Helen Brown,37,M
7619aa69-b45f-4c22-8edb-36f6277211fc,David Wilson,62,M
8ee14e8e-e3c5-4ddd-8a39-0728056ca43b,Alice Smith,29,M
a1026f68-fe8d-4749-ac8a-18d61ab60629,Jack Williams,58,M
967cb014-a46b-4d6e-b8fd-490c9c31bebe,Eva Davis,49,F
93b6d01d-1985-4d2d-ba5d-3919d7cbc54f,Jack Smith,64,M
b341f968-e7a6-490d-aa3a-5c289dd29753,Grace Wilson,47,M
8ae25e23-5170-4d48-95b4-0d34f3b443cd,Jack Garcia,59,F
c212e540-221a-433f-9a30-d2ae2a1f7d6e,Charlie Brown,38,M
37e6e7de-f0b6-4d17-8126-4a1f20fa5750,Alice Jones,49,F
2fa87d5c-583f-4607-a85f-7a53974591c9,Frank Miller,66,M
ad9ff66b-dbc0-442f-ae8d-2e16fb0cd7d7,Alice Jones,57,M
c99f2f38-1c51-46c6-937a-ce911ed9c337,Alice Brown,62,Other
7bb9c05f-1dc5-4afb-86f6-1e81755cc244,Helen Miller,36,M
8d40f1c8-35a6-483f-9c3b-530f08654653,Charlie Brown,29,F
d8c4d22e-5f4f-4a1b-b7db-6d869032a31e,David Jones,18,M
4aa88b8f-2d30-4cd7-8ab8-7c89c78edf59,David Miller,30,M
e75c70a2-002c-4f4a-835e-2b71c3fef6aa,Eva Miller,58,M
9dcdb1dd-8df9-40f2-8704-0be4b4ea53bd,Bob Garcia,18,F
1c7122c8-f14e-4069-bdb6-484f887c1638,Jack Miller,46,F
d9e82448-cdde-4579-9642-81fb190babee,Charlie Moore,24,M
82f4ac24-c5c8-4722-9cae-428258b4a498,David Moore,40,F
a20f9639-0c5a-46e7-860c-6b18e0a74994,Bob Johnson,60,F
906b3762-f86a-47e7-8230-efce258ecb4f,Ivy Smith,55,Other
c27a9130-76df-47e7-ae07-6bc7342488f8,Jack Johnson,51,F
6ebabeed-4ade-4c04-bb7b-41030559e877,Eva Wilson,25,F
6769ff4f-6ce0-4c79-91de-8e57de44494f,Eva Davis,69,M
2794f854-87df-4431-b57b-82b38b4590b6,Alice Wilson,52,M
b04eab5e-077a-4835-8482-5e8f709acdc1,Eva Johnson,64,F
b3d8706b-ad54-40b6-a02e-6ad4f089d3c4,Charlie Wilson,38,M
20c865f5-9d66-40a7-9018-aad08e67b6cb,Jack Moore,39,M
c98e0fa1-55d8-4cf8-93dc-66945300e08c,Grace Williams,58,M
680a9527-37f8-4302-a9bf-50eb8269797b,Jack Miller,18,M
4539ce36-3af4-4057-9899-c846ba4369f5,Eva Smith,36,F
7dba6d2e-1dee-4afa-84fc-d354499b8426,Charlie Wilson,64,M
8a5e7f35-8e1e-4c3b-93d6-996c1a0ebc28,Jack Davis,22,M
788b0cc5-7c02-4e95-a4b6-d900b31f9563,Eva Moore,47,F
73d21d25-0fcc-4b25-9bfc-286483460395,David Moore,42,M
1778c0b4-5783-43f0-8b74-9592e44e8093,Helen Garcia,26,M
b1cf81dc-7ba9-4c49-8b97-412105d6d63f,Alice Williams,50,F
ed018830-5dfb-4e91-9458-d72c827778ba,Jack Brown,45,Other
7c673641-2223-4550-95aa-19249abd883a,Helen Jones,21,M
e7a8dc53-dc90-4743-b917-331190d32375,Jack Williams,69,F
deaa75c5-08b7-4323-9567-15750deeb523,Eva Smith,39,M
03db2bb2-07ae-40cf-8b35-fe3036b4d98d,Frank Miller,26,M
e7b956ae-096e-4613-971f-687524b71618,Frank Johnson,30,F
24f4826d-9714-4458-8511-3f2677b95670,Grace Williams,39,F
c22d8473-2061-4bcc-a0bb-6ba41a84ee21,Eva Brown,32,M
ba2a6325-67a7-42de-a3d3-05b3fdd2638b,Eva Williams,66,M
32da5465-ce65-4966-96bb-9aa17b22e37f,Frank Miller,46,M
caf6175b-6749-47a0-834d-b0734cbd20c1,Eva Williams,32,F
86640ad7-fdc1-4a1f-946b-4677d733793d,Helen Moore,56,F
a87a3193-6327-4538-8eed-7124d1847317,Bob Brown,55,M
b00038f0-e26c-4f25-862c-b36e5a915732,David Jones,49,M
b11f662a-b4b8-41de-b3de-370102c7ca07,Jack Smith,29,F
5153a235-f6e7-47af-914b-69f4145abeee,Grace Brown,21,M
78596ed1-a38e-461b-92d6-2d5e291a973d,Charlie Johnson,55,F
052b7ad1-62a2-45e6-b031-b19992170c0e,Frank Smith,25,Other
55bfa841-815f-4250-8019-51d1d61cae1e,Eva Miller,25,M
16db4636-621f-4b14-9307-cd0872f8e49b,Bob Garcia,40,M
efc2d156-0d66-4353-add4-0db648aca1c4,Grace Garcia,26,F
cc14a95c-8498-4049-a588-c2243e5e7387,Alice Miller,49,Other
51d4f234-73d8-4cd0-8ba9-91d03e3ac5d4,Bob Johnson,34,M
0ab19421-a76d-47ed-ae16-143e6fd55441,Helen Garcia,65,M
2f514e11-fcf5-45f8-b57f-f375a1383e5b,Charlie Garcia,25,Other
c4c18905-f881-4620-b0d4-36b2db16a3a2,Jack Miller,28,M
7e178e45-cb65-433f-96be-1b239a291e46,Eva Garcia,52,M
68a8812a-9549-4b2b-aa02-04186c4d9b16,Charlie Wilson,59,Other
578c8a09-45c3-4609-a46e-988633f51590,Charlie Moore,47,Other
2bb0a543-1db6-49ae-9f8e-f984f44f7ada,David Smith,67,F
bd455e35-4cd0-4ce4-a3a5-30870bbf5af9,Jack Brown,45,Other
99dedba7-c244-4597-9dac-5c8de9b7042c,Jack Wilson,43,M
6ca513d1-c597-41da-9d77-97b7af80af40,Alice Wilson,37,M
e13b5930-f82d-4997-a097-6d28148a01bc,David Davis,34,F
4710ddd4-e2e5-4598-b516-8c7907aa9747,Jack Miller,61,Other
7ba662d6-9c45-4b32-b72d-2e2040474609,Alice Moore,54,Other
64bad30a-2ae7-4196-a85e-89a6571a36aa,Frank Jones,58,M
5ee0e574-0e97-4380-ae58-667bf03690b0,Grace Jones,38,Other
38e905c0-79cc-4bfc-889b-767f8c01e9b0,Eva Smith,19,M
4fbbd46b-4424-46f1-9015-2ada49925ea8,Ivy Moore,24,M
e506ac82-4586-49bf-83dc-3a8c4ca975d1,Eva Williams,36,F
1b458e52-ee1d-4069-9735-cf395574beb6,Charlie Moore,21,M
1b752933-5079-4fce-94cd-6abcd8fc1588,Eva Smith,48,F
ef864b0b-62d9-4ec3-a6db-f9117cd24ad2,David Wilson,20,M
2d790d57-7f3f-4e87-8acc-e0869b869578,Charlie Brown,33,M
e30e01f7-39d4-4324-98ed-431dff73ce5f,Eva Williams,42,M
d0e0065d-3f6f-4853-9ab7-cca1e4af0aae,David Miller,64,F
a96dff98-78a2-407c-aef4-8135c9c9b7f3,Helen Moore,39,F
8a3869b3-73da-4e65-9510-dfb63712d5eb,Ivy Moore,50,F
f327a68d-d98f-44f4-9586-6a15b3a0cdef,Alice Williams,40,F
98899c59-58d5-433e-abc2-4da36ab55e18,Frank Smith,21,M
2d21b8bd-1ba5-4630-af17-194cea32756f,Ivy Williams,45,Other
f652504e-fbcd-48b8-b2c6-9a4e884c69aa,Ivy Williams,65,F
beb32545-6490-4409-9081-b0506be4a1e0,Eva Jones,52,M
3a1d1aa5-9432-4910-9245-53a4a8549d22,David Miller,41,M
1863ed15-1d1d-4513-a462-0fa8b4b11772,Helen Williams,35,F
3730307e-8abb-4f84-894f-ebe11514184c,David Garcia,56,F
03256d34-542b-4a25-b30b-5df6ab86920a,Frank Smith,46,F
8cc82a2f-6a78-4637-83e8-92771b799fb7,Jack Smith,66,M
a379eaf4-6775-45f8-a9cf-564b6412daca,David Brown,45,M
0a17c977-e0d1-4d78-a3eb-948e4e5a4679,Jack Miller,28,F
2a370bbd-53f7-413e-8345-36aaa6e2d86a,David Johnson,52,M
b0409262-7d2b-4aea-9285-3284e8c03204,Eva Miller,32,M
e2c22377-77ff-438a-8100-9836c61b9075,Eva Davis,45,F
4b309dc8-f22e-484b-a762-3759513970fb,David Garcia,66,F
bdd69a4d-63f5-441f-8a8b-d53fcd33f0e1,Charlie Williams,60,M
86efb78f-410d-4308-9ae5-500012ac8e5d,Bob Wilson,25,F
52e662a6-6848-40d6-895f-f5c4b51f7d8d,Helen Wilson,48,F
5036ebbb-cbf2-41b7-9f94-97a2f074eb18,Ivy Miller,57,F
f26a946a-f7ac-437b-b39b-d512eaf73062,Alice Wilson,38,F
0314f29d-b8ca-4871-aab4-289dfe3889bc,Frank Brown,50,M
0f2e58d4-7160-4c0b-a070-7a1c25c651dc,Jack Brown,67,F
b9f7a279-ad01-42f6-8374-0f90fa6fbc93,Eva Moore,54,F
077e99d3-bd66-43f7-9615-4f3c3e608c96,David Wilson,26,M
d3e19e35-84dc-448c-ae2a-e5772a3689ca,Ivy Davis,33,M
e6bfeda1-e3b7-4cb7-ad71-a150258e13e9,Charlie Smith,18,F
34b7385a-a03c-46e2-84ca-2dfef59ca398,Bob Moore,52,M
c576d878-b679-4445-a834-e5c84f7a6fc8,Charlie Davis,18,M
5c19c0f3-9b6a-4a16-a7ed-4f58236bf2be,Charlie Jones,23,F
7eb4e65b-ea35-471a-ab2a-52351901188e,Ivy Wilson,33,F
46310028-63a2-49ae-812b-19622e61ba07,Grace Jones,34,M
839474c2-72c1-4a5d-a0d0-ff9b5b185cac,Ivy Smith,50,F
da5f724d-5ac1-47a4-8f0e-8890ea14393e,Helen Smith,41,M
035d17e2-282d-443a-baf8-a3c77cf54faa,Ivy Williams,66,M
9450eaea-253d-42e4-9e31-e270ffa3d0f1,Bob Wilson,33,F
258f5f33-d884-4f3c-86f5-de9f20ce665d,David Jones,51,F
b162eb5c-be7f-44b4-a501-c212925ef183,Charlie Smith,53,M
66431abb-30f9-4678-91f2-97b94295464c,Alice Davis,23,M
2deb8c74-5fad-4814-b709-c2f8788a2996,Eva Brown,59,M
6370ff8b-14c8-49de-89c8-13ef0deca5f0,Charlie Jones,53,M
2fb8122e-6bd1-4049-aa9e-e1423739a846,Bob Garcia,55,F
bd40eed9-3c82-47c0-863c-3356e01e1537,Helen Brown,35,M
3e885548-039b-4827-99cd-c3c1f3888108,Helen Garcia,43,F
0391ba2a-fab1-42ee-85ac-b46905d47de2,Eva Brown,58,M
ff7f17e7-f085-4761-9dac-2cf84dfee165,Grace Garcia,33,M
44370a91-5242-4d32-8d37-449ad650909c,Frank Davis,59,M
ff89634e-8c1f-41e3-976f-969435f29eb4,Bob Davis,20,F
861a06b9-0d5c-4f97-a7b1-e3a7cc79d954,Frank Miller,52,F
3a7cc497-c14b-49d7-9138-76c66e5dabf6,Ivy Moore,33,F
c326c4ee-c3f9-4c30-8b54-0e37ac798dd7,Eva Garcia,30,F
3d03f92b-4fc6-4d81-bb90-601bf440f2ec,Alice Wilson,68,F
3c1f8fcd-26fd-4f4d-ac1b-cb0c7803e8a4,Frank Davis,63,F
2fa06339-afb2-49ac-852a-0ff9adbff7d6,David Brown,40,F
38c773c1-1bf4-468b-9a49-9a4310fc1d6f,Jack Moore,22,M
25d5f94f-716b-4436-a016-ea1a33e605ae,Charlie Smith,18,M
a75d9602-579c-4f30-93c2-41ba5bfbd7bd,Ivy Smith,55,M
30c99640-3322-4e42-b3e9-67eebe3902b9,Alice Wilson,29,Other
18250854-857c-43f6-96a4-183ee41e0e70,Eva Brown,67,M
36dcc893-82d8-487a-acec-4541df60da71,David Smith,21,F
5832a43c-1be0-480e-9ac6-c761edecb2f7,Alice Smith,52,F
44e1c518-6aca-45b7-8f51-121a252c1e07,Bob Smith,51,M
840f1b25-815c-4c4b-9ba4-c791c715d8ed,Grace Garcia,66,F
73f78c2b-7b0b-4a39-b41e-36a7baea61e8,Alice Davis,30,F
9d8deec0-790d-4f0f-be72-662ef6761354,Charlie Brown,68,M
5e2b5cc6-435a-49f2-a688-73002212c984,David Williams,27,M
42943112-0d9f-4763-a200-db10c7f5e1aa,Frank Johnson,20,F
6c9419a6-dcab-48d0-bdce-6fc372734f30,Alice Williams,46,F
c93dacf1-1e97-42e1-9ea7-c5d5d020ef05,Charlie Williams,63,M
91d70c24-71fa-4443-9a17-067d73a490a5,Jack Davis,47,M
ccbe8c85-fedb-4b3c-b60e-3de9dbee0463,Frank Johnson,68,Other
cd864f10-f524-4718-9794-e9d23600abda,David Wilson,52,M
a4b94d11-6f54-4819-ba14-d250895ac2b4,Eva Johnson,61,F
a5b8289b-d7c0-41f0-a9d1-32af6b84891a,Ivy Miller,46,M
87ef9f85-ae3e-4c24-a232-d153c90cb256,Charlie Miller,67,F
21d03481-37c5-4c1a-8531-feeb22570faa,David Wilson,46,F
712c917e-2502-4f30-868a-6ec01a1bd729,David Jones,59,F
8378438f-7a66-443f-a551-430c4f5963d5,Frank Garcia,35,M
a39652a1-d66b-49d1-9b4b-7249ee774e67,Helen Davis,44,F
ce9bf2de-2efd-41a1-b922-5df15df9172a,Bob Jones,65,F
7e20b9ab-33a9-4cdb-9033-c35953de15ef,David Miller,57,M
55634e0f-d428-45bf-93e7-ee7b5daf1e32,Grace Jones,29,F
2a935a07-b5fc-4a0e-bf09-7e0740cba199,Alice Brown,58,M
84c5b2d2-7266-416a-bd7f-f4531d6f5f60,Frank Wilson,61,F
e1c73466-5dac-43ad-b5e1-0448c1800728,Alice Garcia,19,F
ee1757ef-44f2-40c3-8e9e-8311a1f9f1e6,Helen Moore,42,M
26ed0fe0-af60-4c4e-a408-b84a4ea69dc1,Frank Johnson,26,M
c6ba1bd3-01ed-4e5c-8c78-5c7f98c39792,Ivy Brown,31,F
cb06c4c8-bce7-4b6f-9cd8-3f5645166d16,Frank Moore,54,F
fecab0dc-8f48-4e62-ac02-4cc9d4c367eb,Bob Johnson,55,M
e065ed35-af4c-4bca-8041-c0985a84dba5,Ivy Wilson,35,M
4ec67247-1a8f-42b7-947e-cc0dbf4dd669,Bob Moore,19,F
1bad945e-9681-481b-a709-d100c4050074,Charlie Smith,31,F
712ceb9a-4202-48f2-a7ed-ab4eda80c9fd,Charlie Davis,34,F
5f2fb780-116d-4d0a-b80c-8f0ba15b542a,Helen Williams,55,F
278db7bc-314c-4482-a9e9-abd4f00b1a2d,Helen Jones,21,M
af857c91-4423-4f4d-aeba-6dc93726cb26,Alice Williams,64,M
720d3a4a-d75f-452c-bc8a-8985ea5eeaba,Grace Moore,57,M
19f7fde9-7bc5-43b4-858f-917cbfbe4df3,Eva Jones,54,F
0cd799fc-7a54-4795-b847-9e722a6b3b72,Jack Miller,20,M
9a5987b5-157d-4e59-922b-120c41971720,Jack Moore,38,M
278c8ab4-83f4-4e0e-8de7-ca2f805952e6,Grace Johnson,21,Other
8baaff5c-63d8-41b5-832d-8269942841f8,Bob Brown,45,F
46e0efbf-6a67-4975-8828-a3578e14e58a,Alice Wilson,54,F
