record_id,trip_id,timestamp,traffic_density,road_condition,accident_rate_area,crime_index_area
059c6ae9-860d-4851-9008-cd7eb098186d,TRIP-873f08-0,2025-09-03 16:44:34,Medium,Construction,0.185,43
8cc8c1d0-9588-4e6b-b87b-3cc20d0af097,TRIP-873f08-1,2025-08-20 17:08:34,Medium,Construction,0.098,86
6cefbf7f-72c8-4aee-9862-e43ef5494421,TRIP-873f08-2,2025-08-28 18:06:34,Low,Construction,0.055,89
1025b4af-05f0-4b74-a0c7-ee77770c1452,TRIP-95562c-0,2025-08-24 17:13:34,High,Good,0.192,72
2daeed6c-5753-43c3-8616-a9596d32a93a,TRIP-95562c-1,2025-08-22 17:15:34,Low,Potholes,0.209,23
cad7915e-bac6-44ac-9f06-055f6e257909,TRIP-95562c-2,2025-08-27 17:23:34,Low,Good,0.228,21
205b3f59-9470-4223-b8e4-4d0b0e8b068f,TRIP-632021-0,2025-09-08 18:27:34,Medium,Good,0.157,44
a6978cbc-e059-40ce-8454-e7448672b3f0,TRIP-632021-1,2025-08-20 16:54:34,High,Construction,0.119,57
2f01bf25-4115-4d6a-aeb2-d767b8a43c58,TRIP-632021-2,2025-08-26 17:25:34,High,Construction,0.183,57
b9bbc4dc-4281-429c-adab-d193e33db8d1,TRIP-0d6689-0,2025-08-17 16:52:34,High,Potholes,0.083,26
251b8fd4-093e-42a3-b13b-a9d3538af1d3,TRIP-0d6689-1,2025-09-02 18:20:34,High,Potholes,0.241,25
1619c113-f551-494a-8674-8e8b7753ae7a,TRIP-0d6689-2,2025-08-15 17:11:34,Low,Construction,0.071,63
dbf0c084-0e1f-4986-99e9-a43fab9c3c48,TRIP-226b8b-0,2025-09-03 17:16:34,Medium,Good,0.052,74
020fa65f-f841-4646-8195-fe6320b0f2e4,TRIP-226b8b-1,2025-09-09 17:54:34,Medium,Construction,0.075,45
6b75784b-e4e7-4ddb-86f4-b29e5b61437d,TRIP-226b8b-2,2025-08-12 17:09:34,High,Potholes,0.095,65
7e94744a-c677-4adc-8f6d-5dec88f0c50d,TRIP-ee2ebd-0,2025-08-29 16:51:34,Medium,Potholes,0.186,66
98b50c7b-ac88-41c6-b7d0-0236022cbb58,TRIP-ee2ebd-1,2025-08-12 17:46:34,Low,Potholes,0.219,25
d3559368-52e9-45c3-99dd-6d53b3012e32,TRIP-ee2ebd-2,2025-08-16 18:25:34,Medium,Potholes,0.166,34
a6fc35ff-d48b-420e-a864-2863ad9266e0,TRIP-1f92be-0,2025-08-14 18:03:34,Low,Good,0.111,33
f9005766-f190-49fe-b318-e78a684bdb51,TRIP-1f92be-1,2025-08-23 17:26:34,High,Potholes,0.126,50
b1943bcd-0911-4602-8f00-b0c4c337b362,TRIP-1f92be-2,2025-08-21 18:10:34,Low,Good,0.206,41
5d27a479-13e9-4e85-a286-cd61417fb2db,TRIP-b68ed9-0,2025-09-07 17:37:34,Low,Construction,0.122,81
e3d78856-b78f-42a0-b4bb-0c5a2bb1f114,TRIP-b68ed9-1,2025-09-03 16:59:34,Low,Construction,0.179,81
dcdec68c-815b-4424-9f37-6c5a04a6d91f,TRIP-b68ed9-2,2025-09-09 18:15:34,Medium,Construction,0.111,84
5bac8064-0d65-4981-be19-bfa0ed9c6473,TRIP-7fa981-0,2025-08-22 16:59:34,High,Good,0.087,36
ab1ea916-8ed7-4a61-a9ce-e8b950735447,TRIP-7fa981-1,2025-08-21 17:17:34,Medium,Potholes,0.077,30
e2471e8a-0110-4a06-b7a9-011d92564be6,TRIP-7fa981-2,2025-08-12 17:31:34,High,Potholes,0.162,88
834205cb-3484-4557-89c1-e3824e9e6414,TRIP-f26713-0,2025-09-09 17:46:34,Low,Construction,0.245,51
d6760aa7-dcbd-40a7-a8fa-0ebfb0ead6a4,TRIP-f26713-1,2025-09-08 18:42:34,High,Potholes,0.068,88
9e379027-5526-4469-8ed0-a0f347161bc1,TRIP-f26713-2,2025-08-25 17:13:34,Medium,Potholes,0.085,50
e8961910-f0ea-4318-94dd-279a8a0d1a7a,TRIP-617530-0,2025-08-15 18:31:34,High,Good,0.235,24
3d3a5f55-15aa-4d21-a0d5-f451da0763ba,TRIP-617530-1,2025-08-23 18:16:34,Low,Potholes,0.169,67
829f6949-3ad1-4403-9f70-e0589ce2c16b,TRIP-617530-2,2025-09-05 16:50:34,High,Construction,0.165,51
f1a749bd-c440-457b-af94-891501a7c9f9,TRIP-62d8ed-0,2025-08-27 18:35:34,Low,Construction,0.175,86
55af88d4-d83b-4711-8338-f8c1fe483e8e,TRIP-62d8ed-1,2025-08-26 18:24:34,Medium,Construction,0.053,63
cfc000ac-f866-46a8-b87a-9d59fe514bee,TRIP-62d8ed-2,2025-08-15 17:40:34,Medium,Good,0.14,27
6dd3471e-b8cd-4691-b2b3-c98621eefe56,TRIP-ba0985-0,2025-09-05 17:36:34,Medium,Potholes,0.063,48
b7c245ff-db21-444d-ad33-519d880d06fa,TRIP-ba0985-1,2025-08-23 18:30:34,Low,Potholes,0.176,46
5b77bde4-34f8-48c1-ac38-bf1c240779c0,TRIP-ba0985-2,2025-09-09 18:34:34,High,Potholes,0.094,50
e1597b10-8f5e-4993-a127-2fde30a1074e,TRIP-b6b842-0,2025-08-25 17:48:34,Low,Good,0.218,42
e9e40bb6-1a5a-499e-a6e5-359d330f8bc8,TRIP-b6b842-1,2025-09-04 17:40:34,Low,Potholes,0.22,36
38807827-af25-454f-b61a-3088f751ee1b,TRIP-b6b842-2,2025-08-22 17:44:34,High,Good,0.193,42
224651b2-e4ba-4ab6-939b-0bce291aac13,TRIP-3ac54b-0,2025-09-09 18:41:34,Medium,Construction,0.137,78
8ebfbbaa-b7e7-4e62-8b24-564bb7bf7203,TRIP-3ac54b-1,2025-08-31 18:36:34,Medium,Good,0.202,28
1d5290c5-c17e-4fd7-bb4a-ff6c5c9836ef,TRIP-3ac54b-2,2025-09-06 16:51:34,Low,Potholes,0.158,63
7349b1c2-b24f-48a6-b68d-3f4479beb38c,TRIP-14f121-0,2025-09-04 17:04:34,Low,Potholes,0.159,26
4fe4ea60-d140-4e73-ab61-745ea0f2e53c,TRIP-14f121-1,2025-08-25 17:41:34,High,Potholes,0.087,69
d7601923-b168-4a1b-97f4-c463a886a625,TRIP-14f121-2,2025-09-10 17:34:34,Medium,Potholes,0.208,25
96b1b14e-d510-4000-b612-1fbded33f4b3,TRIP-b10049-0,2025-09-09 18:13:34,High,Construction,0.181,69
154b1ddf-717e-4da8-9329-4ad5db7987ba,TRIP-b10049-1,2025-08-29 17:49:34,Low,Good,0.078,89
24f462e3-d2c1-4212-9329-f3a2d2e5c501,TRIP-b10049-2,2025-09-11 17:28:34,Low,Potholes,0.111,61
af31cf3e-29ae-4a16-b06e-143638d464ca,TRIP-4f0572-0,2025-08-16 17:43:34,High,Good,0.122,22
eac142b8-820e-47e5-bf1a-3dc301ff2a3a,TRIP-4f0572-1,2025-09-03 17:38:34,High,Good,0.071,46
88fd00fc-87d5-4825-a6f4-a6fd7dcbffe9,TRIP-4f0572-2,2025-08-28 18:35:34,Medium,Good,0.133,20
a2d4fe9c-ef98-4a2d-b593-0ebc1d720562,TRIP-f6118f-0,2025-08-12 17:18:34,Low,Good,0.238,20
a7f6de94-a289-49f5-874b-10c48ab6c4d2,TRIP-f6118f-1,2025-09-01 17:50:34,Medium,Potholes,0.133,63
a5c37e89-dbb3-41d1-8c65-4d29ee4f3a6f,TRIP-f6118f-2,2025-08-27 17:10:34,High,Construction,0.129,68
dfc75948-c312-40e2-a398-dd8fe54fa6ee,TRIP-a19777-0,2025-08-26 17:40:34,High,Good,0.109,50
0c922369-c05b-4c3a-b173-17ef878c6339,TRIP-a19777-1,2025-08-18 18:13:34,Low,Good,0.136,60
29f47d2e-3e56-4fd5-8815-3e9cb9766065,TRIP-a19777-2,2025-08-25 18:23:34,Medium,Construction,0.095,26
807cd4ec-9ae1-47e1-a6ff-63f09cec2c29,TRIP-9a4e68-0,2025-09-06 17:36:34,Low,Good,0.221,51
c5739dcf-d433-4179-941e-4abbefb65ebb,TRIP-9a4e68-1,2025-08-22 17:49:34,Low,Potholes,0.126,63
cbfa37c3-7285-4254-90ca-1afdfd917bd0,TRIP-9a4e68-2,2025-08-23 17:01:34,High,Good,0.174,72
eecd750d-675e-4047-805d-0297625400df,TRIP-c501ac-0,2025-09-03 17:51:34,Medium,Good,0.078,35
9da78fd9-e437-41c4-b290-a86771204709,TRIP-c501ac-1,2025-08-12 18:07:34,Medium,Potholes,0.222,77
bca88105-793b-4976-bcf5-54f812576f46,TRIP-c501ac-2,2025-09-07 17:12:34,High,Potholes,0.211,64
f940acd8-8334-4ce5-97ec-0951e827b197,TRIP-04d738-0,2025-08-17 17:39:34,High,Construction,0.228,77
d62f3eb4-3b00-43e7-bd99-f44890af4950,TRIP-04d738-1,2025-08-16 18:34:34,Low,Good,0.239,28
1dc70612-f271-4098-8e41-77b87c2e3462,TRIP-04d738-2,2025-09-11 18:22:34,Low,Good,0.101,76
fc495958-97f4-442e-a754-ca8303c55c01,TRIP-693649-0,2025-08-22 18:42:34,High,Good,0.093,36
b7a2ac1d-f616-481a-8c94-6b5b591a6e8d,TRIP-693649-1,2025-08-18 17:05:34,Medium,Construction,0.08,90
ecf351e5-cfbc-4363-93c8-ab8059c2081a,TRIP-693649-2,2025-09-07 18:11:34,Medium,Good,0.101,71
33cb85ba-a097-42bc-840c-bdc3190adb4d,TRIP-d8de7b-0,2025-08-22 18:20:34,High,Potholes,0.154,34
68d594c2-5c6e-4da6-b971-86914912ef55,TRIP-d8de7b-1,2025-08-20 17:43:34,Medium,Potholes,0.204,26
ea4bb5d8-463d-43ea-9d00-580ed1e20b74,TRIP-d8de7b-2,2025-09-11 18:01:34,High,Potholes,0.232,69
a36a96ba-1fdd-43d8-b5d2-f84a39845a50,TRIP-752ee9-0,2025-08-20 18:16:34,Low,Potholes,0.114,40
96c27256-8d69-403a-8106-4e0975c214f6,TRIP-752ee9-1,2025-08-12 17:59:34,Low,Construction,0.125,89
154b3b2a-f61f-41cf-99fd-0f63fbfdf6bb,TRIP-752ee9-2,2025-08-29 17:23:34,High,Potholes,0.075,86
76ac0d96-9bf1-4c00-8c36-a6066deaf99a,TRIP-9e145d-0,2025-08-23 17:22:34,Low,Construction,0.065,56
61e86e38-bbf1-4ad1-aa10-fe9bffd79c40,TRIP-9e145d-1,2025-09-01 17:49:34,High,Potholes,0.053,46
f8d23063-ea0b-4e0f-9987-506e4db073a8,TRIP-9e145d-2,2025-09-10 18:10:34,Low,Good,0.171,37
2b482322-503f-4df6-82bf-87f099242080,TRIP-c1fe39-0,2025-08-21 18:18:34,Medium,Construction,0.065,69
e5df1a65-8b7d-4391-bce4-ae5faf12f0e1,TRIP-c1fe39-1,2025-08-28 17:50:34,High,Construction,0.19,59
c0c1cb15-746b-48ba-a5f7-aeedb9457179,TRIP-c1fe39-2,2025-09-11 18:40:34,Low,Potholes,0.075,49
d3b685f9-6a1b-4614-b416-0bc1f6f7735e,TRIP-faceec-0,2025-09-08 17:55:34,Medium,Potholes,0.098,51
c838f5f3-884d-4112-bc9b-09817a793735,TRIP-faceec-1,2025-08-31 17:20:34,Medium,Construction,0.234,68
0b243b16-295a-40a5-b657-cb9ee669f3e3,TRIP-faceec-2,2025-08-13 16:45:34,Low,Potholes,0.088,29
c7aee6a6-1d8c-40e5-a3b8-2da46bbdb6c0,TRIP-cf82dd-0,2025-08-29 18:17:34,High,Potholes,0.096,26
e8e7cc8f-8ffe-46e8-94f2-e50cbd2d27dc,TRIP-cf82dd-1,2025-08-12 17:49:34,Low,Potholes,0.24,62
1a9a2317-eb9c-4933-81bd-7a309a743dac,TRIP-cf82dd-2,2025-09-01 17:49:34,Medium,Potholes,0.079,34
86535efa-5214-42ed-b7a0-7b6153b82688,TRIP-5d8cd3-0,2025-09-09 18:02:34,High,Potholes,0.232,51
0fe16416-24bb-44d2-bb28-5301afbde066,TRIP-5d8cd3-1,2025-08-30 18:17:34,Low,Construction,0.186,54
6e586110-e732-4503-b728-5e464777bb15,TRIP-5d8cd3-2,2025-09-01 16:42:34,Low,Good,0.154,53
63ec201e-8079-477a-9317-bd0d4b2c98d1,TRIP-e372ee-0,2025-08-16 18:12:34,Low,Construction,0.217,79
87de55c7-dae7-4344-b220-ad8bdaff6935,TRIP-e372ee-1,2025-08-14 17:02:34,Low,Good,0.063,47
7ae4dacf-2e51-428f-aa86-c59b342d2e8f,TRIP-e372ee-2,2025-09-10 17:29:34,High,Potholes,0.198,46
dfd1dd3b-844c-41b2-b4fc-110e40fa6469,TRIP-7014fe-0,2025-08-12 18:33:34,High,Potholes,0.186,80
2e5502c0-4117-4d5c-b4c3-93a07cead167,TRIP-7014fe-1,2025-08-14 17:15:34,Low,Construction,0.137,79
4626e62e-0211-42a1-9dce-dc902ff2458f,TRIP-7014fe-2,2025-08-23 18:13:34,High,Good,0.07,87
6c63e965-953c-4c2c-976f-5b3af17cc2fb,TRIP-d2f91e-0,2025-09-04 18:40:34,High,Potholes,0.051,86
8771e97a-ec7e-4ae9-89d8-0e0c830a2fc2,TRIP-d2f91e-1,2025-08-19 18:36:34,Low,Construction,0.058,57
59a1343b-99c7-4917-aa5f-89bd480f76a3,TRIP-d2f91e-2,2025-09-09 18:16:34,Low,Good,0.197,83
f4aecffd-5434-40b2-8217-77ca9dd7de14,TRIP-735941-0,2025-08-12 17:23:34,Medium,Good,0.053,59
04c3e744-2a19-4c22-bf0c-8622d4d79180,TRIP-735941-1,2025-08-29 17:15:34,High,Construction,0.08,62
accca9f9-c55f-46a1-b0e9-e905d0f09878,TRIP-735941-2,2025-09-01 16:56:34,Low,Construction,0.148,70
1c1c29e9-40a1-4d03-92b1-d9d1163dbff2,TRIP-3f1853-0,2025-08-16 18:36:34,High,Construction,0.131,90
ffc0ab8c-452d-4f17-b690-e2f47f006cce,TRIP-3f1853-1,2025-08-15 18:08:34,High,Potholes,0.238,23
6c448ad2-b25d-4661-92d4-7aaeb62ece8b,TRIP-3f1853-2,2025-08-20 18:30:34,Medium,Good,0.167,72
9aa27fc2-5038-4de7-b648-6e9db38c9fbc,TRIP-305714-0,2025-09-11 17:40:34,High,Potholes,0.212,24
cd05cd58-4ff2-4675-b86d-43f6d101aa5b,TRIP-305714-1,2025-09-10 17:39:34,Low,Construction,0.142,70
a2cdad44-6c21-43f6-a6b2-cb9cf7aa9073,TRIP-305714-2,2025-08-23 17:03:34,High,Good,0.197,54
efc901f2-aa3c-4dcc-b007-49af54034bd9,TRIP-0083fb-0,2025-08-27 18:19:34,Low,Good,0.115,63
5e1fefd3-4dfc-42f8-b5c2-01b1178f18ea,TRIP-0083fb-1,2025-08-30 17:43:34,High,Potholes,0.175,55
30ee9990-c015-48e6-9270-2ed3e6b2ecc1,TRIP-0083fb-2,2025-08-22 17:05:34,High,Construction,0.242,47
4d1bfdf4-fe7d-4f13-bbe9-460699df70dd,TRIP-bdcff9-0,2025-08-19 18:19:34,Low,Construction,0.223,69
eafdbfcb-5e53-4f98-a609-2ad492705f6e,TRIP-bdcff9-1,2025-08-16 17:41:34,Medium,Construction,0.122,21
b6a8dfd7-2d95-4ff9-b5d7-e93886eb36b8,TRIP-bdcff9-2,2025-08-14 18:25:34,High,Good,0.149,45
bd6d8630-5828-4689-af7b-8f04dc2e27f4,TRIP-2ccc08-0,2025-08-20 17:44:34,Medium,Potholes,0.127,79
8162475a-ee0a-4b33-aee7-c96de0d763e3,TRIP-2ccc08-1,2025-09-10 17:34:34,Medium,Construction,0.07,45
4f3c9fe2-bd33-4cd4-8311-bc06bd3b2f25,TRIP-2ccc08-2,2025-08-18 18:03:34,Low,Potholes,0.219,30
675d4d83-0354-4c13-bbcf-1abde450e15a,TRIP-999e3e-0,2025-09-10 18:21:34,Low,Good,0.15,24
5edfa32d-a791-4f18-b805-e1e4d16be914,TRIP-999e3e-1,2025-09-02 18:23:34,Low,Good,0.216,54
a476a4d9-0b86-4a05-bcbe-3d6d0088a24f,TRIP-999e3e-2,2025-08-20 17:13:34,High,Construction,0.097,89
f642faf2-5d76-4c6f-9807-a5ca4818da76,TRIP-1d1813-0,2025-08-26 17:50:34,Low,Potholes,0.133,46
f4ca41a6-9403-4ad9-b5e8-f5f6d2b865d0,TRIP-1d1813-1,2025-08-16 17:37:34,Low,Potholes,0.138,22
a90c8bdb-f274-4c67-a2b4-82f7771ebe36,TRIP-1d1813-2,2025-08-27 18:29:34,Medium,Good,0.22,55
7a6cc5f9-1fc9-450a-ad2f-5e1b8a36eb3c,TRIP-55d6e1-0,2025-08-19 17:27:34,High,Potholes,0.216,70
ea29d326-e22c-4370-bbea-653bd0e5d865,TRIP-55d6e1-1,2025-08-27 18:35:34,Low,Good,0.211,79
65e69692-9114-4918-bce1-a2eaca195bf8,TRIP-55d6e1-2,2025-08-31 17:26:34,Low,Potholes,0.226,77
fce193e8-bf64-4b0b-b416-8255ce1e396d,TRIP-cfd123-0,2025-08-21 18:23:34,Low,Good,0.1,57
d472329e-7530-455a-a34f-acde492c886d,TRIP-cfd123-1,2025-08-17 17:12:34,High,Potholes,0.242,90
370b7d7c-bb61-4fb7-891e-3e27bed95b3e,TRIP-cfd123-2,2025-08-23 16:47:34,High,Potholes,0.085,60
c46f0bba-2020-4f0e-84ac-1dcab784aa7c,TRIP-6976de-0,2025-08-29 18:19:34,Medium,Good,0.249,63
5575289d-8797-4419-beca-a3ae0f86bede,TRIP-6976de-1,2025-08-19 17:35:34,High,Potholes,0.084,38
d444c181-4ce2-4ad9-93f8-5f4301984809,TRIP-6976de-2,2025-08-22 17:19:34,Medium,Good,0.096,45
d48b1c05-692a-4062-be56-5b66f5614421,TRIP-902bd8-0,2025-09-07 17:16:34,Low,Good,0.231,81
fa3cb131-92b0-48f1-b86b-5fbd1cfcfc3d,TRIP-902bd8-1,2025-08-19 17:44:34,Low,Potholes,0.196,72
92b7fc81-61b1-429d-91ca-4f1344614006,TRIP-902bd8-2,2025-08-30 18:33:34,Low,Potholes,0.105,57
d561a9b6-201c-4ee7-8ae8-05b3fef24d3f,TRIP-6e6b09-0,2025-09-03 17:58:34,Medium,Potholes,0.061,58
9fb3a9c6-aaee-409a-80d5-0a5b8c632d13,TRIP-6e6b09-1,2025-09-04 17:53:34,High,Potholes,0.105,60
3d2ca4c4-8e4a-4cd2-8459-15db29f31798,TRIP-6e6b09-2,2025-08-14 17:26:34,Low,Good,0.168,41
e2604c0b-d58c-4c56-8feb-7d48db20a8ab,TRIP-80c9d1-0,2025-08-16 17:54:34,High,Good,0.143,46
6cc3f701-1868-4723-aff3-e2af8b0da186,TRIP-80c9d1-1,2025-08-25 18:18:34,Low,Potholes,0.115,51
533d7c63-e859-48cb-9eba-4c40196205a0,TRIP-80c9d1-2,2025-08-31 17:45:34,High,Potholes,0.09,63
3221ef5a-acee-40e0-94c2-4eda3e1031ed,TRIP-e42b27-0,2025-09-01 18:33:34,Medium,Construction,0.239,63
ff88483b-56fd-4526-ba80-d30f8aa3fba3,TRIP-e42b27-1,2025-08-12 16:53:34,Low,Construction,0.228,65
980bf735-b1fd-4a2a-99fa-373074242d92,TRIP-e42b27-2,2025-08-19 17:29:34,High,Potholes,0.082,62
cd96c6b0-d858-43a2-8ce8-781d0b2c27f0,TRIP-bbf7a1-0,2025-08-28 18:08:34,Medium,Potholes,0.083,25
20569ef2-19a1-431e-b453-7c216d68086a,TRIP-bbf7a1-1,2025-09-11 17:07:34,Medium,Potholes,0.083,48
1f3e1616-c69d-45dc-a1dc-e68ab5616cf8,TRIP-bbf7a1-2,2025-08-18 17:40:34,High,Good,0.088,44
85a4d8c6-7a9e-4b2d-a3ab-f67583c271cb,TRIP-77f2a3-0,2025-09-08 17:59:34,Medium,Construction,0.133,90
62d3905e-2d42-4214-97a6-bc48049aa321,TRIP-77f2a3-1,2025-09-08 18:17:34,Low,Good,0.139,58
e05a9e14-8498-452d-9acc-601869cb0b1c,TRIP-77f2a3-2,2025-09-08 16:58:34,Low,Construction,0.103,37
2a634613-afaa-493f-9389-6bda32b78ec5,TRIP-0e8afc-0,2025-09-08 17:30:34,Low,Construction,0.202,42
82f056d1-7bba-43b5-97b5-4266cebea539,TRIP-0e8afc-1,2025-08-30 18:21:34,High,Construction,0.181,25
5d374d21-5d83-4470-b863-2aac2f1b16a4,TRIP-0e8afc-2,2025-08-12 17:40:34,High,Potholes,0.118,37
73fe2d3a-aca9-4ac5-babf-1e0776508121,TRIP-06558e-0,2025-08-28 17:53:34,Low,Good,0.094,31
505964b7-7827-4872-9241-25d165c0904e,TRIP-06558e-1,2025-09-11 16:42:34,Medium,Good,0.081,42
33cbacca-5f97-4605-8e49-d564ea0dc19e,TRIP-06558e-2,2025-09-03 16:52:34,Medium,Good,0.146,56
fd0889f9-a49a-44dc-9b3a-aaac3c8e1a24,TRIP-370740-0,2025-09-09 17:33:34,Medium,Potholes,0.079,57
7e34f2ad-a748-4540-894a-f0340c3e6e6e,TRIP-370740-1,2025-09-11 17:55:34,High,Potholes,0.192,47
3695dd94-5f06-40a1-95ed-20dfabb3c819,TRIP-370740-2,2025-08-31 17:01:34,High,Construction,0.147,42
a63e7f8e-239c-493e-b8bc-0896700ff252,TRIP-493cfb-0,2025-08-26 18:09:34,High,Good,0.125,56
c3aae629-b7e8-4f04-a6b9-b4a97d050c5f,TRIP-493cfb-1,2025-08-29 17:33:34,High,Construction,0.054,79
91df74aa-57ea-4ecf-9763-ab8f8ba4b8d0,TRIP-493cfb-2,2025-08-31 18:19:34,High,Good,0.15,53
74a3538f-00ff-4d1f-ab67-feb141a479d7,TRIP-ebfa02-0,2025-08-16 17:26:34,Medium,Potholes,0.142,76
3b7f2e93-3e20-460a-a035-eea2f5ca2c1e,TRIP-ebfa02-1,2025-09-11 17:18:34,Low,Potholes,0.193,52
2b1f4a2f-0f4b-4c2c-af11-71a51d703f24,TRIP-ebfa02-2,2025-08-25 18:34:34,Medium,Good,0.074,54
ff3ee820-cdb7-4da0-b997-2ca3f579e380,TRIP-a14762-0,2025-08-17 17:05:34,Low,Potholes,0.157,62
360e799f-5aa9-47ab-8dc2-f567d0d353d0,TRIP-a14762-1,2025-08-26 18:09:34,High,Construction,0.076,82
3ad604b4-edf5-4c4b-94e5-151e1ef15549,TRIP-a14762-2,2025-08-20 17:46:34,Medium,Construction,0.164,38
5dbefa8b-f4e8-4eae-bcc3-372a9aacc13c,TRIP-8be14f-0,2025-09-05 16:57:34,Low,Good,0.113,39
bff47b4e-c148-45bf-a319-3ab0ac8e1885,TRIP-8be14f-1,2025-09-10 17:19:34,Medium,Good,0.15,20
0cd629fd-c382-452f-b44b-99c9f70662e2,TRIP-8be14f-2,2025-09-05 17:16:34,Low,Construction,0.114,57
982152d4-646d-4b57-9fae-1314efad7ba9,TRIP-4ec25d-0,2025-08-12 16:42:34,Medium,Good,0.064,60
0f797b11-aca1-4984-9a54-5890b5e8bfef,TRIP-4ec25d-1,2025-08-13 18:08:34,Low,Potholes,0.055,38
d9787cac-4be2-4fd6-b1b3-e6c3a7d1a458,TRIP-4ec25d-2,2025-08-26 17:53:34,Low,Potholes,0.224,54
2d841e59-a75f-4fd0-9f46-21de36a69ca9,TRIP-f26725-0,2025-08-25 18:10:34,High,Good,0.087,37
2c00d947-7e27-4a56-b230-c163171c5e95,TRIP-f26725-1,2025-09-03 18:34:34,High,Good,0.082,62
0a1c31a6-e595-4c51-b5d7-092b9a7cc880,TRIP-f26725-2,2025-09-01 18:23:34,High,Good,0.105,20
87e168f2-262e-4361-815d-844880b7f572,TRIP-fabbb5-0,2025-08-13 18:39:34,Low,Construction,0.196,20
95989de2-ab27-49e4-8541-e8fbeca8beb0,TRIP-fabbb5-1,2025-09-04 17:20:34,Medium,Good,0.074,31
85ad11ed-d0ea-465d-a7d5-0efb3bad9fcb,TRIP-fabbb5-2,2025-09-04 16:59:34,High,Potholes,0.171,36
305f4cc0-af21-4b6e-99f4-b644552a55fd,TRIP-fca4a0-0,2025-09-10 18:28:34,High,Construction,0.184,78
7d135c78-ac8e-43fe-bba0-7210309ff22a,TRIP-fca4a0-1,2025-08-21 17:00:34,Medium,Construction,0.112,65
7609d460-c729-44d7-9164-16c87ff90a35,TRIP-fca4a0-2,2025-09-04 16:48:34,High,Potholes,0.153,83
1c6f2f31-659a-4e50-9634-f9e00b5c72a3,TRIP-09c0d3-0,2025-08-18 18:36:34,Medium,Potholes,0.056,60
5f9a582a-0fe1-4f9b-a55b-9248e18b7e2a,TRIP-09c0d3-1,2025-08-15 17:55:34,High,Potholes,0.062,38
053bcf04-6f1d-4747-bb77-00fa1ab98791,TRIP-09c0d3-2,2025-08-17 18:08:34,High,Construction,0.163,86
7ebf56f9-32a4-49ed-9b52-2e23c7db0812,TRIP-0e795d-0,2025-09-03 18:01:34,Medium,Potholes,0.189,51
1d723c75-88e7-43dd-b205-6d92d4ee6fc6,TRIP-0e795d-1,2025-09-06 17:48:34,High,Potholes,0.062,27
aa03a8fe-4d6d-47d5-a195-7715d0225e41,TRIP-0e795d-2,2025-09-08 17:18:34,Medium,Good,0.104,41
da453b1a-8350-4ad0-aefc-2ea380cb58fb,TRIP-210ef1-0,2025-09-02 17:03:34,Medium,Construction,0.21,46
ff9de483-bade-4da5-a1b9-ef86b393f078,TRIP-210ef1-1,2025-08-27 17:35:34,Medium,Good,0.096,26
b0340ec7-f536-42cd-b9d6-ebca631bc941,TRIP-210ef1-2,2025-08-28 17:26:34,Medium,Construction,0.076,30
a638fa55-b178-4092-a22a-12ea92a16bed,TRIP-951b6d-0,2025-08-21 17:21:34,Low,Potholes,0.111,58
ce6214da-fe7f-47b0-a8d7-e0cae96ee24c,TRIP-951b6d-1,2025-09-05 17:13:34,Medium,Construction,0.066,85
70a09e23-16c1-44da-add2-022472fcc37c,TRIP-951b6d-2,2025-08-21 16:55:34,High,Potholes,0.077,29
2b63fd87-5583-4e22-bcbf-4f9d85a8ebcf,TRIP-327600-0,2025-09-01 17:21:34,Medium,Construction,0.115,46
9bf17f34-cf64-452d-b847-02a4392e8eb2,TRIP-327600-1,2025-09-03 18:02:34,Medium,Potholes,0.071,43
8347b789-56a8-4635-8801-99e641dc18c3,TRIP-327600-2,2025-09-01 16:48:34,High,Construction,0.141,30
980d8de7-6535-45a7-9163-8c6414d01a8d,TRIP-c21d52-0,2025-09-05 17:17:34,Low,Potholes,0.089,37
c36256e8-5548-459e-be35-5962a0115a54,TRIP-c21d52-1,2025-09-10 16:53:34,Low,Potholes,0.242,24
b7ce67e2-d35b-41bf-b5f9-df7849dab76b,TRIP-c21d52-2,2025-08-29 17:23:34,High,Potholes,0.151,35
d9e01ec3-d39c-4026-8869-2de10b765f8e,TRIP-49284e-0,2025-08-28 16:50:34,Low,Good,0.074,67
5019a198-1321-492a-bf62-7a71ae05f32e,TRIP-49284e-1,2025-08-31 17:54:34,High,Good,0.165,38
175575c5-07c8-46c5-9422-2e9998382e3c,TRIP-49284e-2,2025-08-12 17:30:34,Low,Potholes,0.239,37
5a859115-722e-497e-8ce1-3b7a10280b04,TRIP-38fb6f-0,2025-08-26 17:20:34,Low,Construction,0.058,44
b70a80db-481a-40ca-9b70-e7d45c302337,TRIP-38fb6f-1,2025-08-30 17:32:34,Medium,Construction,0.173,66
537ec9af-4aa1-40ce-80a2-6fc080f75250,TRIP-38fb6f-2,2025-08-31 17:36:34,High,Potholes,0.169,33
1377ff48-4df0-4fbe-99b2-f335dd7be7ac,TRIP-c99bef-0,2025-08-14 16:53:34,High,Good,0.187,74
3290ce9c-d2a9-4dce-8786-6a6afe9eada7,TRIP-c99bef-1,2025-08-26 18:26:34,Medium,Good,0.131,26
5b1f42cb-0566-4fbf-b0cc-9b088369892a,TRIP-c99bef-2,2025-09-10 17:49:34,High,Good,0.194,71
0afc00a5-b0bc-409f-8fbc-d2cc381f78c4,TRIP-2d4d57-0,2025-08-28 16:55:34,High,Construction,0.098,37
cf3f44f4-d657-4fee-bddc-4dec87cb81f7,TRIP-2d4d57-1,2025-08-28 18:17:34,Medium,Good,0.069,88
5797ad84-aac9-454f-a392-10afec3a4743,TRIP-2d4d57-2,2025-08-25 17:36:34,Low,Potholes,0.215,53
1484edfc-52b0-4b1e-90e8-230f678be2d1,TRIP-bb5a3e-0,2025-09-10 18:14:34,High,Potholes,0.199,29
a0475e2e-61fe-48c4-9fdb-d5c6eafeb463,TRIP-bb5a3e-1,2025-08-26 17:56:34,High,Construction,0.186,59
d5678f9b-c810-4ba5-a0d5-b6442a843b7d,TRIP-bb5a3e-2,2025-08-18 17:40:34,High,Potholes,0.136,29
96d404f4-3a46-4e82-a5e9-7dcf1a889a00,TRIP-7a0fab-0,2025-08-16 18:32:34,High,Construction,0.175,68
17923d68-244a-4bc4-86af-90897eab711f,TRIP-7a0fab-1,2025-08-24 17:47:34,Low,Construction,0.229,51
2cf12746-d7ce-41a2-8a17-3d2a5f191e28,TRIP-7a0fab-2,2025-08-27 17:49:34,Medium,Construction,0.106,20
0a7becba-2915-490e-9cec-a1897590f5f7,TRIP-5fb831-0,2025-08-22 17:34:34,Medium,Construction,0.071,76
4bd8ac1e-6964-4ed6-a378-f90bae9f4eaa,TRIP-5fb831-1,2025-09-10 17:53:34,Low,Construction,0.06,66
721afe03-f079-42dd-907b-3e114101cebc,TRIP-5fb831-2,2025-08-20 17:49:34,Low,Good,0.181,63
2b2f9d41-8437-4ad2-b159-1ed8b564db62,TRIP-31a4e6-0,2025-08-12 18:41:34,Low,Potholes,0.086,32
730cf258-cbc2-47dc-994f-9addd176d49b,TRIP-31a4e6-1,2025-09-08 17:29:34,High,Good,0.099,51
f89b7c2b-2a9b-4e4f-a2c4-3845c523e6a7,TRIP-31a4e6-2,2025-09-07 18:29:34,Medium,Good,0.198,41
2e9af47f-7850-48af-b408-f2841ba3b4db,TRIP-f5d9c3-0,2025-08-21 18:14:34,Low,Potholes,0.074,89
b856b92e-3c20-4ce9-891b-ff62ab7df395,TRIP-f5d9c3-1,2025-09-07 18:25:34,High,Good,0.124,38
ed86e544-d61c-4594-9bba-01b28d5188fa,TRIP-f5d9c3-2,2025-09-08 17:28:34,Low,Construction,0.23,73
1bdca0a9-793d-45f3-89e1-b5a24dd0dce9,TRIP-bf5ba9-0,2025-08-27 17:15:34,High,Potholes,0.132,24
e82e5238-5d65-4f03-a6cc-96fa3f45f5c0,TRIP-bf5ba9-1,2025-08-21 18:00:34,Low,Potholes,0.125,47
c361e0cc-c11d-4548-b8c3-f4413d6c1f93,TRIP-bf5ba9-2,2025-08-18 18:12:34,High,Good,0.088,44
6e3eece9-8a68-4062-8f90-eb4fa3a75b2b,TRIP-3c6f23-0,2025-08-14 18:22:34,High,Construction,0.214,51
f8f76695-dd9f-44a8-92a6-ac04e9ad5725,TRIP-3c6f23-1,2025-08-21 16:48:34,Medium,Construction,0.196,71
063ebea6-016d-480e-a6b6-24c301c0bd85,TRIP-3c6f23-2,2025-08-24 16:59:34,High,Good,0.249,64
afed6c13-e312-402f-a697-843a815a44be,TRIP-f64a6e-0,2025-08-14 16:46:34,Low,Potholes,0.171,52
7bdce802-2822-4c14-88f9-dce77f61d12f,TRIP-f64a6e-1,2025-08-23 18:13:34,Medium,Good,0.192,88
cd82cc2e-dd59-40a5-a2a9-6fd8bc1710b0,TRIP-f64a6e-2,2025-09-05 17:24:34,High,Potholes,0.23,53
926fd371-461d-43a7-ba25-8306076c554a,TRIP-b91e69-0,2025-08-30 17:45:34,Medium,Good,0.124,73
729b7c5b-e2f8-4bd1-b81e-ab3cff8001d0,TRIP-b91e69-1,2025-09-06 18:01:34,Medium,Good,0.105,60
6c2c568d-2d37-4af4-ae87-8fe84d257edf,TRIP-b91e69-2,2025-08-31 18:34:34,Medium,Potholes,0.067,83
0c8f6fb9-510b-4ba2-bb57-7ebc1d333ede,TRIP-6f10f1-0,2025-08-28 17:08:34,Medium,Potholes,0.193,78
0cee5605-e8d3-496c-9580-6d8893c86e7b,TRIP-6f10f1-1,2025-08-16 17:09:34,Medium,Good,0.054,68
dc851b54-39b0-41ed-b3e6-92aff47b289b,TRIP-6f10f1-2,2025-09-04 18:19:34,High,Potholes,0.131,89
b04a3e51-9f6a-4c38-a3db-7c1135ddb8d5,TRIP-9599fa-0,2025-08-30 18:30:34,Low,Construction,0.099,20
0b0aefe3-b811-42c0-b39b-c63f3815c7b9,TRIP-9599fa-1,2025-08-23 18:23:34,High,Construction,0.206,79
78f65070-f85b-49b7-90f3-e2d9d3a93033,TRIP-9599fa-2,2025-09-07 17:58:34,Low,Good,0.146,87
ef694562-cdb0-459a-b919-7997952ca845,TRIP-c48d69-0,2025-08-31 17:23:34,Medium,Good,0.094,72
9386b5be-2d3a-442c-a2dd-906f47a9b42d,TRIP-c48d69-1,2025-08-17 16:52:34,High,Potholes,0.111,71
dc0fa82e-13b7-44ff-98d7-c7db2ebaa3b3,TRIP-c48d69-2,2025-08-12 17:16:34,Low,Construction,0.057,65
32d05acf-da89-4025-be51-b66bfdc8b2f1,TRIP-8393dd-0,2025-09-07 18:23:34,Low,Potholes,0.144,33
4e5497b9-ef44-4c5d-bd25-bfc35eb51e01,TRIP-8393dd-1,2025-09-11 17:58:34,Medium,Good,0.218,30
0a8b973e-5cf7-414d-b277-399bca226a08,TRIP-8393dd-2,2025-08-25 17:07:34,Medium,Good,0.1,35
b9bd9051-f314-408c-908e-4f6fa60a7282,TRIP-604621-0,2025-08-24 17:00:34,Low,Potholes,0.071,39
f26b14fd-a4f0-482b-99be-9919fc03ab44,TRIP-604621-1,2025-08-18 16:42:34,Medium,Potholes,0.218,35
5bd68631-822d-41b5-b34a-1942f668a4d7,TRIP-604621-2,2025-08-18 18:23:34,High,Potholes,0.065,55
5b8e3ea3-bdcb-4ded-b5bf-055f4b596816,TRIP-02fd7a-0,2025-08-15 17:46:34,High,Construction,0.179,44
fcee469a-a530-428f-8f72-6c7054cdc01c,TRIP-02fd7a-1,2025-08-27 18:30:34,Low,Potholes,0.166,24
1266bde4-a17a-4a8c-b57c-e21f78633656,TRIP-02fd7a-2,2025-09-07 18:37:34,High,Potholes,0.115,61
bacb894b-a2f0-4b35-8bdb-e8b1be078264,TRIP-c1597d-0,2025-08-13 17:59:34,High,Construction,0.237,53
e6bb1764-cab0-475c-8121-c2c73c7c748d,TRIP-c1597d-1,2025-08-29 18:30:34,Medium,Good,0.092,69
89c74572-54d7-48ec-a089-4d838c096e10,TRIP-c1597d-2,2025-08-19 17:25:34,Low,Good,0.146,61
9e2be1f4-1ff7-4e29-93a1-2356400c916f,TRIP-d6a0a5-0,2025-09-04 17:36:34,Low,Potholes,0.117,50
0e58ae4c-6d7b-47aa-bfd7-a661892f18e1,TRIP-d6a0a5-1,2025-08-19 17:00:34,High,Potholes,0.174,47
1282b26b-7b41-43f3-b288-145e7ba89cd7,TRIP-d6a0a5-2,2025-09-04 17:23:34,Medium,Good,0.209,87
c07a61eb-2886-4a86-94c9-b6d0871a7ec4,TRIP-025a84-0,2025-08-24 18:35:34,Medium,Potholes,0.165,60
ef33fb02-1362-4087-80b3-ef0696e78155,TRIP-025a84-1,2025-08-18 18:05:34,High,Potholes,0.166,48
bbd6c02b-3557-4a36-9cd2-990ac6b3923f,TRIP-025a84-2,2025-09-01 17:14:34,High,Potholes,0.08,79
7b4507db-aab4-438b-9790-3249ff643666,TRIP-b79ad7-0,2025-08-24 16:45:34,High,Good,0.164,42
638267e9-4872-413e-87d9-801f291c1ae6,TRIP-b79ad7-1,2025-09-04 17:53:34,High,Good,0.069,40
201a7a91-19fa-4e31-8192-4a09265fc28b,TRIP-b79ad7-2,2025-08-13 17:27:34,Medium,Construction,0.163,40
d67a37a2-49b7-4041-b828-5705f5ad326b,TRIP-f6f3b7-0,2025-08-22 18:17:34,Low,Good,0.183,40
bb84c71c-ec60-4539-bfe6-e65ec544035e,TRIP-f6f3b7-1,2025-08-24 18:01:34,Medium,Good,0.055,65
92f25328-56f2-475e-86da-3659cf338fdf,TRIP-f6f3b7-2,2025-08-21 17:13:34,Low,Construction,0.091,31
8d71e618-4e45-4e0c-989a-5d13e353251d,TRIP-ff2932-0,2025-09-10 17:25:34,Medium,Potholes,0.177,43
661c861f-c437-448b-8708-dde4981fd046,TRIP-ff2932-1,2025-09-06 16:51:34,Medium,Good,0.228,66
ae7df286-d160-446d-83f1-81d9946c0dcc,TRIP-ff2932-2,2025-08-27 18:17:34,High,Good,0.055,65
731012d9-6eff-4463-83e1-b7f42d9729c4,TRIP-45803a-0,2025-09-05 17:08:34,High,Construction,0.155,73
732f8981-3443-48cf-9655-3a3a2a600070,TRIP-45803a-1,2025-08-30 17:56:34,Medium,Potholes,0.123,64
d07ed6a6-e820-4885-9a79-4d2aa4de2c6c,TRIP-45803a-2,2025-08-12 17:13:34,Medium,Good,0.058,71
9125930f-98f4-43d0-bf7c-fc98c99dd3c9,TRIP-232981-0,2025-08-16 18:03:34,High,Potholes,0.192,82
716407a3-5dba-4e28-b386-32f10dc9d260,TRIP-232981-1,2025-08-26 18:20:34,Medium,Good,0.085,25
db4e6fd4-4d88-47bd-984d-1a435efbab30,TRIP-232981-2,2025-08-31 17:50:34,High,Good,0.216,86
f4675b17-2051-4de1-8f68-a19321a6e4a2,TRIP-f93977-0,2025-09-02 17:26:34,Low,Construction,0.233,22
a747a465-313e-4832-a365-3bf2957bf0b6,TRIP-f93977-1,2025-09-03 18:05:34,Low,Construction,0.105,25
a9eca9f8-b85c-4f9f-b3fd-03ec3a148a2d,TRIP-f93977-2,2025-09-09 17:19:34,High,Good,0.142,48
39a9e989-9d8f-47fe-bd20-6e10e6531395,TRIP-ce3a27-0,2025-08-18 17:08:34,High,Potholes,0.171,56
dd527024-1c1d-433a-9c17-e56a5ba4b3b3,TRIP-ce3a27-1,2025-08-21 18:25:34,High,Construction,0.064,83
8013d398-0dc1-47e2-baac-1cbdbaa48b7b,TRIP-ce3a27-2,2025-08-19 17:31:34,Low,Good,0.122,63
0eff8d7b-b4b5-4392-b4b4-6e133855fd5d,TRIP-8d4a01-0,2025-08-16 17:37:34,Medium,Good,0.183,31
6105b57e-77e8-4f96-a40b-845686be43d5,TRIP-8d4a01-1,2025-09-01 18:02:34,Low,Good,0.117,67
c26d304a-3f38-4dc3-b602-88e759c13d59,TRIP-8d4a01-2,2025-08-29 17:15:34,Medium,Construction,0.066,30
a09870e9-ebff-48a6-a8bc-65aba8401dfb,TRIP-cb52d7-0,2025-08-17 18:31:34,High,Construction,0.063,37
ac025227-1a05-4194-8f0f-4dc35797bbb9,TRIP-cb52d7-1,2025-08-21 18:00:34,High,Construction,0.209,28
cbe7627f-f17d-4d07-8c37-24e8618a15e4,TRIP-cb52d7-2,2025-08-27 18:12:34,High,Potholes,0.211,85
b80ecf0f-4446-4b75-bc65-7c7a128269e4,TRIP-e39887-0,2025-08-21 18:19:34,High,Construction,0.164,41
c8e5afb3-fcf1-4de0-96b3-20cd80039b2e,TRIP-e39887-1,2025-09-04 17:24:34,Low,Construction,0.058,49
2bcc246d-5bcd-4fdc-bd23-2e031f6111d9,TRIP-e39887-2,2025-08-20 17:35:34,Medium,Construction,0.134,42
e665682f-d2a8-4138-bbc2-44dfb63e4b25,TRIP-366013-0,2025-08-21 18:28:34,Low,Potholes,0.192,85
f08a0cfc-0469-4acc-a39a-14bd1321ab5d,TRIP-366013-1,2025-08-25 16:59:34,High,Good,0.228,61
b29f9ff5-6c79-463a-84b0-dd02176f066b,TRIP-366013-2,2025-08-16 17:40:34,Low,Good,0.164,67
80b7ff20-e65a-4b37-a2f4-46d53ed1b28c,TRIP-cf8f4d-0,2025-08-26 18:30:34,High,Potholes,0.09,42
baf73c71-d555-4f38-85df-7b04a80fb365,TRIP-cf8f4d-1,2025-09-07 16:48:34,Medium,Construction,0.228,45
4e5d9886-3c55-4ea9-b5d1-d05417e2c8fc,TRIP-cf8f4d-2,2025-08-31 18:08:34,High,Good,0.151,60
39a4ee94-1c57-46da-a958-7c7e8b723981,TRIP-6d8ef2-0,2025-08-25 18:06:34,Low,Construction,0.198,55
199c8b2b-1217-4aae-85b8-bf62cf83ea64,TRIP-6d8ef2-1,2025-08-15 18:06:34,Medium,Good,0.126,76
9acaab7a-b921-4665-997c-42166d55c0c5,TRIP-6d8ef2-2,2025-09-07 18:13:34,High,Potholes,0.145,49
51ef6cb3-1107-4aac-b834-c0f5ee8a10d2,TRIP-470759-0,2025-08-12 16:50:34,High,Good,0.155,61
f99cfe06-0643-4699-9d2f-7d77d26c89ef,TRIP-470759-1,2025-08-25 18:25:34,Low,Construction,0.161,26
32c99bea-1870-425c-9b8b-c0b9360ae868,TRIP-470759-2,2025-08-26 17:35:34,High,Good,0.066,48
b6d46fc6-12f2-4aa2-8ab0-43eb8c21f0ce,TRIP-4db8ff-0,2025-08-15 18:01:34,Medium,Potholes,0.058,59
d86a5a3f-1327-4400-ac54-e275a0c19771,TRIP-4db8ff-1,2025-08-22 18:27:34,High,Potholes,0.22,73
f5ac8900-0d41-4ac2-94fa-9f27c3ef93ca,TRIP-4db8ff-2,2025-08-22 17:38:34,Low,Good,0.111,29
bba501d6-4901-4ad0-ac42-22faeb3e54f5,TRIP-dd08a9-0,2025-09-10 17:34:34,Low,Construction,0.197,48
cbfbeada-bd3d-4406-9411-a2928109bc3c,TRIP-dd08a9-1,2025-09-05 17:46:34,Low,Construction,0.068,63
2de910ff-7790-4a57-951f-17d23c2ac225,TRIP-dd08a9-2,2025-08-29 17:05:34,Low,Construction,0.061,62
c4fb17bb-ff53-4143-ab74-41f65fc9c9be,TRIP-9dd626-0,2025-08-13 18:34:34,High,Construction,0.246,80
73a7ec53-36f1-4672-bfc9-920406b2f6cf,TRIP-9dd626-1,2025-08-20 18:06:34,Low,Potholes,0.109,36
f9a93344-8724-4e24-b7c7-34f9643dc81e,TRIP-9dd626-2,2025-08-28 18:29:34,Medium,Construction,0.246,23
fc4ac106-5214-4bb1-bb1f-ab3a215b0531,TRIP-57642a-0,2025-09-01 16:58:34,Low,Good,0.092,29
da1d2b6a-80a9-46cc-9cfb-bc588530fd2a,TRIP-57642a-1,2025-09-01 16:58:34,Medium,Construction,0.239,79
0cb55e3a-2488-4fd0-a107-1bedb3529136,TRIP-57642a-2,2025-08-23 16:44:34,Medium,Potholes,0.14,87
e9f65e92-e80b-4843-93bb-5f3c4486762d,TRIP-7619aa-0,2025-08-23 17:33:34,Medium,Good,0.055,69
a902a43f-0343-46ea-bc4f-50ea99c822af,TRIP-7619aa-1,2025-09-03 16:54:34,High,Good,0.071,38
9c011a69-db5c-4f37-a16c-6b332861df2b,TRIP-7619aa-2,2025-09-11 16:46:34,Low,Good,0.122,47
f59347c9-e4a0-4ec5-86e5-b7e2a1342c74,TRIP-8ee14e-0,2025-08-14 16:45:34,Medium,Construction,0.17,77
34a26680-e769-46b5-999e-d8832ed339b0,TRIP-8ee14e-1,2025-08-21 18:21:34,Low,Construction,0.141,73
659ecfd5-cb1e-4824-bfc4-431e9a7f3931,TRIP-8ee14e-2,2025-08-22 17:02:34,High,Potholes,0.224,70
815b964a-ca5f-4dcc-93d9-60dc01fddddc,TRIP-a1026f-0,2025-09-05 18:24:34,Medium,Good,0.055,90
25efb2ad-311e-4157-8881-629bdd63c0d3,TRIP-a1026f-1,2025-08-12 18:10:34,High,Potholes,0.084,29
0d564dce-ed2a-42c5-98b3-9058e82617f0,TRIP-a1026f-2,2025-09-05 18:13:34,Low,Construction,0.081,42
16684e6e-cfd1-4279-936d-babe8c4d8873,TRIP-967cb0-0,2025-09-06 17:35:34,Medium,Construction,0.237,79
4c4b47c5-65ad-491c-9b0a-635873b63a79,TRIP-967cb0-1,2025-08-22 17:58:34,Low,Potholes,0.082,55
dde188b0-9963-4c82-b699-6be5efad0f38,TRIP-967cb0-2,2025-08-22 17:29:34,High,Potholes,0.052,62
ab9602a9-37d8-4916-8219-36802fa2a627,TRIP-93b6d0-0,2025-08-12 17:20:34,Medium,Good,0.228,85
69cbdaa6-ff82-4642-8a93-7e93ae79b76e,TRIP-93b6d0-1,2025-09-03 17:18:34,High,Good,0.125,71
f9f8a5d5-2fdf-42cc-bc0f-6b3c7d6dddda,TRIP-93b6d0-2,2025-08-27 17:41:34,Low,Potholes,0.085,60
e9e7540a-8c71-43ce-b1f9-f37ee79fde58,TRIP-b341f9-0,2025-09-08 16:49:34,High,Potholes,0.085,88
10645e71-e3a2-479a-9096-de65795516dc,TRIP-b341f9-1,2025-09-08 17:25:34,High,Good,0.189,79
ee219c7e-a05b-4351-9a81-5ffcc666c210,TRIP-b341f9-2,2025-08-29 17:28:34,Low,Construction,0.125,31
49884567-acda-4547-9469-01acef3edb09,TRIP-8ae25e-0,2025-08-22 18:02:34,Low,Construction,0.179,45
2413db39-9335-447c-bfb2-5c001085837f,TRIP-8ae25e-1,2025-08-31 17:28:34,High,Potholes,0.116,62
d8c822cc-48d4-4277-9f83-e3fdf0c0b25e,TRIP-8ae25e-2,2025-08-19 18:38:34,High,Construction,0.131,62
8d6e1428-fd50-4ab8-b5c0-62b8cff4d48b,TRIP-c212e5-0,2025-09-10 16:46:34,Medium,Construction,0.125,81
b9f8cdd3-968b-4d62-ae48-260bfbe90a93,TRIP-c212e5-1,2025-09-01 17:35:34,Medium,Construction,0.053,64
871daeb2-6c23-4902-929e-e8a81360bbf7,TRIP-c212e5-2,2025-08-12 16:48:34,High,Construction,0.161,39
a4078856-93ef-4a41-ab3f-26efd324074a,TRIP-37e6e7-0,2025-08-27 16:52:34,Medium,Good,0.058,33
122c05ea-c945-49bd-973d-2fae556fb2db,TRIP-37e6e7-1,2025-09-05 18:38:34,Medium,Good,0.081,69
45309fd5-f87d-4e81-b9e9-820a8bf0def7,TRIP-37e6e7-2,2025-08-31 17:48:34,Medium,Construction,0.23,37
3cebb655-151e-42eb-bfaf-14265dc907b1,TRIP-2fa87d-0,2025-09-06 17:38:34,High,Construction,0.158,80
7ec9c072-bbac-43bd-98c4-764e5aeb887e,TRIP-2fa87d-1,2025-09-02 18:16:34,Low,Construction,0.178,28
208b98e8-da9e-4efd-b715-5e7be5c6bf45,TRIP-2fa87d-2,2025-08-31 17:39:34,High,Potholes,0.162,61
aba09369-69e8-4cd1-9c04-e221d8f1499f,TRIP-ad9ff6-0,2025-08-27 17:13:34,Medium,Potholes,0.124,66
4db2eaaf-e69a-4cfa-b1b5-0101aabe1600,TRIP-ad9ff6-1,2025-09-03 17:47:34,High,Potholes,0.208,87
639927eb-bcae-45da-9bcc-8e84138a789c,TRIP-ad9ff6-2,2025-08-17 17:26:34,High,Good,0.139,46
671135dd-b987-4a27-b1e0-154a57b28ace,TRIP-c99f2f-0,2025-08-19 17:51:34,Medium,Potholes,0.247,41
8ca5569e-4ad3-44cb-8bc1-a2b3fafbb8cc,TRIP-c99f2f-1,2025-08-12 17:06:34,High,Potholes,0.151,37
58425b49-79b0-4562-b101-be69891bc1c0,TRIP-c99f2f-2,2025-09-04 18:30:34,Medium,Good,0.249,32
829b4748-08b1-4848-b354-c9d88bd219bb,TRIP-7bb9c0-0,2025-08-16 17:22:34,Medium,Potholes,0.084,33
1b6e361b-3c50-45ac-8b61-78ce4ffcbb87,TRIP-7bb9c0-1,2025-09-02 17:49:34,Medium,Good,0.21,85
9e5ddb2c-79ea-4ce6-8630-ff1a0844ab06,TRIP-7bb9c0-2,2025-08-18 17:12:34,Medium,Good,0.179,44
0b4eafa1-9843-4516-8de5-c6f8c482513c,TRIP-8d40f1-0,2025-09-07 17:21:34,Low,Good,0.196,64
36cbc035-e02b-4013-9191-43a0bbed37a6,TRIP-8d40f1-1,2025-09-03 17:05:34,High,Potholes,0.099,48
5a8a58b7-52c2-429d-8aea-df7872a9db58,TRIP-8d40f1-2,2025-09-05 17:03:34,Medium,Construction,0.235,86
c8557c15-fd6d-4655-b915-48ddd98081c3,TRIP-d8c4d2-0,2025-08-23 17:54:34,High,Good,0.22,87
094dbabc-36e0-42df-a4b2-cc6a092419bd,TRIP-d8c4d2-1,2025-08-23 17:28:34,Low,Construction,0.113,76
53ed8bb5-26ed-4954-b273-a436a19a596b,TRIP-d8c4d2-2,2025-09-10 17:04:34,High,Construction,0.228,80
3c305077-62b9-4f1e-98e8-5d9b0d027dcd,TRIP-4aa88b-0,2025-08-18 17:34:34,High,Construction,0.224,37
714820ee-074d-493d-8d0f-fd954ab466a9,TRIP-4aa88b-1,2025-09-04 17:18:34,Low,Potholes,0.199,83
a9e71375-7ad9-4029-b700-9de98dcbb7f9,TRIP-4aa88b-2,2025-08-13 17:58:34,Medium,Construction,0.136,62
ef41ae66-d38c-4e99-83ad-8d2c1b19ecee,TRIP-e75c70-0,2025-08-15 16:48:34,Medium,Construction,0.209,72
b15c6688-0c2d-4bb5-bc21-c6b0c1842545,TRIP-e75c70-1,2025-08-14 17:46:34,Low,Construction,0.225,36
50927a12-c77e-4f0e-95b8-23a8e380d423,TRIP-e75c70-2,2025-09-07 18:27:34,Medium,Good,0.247,37
093a6f5c-8832-4233-8031-4ea786a5e019,TRIP-9dcdb1-0,2025-09-10 18:40:34,High,Construction,0.14,90
b42dda8d-c2e9-4480-8862-8269d1009bfe,TRIP-9dcdb1-1,2025-08-16 18:36:34,Low,Good,0.134,47
3f3d3110-90c3-4c3f-93fd-64e502769d98,TRIP-9dcdb1-2,2025-08-18 16:44:34,Medium,Good,0.205,48
26245a83-fee2-4fab-bf3b-325c65b3d96e,TRIP-1c7122-0,2025-08-17 17:53:34,Low,Potholes,0.172,50
96cee958-a702-4495-92c5-1de3f0e9451b,TRIP-1c7122-1,2025-09-07 16:50:34,Medium,Potholes,0.072,85
a5754111-58d2-4f90-a83b-f69ce9bc6390,TRIP-1c7122-2,2025-09-06 17:21:34,Medium,Good,0.168,67
870ac0f1-07d6-4068-aec7-304669eac3eb,TRIP-d9e824-0,2025-08-31 18:01:34,Low,Good,0.195,90
7e0c21f1-9839-4225-aa9e-f2eaa06cc920,TRIP-d9e824-1,2025-09-08 17:16:34,High,Potholes,0.11,77
7c753ff0-cdef-4b31-92b8-a4d52e86dc6e,TRIP-d9e824-2,2025-08-20 17:46:34,Medium,Good,0.153,77
a8d236ac-d467-4778-8933-fc41d68bc45e,TRIP-82f4ac-0,2025-08-17 16:42:34,Medium,Good,0.232,53
fd4c5d82-959c-42ee-980d-efb5244552f9,TRIP-82f4ac-1,2025-09-03 17:46:34,Low,Construction,0.155,58
e898b3a8-0bbb-4918-a767-a6cf48989137,TRIP-82f4ac-2,2025-09-06 17:17:34,High,Construction,0.132,57
e518f16d-2ccc-46f9-94fd-bddcab6d1539,TRIP-a20f96-0,2025-08-27 17:00:34,Medium,Good,0.248,89
9cf101d1-f64a-44f3-b7a0-75de1383c18b,TRIP-a20f96-1,2025-08-13 17:05:34,Medium,Potholes,0.235,42
9ad6b04b-6b5a-43e9-898b-2f80b5d9d383,TRIP-a20f96-2,2025-09-03 18:02:34,Low,Good,0.187,34
eecaf36d-2d26-491f-83a3-6b600a487712,TRIP-906b37-0,2025-08-15 16:46:34,Low,Good,0.214,46
c0e369bc-93e5-4450-91fa-753d3b60debb,TRIP-906b37-1,2025-09-08 16:47:34,High,Good,0.242,20
48daaa66-738d-4982-9c1f-12319974c1ca,TRIP-906b37-2,2025-08-27 18:09:34,Low,Potholes,0.189,88
5ba81ee4-af22-466e-b9ac-a368207d64a2,TRIP-c27a91-0,2025-09-06 18:35:34,Medium,Good,0.16,23
6b8c96d9-49e4-4d1c-a290-92c9fd419e53,TRIP-c27a91-1,2025-08-22 18:15:34,Medium,Potholes,0.131,85
9b8e600a-f032-45cd-b194-e7792f49d95f,TRIP-c27a91-2,2025-09-09 17:17:34,Medium,Construction,0.098,74
433229f7-667a-49b2-bfc0-f2434aaac0bb,TRIP-6ebabe-0,2025-09-05 17:24:34,Medium,Construction,0.143,62
3db40049-39ed-483a-903f-894e717e2c76,TRIP-6ebabe-1,2025-08-24 18:01:34,Low,Potholes,0.184,68
b7a637c9-4cb5-4ce9-94c0-ca6eb05b69cc,TRIP-6ebabe-2,2025-08-21 18:38:34,Medium,Potholes,0.097,73
aa07d86d-9bc2-427f-b0f3-f2da1af5e37f,TRIP-6769ff-0,2025-09-09 17:05:34,Medium,Good,0.237,69
4f207075-f460-442f-96a8-9872f64acdcc,TRIP-6769ff-1,2025-08-15 18:00:34,Medium,Potholes,0.225,70
6161914c-81ea-4592-8296-b970ed0e83e6,TRIP-6769ff-2,2025-08-15 18:16:34,High,Good,0.23,46
b42a5e5c-bc0a-4240-a487-aa498b226e31,TRIP-2794f8-0,2025-08-13 17:19:34,High,Construction,0.071,88
e0ab450b-d5fe-4bc3-9ae1-ec40d4407927,TRIP-2794f8-1,2025-08-16 18:12:34,Low,Good,0.135,73
01953d04-b9b1-4d53-bbe5-6cec4091c9a5,TRIP-2794f8-2,2025-09-02 17:33:34,High,Construction,0.125,65
095e2b96-0d46-4187-8826-5da28d946b97,TRIP-b04eab-0,2025-08-19 17:01:34,High,Construction,0.247,39
1bb4e112-5b50-44dc-a895-f06c149440e4,TRIP-b04eab-1,2025-08-21 18:38:34,Medium,Good,0.15,83
483dcfc0-e80d-4012-8741-9cc3794dddfe,TRIP-b04eab-2,2025-08-14 17:21:34,Medium,Potholes,0.195,61
5e62201a-366a-4856-8df8-8a87edfe83b5,TRIP-b3d870-0,2025-08-30 17:38:34,High,Potholes,0.159,60
a318c6a3-244c-41e7-8ab4-aaa930e509d6,TRIP-b3d870-1,2025-09-07 18:13:34,Medium,Potholes,0.134,39
2d3ef809-564e-44a2-9b10-0b8cd5daca50,TRIP-b3d870-2,2025-09-03 18:40:34,Low,Good,0.243,57
ee3e0e48-7a92-485c-968a-f4f1d7be6e0b,TRIP-20c865-0,2025-08-24 18:28:34,High,Good,0.065,81
8cd3ed57-1dca-44be-8446-fe60609a20fc,TRIP-20c865-1,2025-09-08 16:51:34,Medium,Construction,0.208,74
e8d42339-0ad1-4a62-bd14-ea27a38ec5f5,TRIP-20c865-2,2025-08-27 18:42:34,Medium,Construction,0.212,28
63da8488-c10b-4e5c-92e1-c65431d4e982,TRIP-c98e0f-0,2025-08-27 17:59:34,Low,Potholes,0.094,48
6ca2f70b-75bc-4f6e-9964-0f13f58a59a0,TRIP-c98e0f-1,2025-08-22 18:35:34,Medium,Good,0.203,56
1f2049b4-59a2-45e4-8a02-6f6dbc853bad,TRIP-c98e0f-2,2025-09-06 18:24:34,High,Construction,0.229,78
bb64a700-b0e7-47de-91d2-7df707187333,TRIP-680a95-0,2025-09-07 18:24:34,Low,Construction,0.081,61
60500906-8f0d-4e3b-8492-3d3687b8b42b,TRIP-680a95-1,2025-09-05 17:46:34,Medium,Good,0.222,48
69dd9c8f-6cf6-47a1-b90e-08db443904fb,TRIP-680a95-2,2025-09-05 16:59:34,Medium,Construction,0.177,27
12f261dd-e970-4fe5-b460-01db65719b7b,TRIP-4539ce-0,2025-08-23 18:32:34,Low,Construction,0.134,60
f621885e-ee08-4fe0-8c29-324bee558a7b,TRIP-4539ce-1,2025-08-22 16:44:34,Low,Construction,0.243,88
f67ec07d-7b22-4012-8f3a-dd12593e0aa4,TRIP-4539ce-2,2025-09-04 18:03:34,High,Construction,0.117,70
c6963637-9781-440e-849a-4b97d4791e40,TRIP-7dba6d-0,2025-08-19 17:35:34,Low,Construction,0.215,57
01955e59-92d0-4129-9b47-7ca6c8c45cf9,TRIP-7dba6d-1,2025-08-17 16:56:34,Medium,Construction,0.084,50
57256620-bafa-4b7a-b21a-388023f979f5,TRIP-7dba6d-2,2025-08-30 17:30:34,High,Construction,0.107,51
b4b8719b-7fc8-48d1-a609-ead735f68b41,TRIP-8a5e7f-0,2025-09-04 16:43:34,Low,Good,0.088,32
ddc22c2e-d0fe-429b-8309-9bd0b92e1cb0,TRIP-8a5e7f-1,2025-08-17 17:04:34,Low,Potholes,0.088,73
8fa87d84-0b0b-4056-a27c-daab6bb8a2bd,TRIP-8a5e7f-2,2025-08-17 18:17:34,High,Potholes,0.115,90
d7b1d52c-bda0-4e85-a751-25cd971df034,TRIP-788b0c-0,2025-09-09 18:03:34,High,Potholes,0.186,29
0cee6708-4c46-4bcf-b62a-4944b25a96b3,TRIP-788b0c-1,2025-08-28 17:32:34,Medium,Good,0.24,36
3e59a389-6455-439b-bb33-95f60d865e84,TRIP-788b0c-2,2025-09-02 18:32:34,Medium,Potholes,0.193,80
4ec206f8-9981-40c2-a8ff-c37e49f40094,TRIP-73d21d-0,2025-08-24 17:41:34,Medium,Good,0.245,64
0d777f2a-4574-4625-96f8-326609f7f077,TRIP-73d21d-1,2025-08-17 18:06:34,High,Potholes,0.185,45
77b4ad52-30fa-462d-ab39-2a23680b279f,TRIP-73d21d-2,2025-09-04 17:19:34,Medium,Potholes,0.187,25
a99b5136-8939-44a0-90c0-30611d2b5f2b,TRIP-1778c0-0,2025-08-20 18:22:34,Low,Construction,0.24,69
efef5ad3-1f8d-4395-8f73-0cf8932763e9,TRIP-1778c0-1,2025-08-12 17:45:34,High,Construction,0.198,42
5859ebd1-d302-4bdf-9c53-98a12fdb00d1,TRIP-1778c0-2,2025-08-28 18:09:34,Low,Potholes,0.165,33
c57eed27-fc4b-4e80-9106-9b15b8776181,TRIP-b1cf81-0,2025-09-11 18:24:34,High,Construction,0.162,53
7f5d4a92-df25-49bd-b684-ca67a0b517a6,TRIP-b1cf81-1,2025-09-01 17:21:34,Medium,Good,0.075,23
efa563a9-6800-4d49-97f3-99e280c835bf,TRIP-b1cf81-2,2025-09-01 16:59:34,Low,Good,0.157,53
2e24210c-196c-43b0-826d-9a6f3dd27e3c,TRIP-ed0188-0,2025-09-05 17:58:34,Medium,Construction,0.197,46
04dbc1d8-86df-4b83-84b6-2c631aa002a9,TRIP-ed0188-1,2025-08-29 17:31:34,Low,Good,0.117,49
ee6ac5c2-7d7c-4aa3-976e-2a9f9fe9d951,TRIP-ed0188-2,2025-08-28 17:29:34,Low,Potholes,0.103,33
a763184d-aeff-4958-a6af-6ee5226a4456,TRIP-7c6736-0,2025-08-15 16:53:34,Medium,Potholes,0.09,32
75fac64c-2b25-4826-a8ca-9aed2542cbca,TRIP-7c6736-1,2025-09-06 18:36:34,High,Potholes,0.089,31
22727747-7e23-481b-8ff2-40e08cac8ecd,TRIP-7c6736-2,2025-08-15 18:09:34,Low,Good,0.223,81
46dd5cf5-8529-45b5-817e-5249851914ca,TRIP-e7a8dc-0,2025-09-11 17:27:34,High,Construction,0.15,56
8b7270f0-d77c-4830-8658-ed306008f257,TRIP-e7a8dc-1,2025-08-20 17:26:34,High,Construction,0.089,76
e5f85c89-0304-45e4-bebd-c5cb237879b2,TRIP-e7a8dc-2,2025-08-25 17:23:34,Medium,Potholes,0.136,43
e0eaffd8-5604-45bd-b106-b72940dba716,TRIP-deaa75-0,2025-08-15 18:16:34,Medium,Potholes,0.24,62
cf794d8e-c745-4d76-a9c8-7e49568b6cd0,TRIP-deaa75-1,2025-08-22 17:50:34,Medium,Construction,0.203,37
6cdc0c1a-0da9-4304-92f8-7d3113bc8c94,TRIP-deaa75-2,2025-08-16 17:59:34,Medium,Good,0.212,35
174e298c-a79f-4579-a1eb-71f5ce80a62d,TRIP-03db2b-0,2025-08-27 16:50:34,High,Potholes,0.197,79
7507af09-6c92-4d04-9d0e-4198517152c5,TRIP-03db2b-1,2025-09-07 16:55:34,Low,Potholes,0.093,46
fe4322fd-33d5-4b4f-b927-0eac2411666f,TRIP-03db2b-2,2025-08-26 16:47:34,High,Construction,0.179,56
58bbe599-2155-4130-8d56-346806eb72df,TRIP-e7b956-0,2025-09-03 17:35:34,High,Good,0.112,89
85b6b65e-c200-4066-98a9-f329c2a0b964,TRIP-e7b956-1,2025-08-16 17:17:34,High,Good,0.103,43
37d63dd0-ee8c-4e97-890c-e12918a03509,TRIP-e7b956-2,2025-09-07 18:23:34,High,Construction,0.209,57
4432bf50-2690-4563-9147-e2d7f59dc672,TRIP-24f482-0,2025-08-14 18:05:34,Medium,Construction,0.118,25
3af7d12d-2587-41ae-ace4-85667f70667d,TRIP-24f482-1,2025-09-02 17:44:34,High,Construction,0.12,45
d8512704-284c-4c89-89d0-fcb7914f26e3,TRIP-24f482-2,2025-09-05 16:57:34,Medium,Potholes,0.211,65
280a461f-2152-4b9b-af34-652743b679fb,TRIP-c22d84-0,2025-08-16 16:53:34,Low,Construction,0.156,44
ab113d95-ba67-424b-a0ca-2a0e0b954fc5,TRIP-c22d84-1,2025-08-21 16:48:34,Low,Good,0.249,82
74f12d9b-f170-446a-9e86-767d883f9fef,TRIP-c22d84-2,2025-08-14 16:47:34,High,Construction,0.14,40
2761635f-0289-4536-811f-387813e8f666,TRIP-ba2a63-0,2025-08-21 18:06:34,Low,Potholes,0.173,69
2f98166d-c3f3-4460-adcb-ba3a1e8f4f80,TRIP-ba2a63-1,2025-09-11 17:17:34,Medium,Good,0.243,25
6c6cb7d0-ecf6-4b4b-bf8a-fa227a227876,TRIP-ba2a63-2,2025-08-21 18:09:34,High,Potholes,0.249,45
3592843e-4efa-4b3d-b7ef-0f3d7774aeaf,TRIP-32da54-0,2025-09-04 17:51:34,Medium,Construction,0.092,48
97d36b90-bf43-4206-9e97-3efc3eb12480,TRIP-32da54-1,2025-09-11 18:09:34,Low,Good,0.065,43
a076ee10-61d2-40ce-94eb-435cc16c72b0,TRIP-32da54-2,2025-08-23 16:45:34,Low,Construction,0.248,68
e2cea770-7dee-45bd-9a23-c13923c1d01d,TRIP-caf617-0,2025-08-17 17:02:34,Low,Good,0.125,71
56ed170d-33d4-4724-b361-e3ff27dcf88e,TRIP-caf617-1,2025-08-21 17:36:34,High,Potholes,0.246,47
4127f0b6-1755-4ea6-b69c-3c6dbea06f04,TRIP-caf617-2,2025-09-02 17:38:34,Medium,Potholes,0.231,36
76eb17cf-0377-43bd-8ce1-cb91795e9ca2,TRIP-86640a-0,2025-08-31 18:40:34,Medium,Good,0.213,60
ceeba092-59a2-49d8-bc50-9915bd64689d,TRIP-86640a-1,2025-08-15 18:03:34,Low,Construction,0.076,68
bc954108-1030-4e92-ab99-7cd00fba695c,TRIP-86640a-2,2025-08-30 17:44:34,Medium,Good,0.076,48
4e8f1b99-164a-4c21-8bfb-122a48003bf6,TRIP-a87a31-0,2025-08-28 17:31:34,Low,Good,0.234,82
383d21bc-c581-47c4-9f25-86b542804c44,TRIP-a87a31-1,2025-09-10 17:24:34,Medium,Construction,0.077,82
246950c2-b542-461b-b135-d875d8e964ff,TRIP-a87a31-2,2025-08-13 17:22:34,High,Construction,0.135,33
3d726b47-575f-4613-8cc7-c136302fb6e4,TRIP-b00038-0,2025-09-10 17:43:34,Low,Potholes,0.117,88
6b4d64e6-77c3-4257-8762-022ffea4e445,TRIP-b00038-1,2025-08-30 18:35:34,High,Good,0.073,33
29243e3c-3463-4908-bd17-fa61eae5bd65,TRIP-b00038-2,2025-09-08 16:43:34,Medium,Good,0.213,74
6e4d8135-8f1b-4586-8185-1a8fd24413d6,TRIP-b11f66-0,2025-08-24 17:01:34,Medium,Construction,0.157,56
4c9d22ad-a05e-48f3-9947-e617a3dc56b0,TRIP-b11f66-1,2025-08-30 17:48:34,Low,Potholes,0.208,27
0d630600-9d24-47b7-9cd2-a1e5eac99f65,TRIP-b11f66-2,2025-08-28 17:03:34,Low,Good,0.239,41
b106214e-2d78-41e9-8196-1e299eb8e281,TRIP-5153a2-0,2025-08-21 18:25:34,High,Good,0.082,75
155b0307-e443-4d1b-ab01-3a64e4cb28d4,TRIP-5153a2-1,2025-09-05 18:06:34,High,Potholes,0.227,64
f6155842-33cf-454f-93ec-0dab913ab00a,TRIP-5153a2-2,2025-08-21 17:13:34,High,Potholes,0.22,83
f6123a10-8adf-488a-b8f2-797f878ae262,TRIP-78596e-0,2025-09-09 18:18:34,Low,Potholes,0.191,60
2e781c2a-ba27-4b7f-9300-febb05d27245,TRIP-78596e-1,2025-08-16 17:37:34,Low,Potholes,0.24,28
01cf0dae-eb6b-41e5-a3a2-261f0f9e2bc6,TRIP-78596e-2,2025-08-28 17:55:34,Medium,Potholes,0.105,75
bef57f67-891d-41f5-96be-5dfc1ec196e9,TRIP-052b7a-0,2025-08-30 16:50:34,Medium,Potholes,0.244,77
ff367f5b-11e6-4eca-843d-a150d87a19bf,TRIP-052b7a-1,2025-09-05 17:51:34,Medium,Potholes,0.246,82
91ee60ee-fa5a-4aa6-ac14-9a6ead157321,TRIP-052b7a-2,2025-09-07 17:44:34,High,Construction,0.247,66
e363940a-d6f6-46e5-acfb-79192e6c0375,TRIP-55bfa8-0,2025-09-04 18:02:34,Low,Good,0.11,74
d12aed00-d031-48db-b9ba-d770b6867e4f,TRIP-55bfa8-1,2025-08-29 17:03:34,Medium,Good,0.242,77
89d46daa-1bb6-4720-8598-2949e3766a2b,TRIP-55bfa8-2,2025-08-13 16:56:34,Low,Construction,0.075,90
0fc644b0-1595-4a58-b6c2-4670dedd7f86,TRIP-16db46-0,2025-09-07 18:15:34,Medium,Good,0.103,51
b60a0f68-14a3-49fb-bae4-5a1a111bbaa4,TRIP-16db46-1,2025-08-19 17:16:34,High,Construction,0.19,46
983515b8-737a-44e7-8dd0-ac125b5d14b0,TRIP-16db46-2,2025-08-18 18:31:34,High,Good,0.107,28
641c61f8-c616-4b02-b745-99fb255c979d,TRIP-efc2d1-0,2025-08-12 18:09:34,Low,Construction,0.073,48
f1623708-d278-425c-bc8e-71f75537b613,TRIP-efc2d1-1,2025-08-14 17:31:34,Medium,Good,0.228,46
a9ac2dcc-04ed-44d7-99ce-9cbedd963e82,TRIP-efc2d1-2,2025-08-15 18:18:34,Low,Construction,0.072,42
81fb91f5-98e5-4656-89a7-ba294ff4267f,TRIP-cc14a9-0,2025-09-11 17:01:34,Medium,Good,0.06,38
c6918bb6-e409-4c7e-96da-cda74e559889,TRIP-cc14a9-1,2025-08-26 17:04:34,High,Construction,0.149,29
c49ff373-bfd9-4bb4-8eec-3c2a9e2f4d11,TRIP-cc14a9-2,2025-08-28 17:30:34,Medium,Construction,0.194,86
9c410b22-8592-40a1-b545-137fb9d0c9ee,TRIP-51d4f2-0,2025-08-16 18:12:34,High,Good,0.232,66
1da57f9f-66c2-406a-861f-13adf755ebbe,TRIP-51d4f2-1,2025-09-07 18:25:34,Low,Construction,0.176,30
862f8249-7e36-4e48-b270-bcc18d4a4f19,TRIP-51d4f2-2,2025-08-26 18:05:34,Low,Potholes,0.212,35
e20ec56f-599a-4076-9bcf-d523fd77bfce,TRIP-0ab194-0,2025-08-31 17:20:34,Low,Construction,0.119,58
4ddbb39c-9170-46b4-bbc8-79ecf50ce3b1,TRIP-0ab194-1,2025-09-04 18:19:34,Medium,Construction,0.187,83
a05fbbba-60a7-4710-875c-9308c896276b,TRIP-0ab194-2,2025-08-18 18:17:34,Medium,Good,0.23,50
d7420f9d-016e-40e3-b36c-d5014c802a3a,TRIP-2f514e-0,2025-09-06 17:48:34,High,Construction,0.239,30
675fc630-f174-4d07-91c4-9bf99e001e1f,TRIP-2f514e-1,2025-08-14 17:55:34,Medium,Good,0.066,89
e169f30f-bef1-4753-84e0-ff1d4e8bc6fd,TRIP-2f514e-2,2025-09-07 18:31:34,High,Construction,0.211,38
fa43644a-6d3e-4a8c-b277-4a2ce53cc891,TRIP-c4c189-0,2025-08-15 17:38:34,Low,Construction,0.123,69
c77da0ba-3f59-4523-814a-80aa9ab8f2b6,TRIP-c4c189-1,2025-08-29 18:35:34,Low,Potholes,0.234,63
4c5ce71b-29dc-4e6a-9558-923af1b068bd,TRIP-c4c189-2,2025-08-15 17:40:34,Medium,Potholes,0.207,86
c120f160-13ee-4b31-90e8-e0bef063e5df,TRIP-7e178e-0,2025-09-07 17:21:34,Medium,Good,0.17,21
13983c86-c6b1-4846-ba3a-c797bb504f3f,TRIP-7e178e-1,2025-08-31 17:43:34,Medium,Construction,0.172,46
0b0d0c56-44b9-4240-b450-a8da3eec578f,TRIP-7e178e-2,2025-08-27 18:40:34,Medium,Potholes,0.192,57
3792e388-ca2b-4fc2-8779-3ced967f3a47,TRIP-68a881-0,2025-08-27 18:05:34,Low,Good,0.105,84
a6413a58-abab-488d-bffa-8870ce8c3a89,TRIP-68a881-1,2025-09-11 18:32:34,Low,Good,0.107,21
2a3f746b-00a4-4d48-b039-80bb43000d57,TRIP-68a881-2,2025-08-23 18:31:34,Medium,Good,0.17,61
186d7b51-ea4d-41f1-9051-7bd9f61ff84c,TRIP-578c8a-0,2025-08-20 18:41:34,Low,Good,0.055,74
717cd46d-781e-4363-82d1-a1fc25368305,TRIP-578c8a-1,2025-09-09 18:29:34,Low,Potholes,0.229,26
95b0e4aa-baec-49b7-8726-a506dd79eb95,TRIP-578c8a-2,2025-08-13 17:20:34,Low,Construction,0.088,73
942fe294-6dff-4b93-92c4-63fb0070fc5b,TRIP-2bb0a5-0,2025-09-08 17:45:34,Medium,Construction,0.149,43
d4114e99-971d-40f5-be80-f67e8da18870,TRIP-2bb0a5-1,2025-09-10 17:35:34,Medium,Construction,0.216,30
a1c55e5f-f7ca-42fe-8c00-7f4f4ab0a088,TRIP-2bb0a5-2,2025-08-29 17:02:34,Low,Construction,0.095,78
2c3f88f4-9c32-476f-abf3-fcca43b1c461,TRIP-bd455e-0,2025-09-01 17:41:34,High,Good,0.227,81
a1f9716b-b132-4065-8b1e-9055430cb068,TRIP-bd455e-1,2025-09-08 17:50:34,Medium,Construction,0.067,34
e31de5ea-faab-4802-81da-418aa3a18e66,TRIP-bd455e-2,2025-09-11 17:51:34,Low,Potholes,0.084,33
4a60e629-a25a-435c-8154-494512ecf757,TRIP-99dedb-0,2025-08-20 17:06:34,High,Good,0.202,68
2b636b10-4237-427d-af57-3bb05c0eab35,TRIP-99dedb-1,2025-09-11 17:17:34,Medium,Good,0.182,55
002001f1-60f3-43d4-aede-36a523989ba0,TRIP-99dedb-2,2025-08-21 17:45:34,High,Good,0.199,55
da6387e0-3cfb-4478-a469-3e4b36c1e444,TRIP-6ca513-0,2025-09-09 18:36:34,Medium,Potholes,0.207,57
4ab490ca-03dc-4924-8a22-89e70d14ac99,TRIP-6ca513-1,2025-08-15 17:10:34,Low,Construction,0.099,38
f02a0cb6-803d-4a54-b6ec-4e33eb35d0ea,TRIP-6ca513-2,2025-09-04 16:53:34,Medium,Potholes,0.067,87
a733f0e7-8221-4cc6-9e47-6c527ba4f520,TRIP-e13b59-0,2025-08-22 18:36:34,Low,Good,0.152,73
6edddfb8-6589-4271-9df4-2926de611e2d,TRIP-e13b59-1,2025-08-18 18:09:34,High,Potholes,0.054,39
f9c2d32f-5195-4a5d-adcd-63c1a3ca46ae,TRIP-e13b59-2,2025-09-01 16:51:34,Medium,Good,0.082,49
f3d113ae-aba3-41d3-bee2-7ab9aec0bb9a,TRIP-4710dd-0,2025-08-16 17:40:34,Low,Construction,0.069,21
d6967c24-8886-4fbf-84c0-1d85ea806670,TRIP-4710dd-1,2025-09-06 17:58:34,Medium,Potholes,0.056,45
6738e6f0-8452-4886-927d-7ac3c5626f9c,TRIP-4710dd-2,2025-09-01 18:01:34,Medium,Good,0.068,85
310ae214-bcdd-4a4b-860c-d428072996f1,TRIP-7ba662-0,2025-09-02 17:31:34,High,Good,0.076,35
b38180c8-1994-4e16-9c84-9fb5c9bb4362,TRIP-7ba662-1,2025-08-27 16:45:34,Low,Potholes,0.096,54
1ac5eb6d-d366-4898-a884-1653f7016fd1,TRIP-7ba662-2,2025-08-27 18:24:34,Low,Good,0.117,82
c1745aa9-6858-4e70-89c7-f94cf4613e04,TRIP-64bad3-0,2025-08-23 18:33:34,Medium,Potholes,0.223,33
de34d59d-aaef-4d22-bc11-6ba9f5faf43c,TRIP-64bad3-1,2025-09-08 17:18:34,Low,Potholes,0.096,71
d37fa689-e7e3-4dc6-a76d-46086bcb2e0d,TRIP-64bad3-2,2025-08-25 17:11:34,Low,Construction,0.223,83
041eb6d1-6c1f-411c-89a5-093bbe172b54,TRIP-5ee0e5-0,2025-08-27 17:59:34,Low,Good,0.208,22
a24f4694-7a02-4257-840d-247cdcb0478f,TRIP-5ee0e5-1,2025-08-12 17:07:34,Medium,Construction,0.154,88
6f8b9684-4ff1-4365-957b-160160a4fb16,TRIP-5ee0e5-2,2025-08-16 16:42:34,High,Good,0.119,42
d8518d83-6775-470f-9435-4d8db1306d3f,TRIP-38e905-0,2025-09-03 18:12:34,Medium,Potholes,0.067,64
a13f6076-7d55-4c94-9567-b8ba1f15c601,TRIP-38e905-1,2025-09-10 17:00:34,Low,Construction,0.135,23
9e23dd0b-d655-4b8b-b7e4-677f4904b3bd,TRIP-38e905-2,2025-08-12 16:43:34,Low,Construction,0.136,73
52f64b09-071a-4a75-8c44-4c8247f41d3f,TRIP-4fbbd4-0,2025-08-27 17:47:34,Low,Potholes,0.184,73
46ff485f-d07c-4de9-85f4-fde3ad9c738d,TRIP-4fbbd4-1,2025-09-05 18:25:34,Medium,Good,0.217,51
39af2eae-be6e-4746-a1f0-0dbcf700fa4e,TRIP-4fbbd4-2,2025-09-11 18:00:34,Medium,Good,0.196,73
41032282-9256-41af-9188-b4ac663da5d0,TRIP-e506ac-0,2025-09-04 17:15:34,Medium,Construction,0.206,49
be5b7a8a-29c7-4117-8d76-c355dc589026,TRIP-e506ac-1,2025-09-03 17:07:34,Medium,Potholes,0.179,77
f26b073b-a0d1-43a7-87ee-5cb2be814682,TRIP-e506ac-2,2025-08-19 18:22:34,High,Construction,0.078,78
e43cab00-eab1-4fed-bdfe-d6336584505b,TRIP-1b458e-0,2025-08-15 17:13:34,High,Potholes,0.064,78
2e2850ee-c5b6-4349-9be5-9d548b2124ad,TRIP-1b458e-1,2025-09-03 17:31:34,High,Potholes,0.104,89
49baac62-ecde-401f-8f01-90af3afbed16,TRIP-1b458e-2,2025-09-05 17:10:34,Low,Potholes,0.155,75
7c5ac0f3-978e-4b01-b038-d43fde117cf3,TRIP-1b7529-0,2025-09-08 17:38:34,Medium,Construction,0.216,82
7b796db8-fb46-48ab-a6c9-3d7db6c6cc44,TRIP-1b7529-1,2025-08-20 18:02:34,Medium,Good,0.237,69
4fef52f7-0eca-4826-b255-981b83001b08,TRIP-1b7529-2,2025-09-10 18:26:34,Low,Good,0.24,33
cf896f42-6320-4d2d-b483-af62b2f0c234,TRIP-ef864b-0,2025-09-07 17:48:34,Medium,Construction,0.15,47
0ba2103b-41f8-444c-a924-ff5548a6dc61,TRIP-ef864b-1,2025-08-15 17:08:34,Low,Good,0.236,51
a8b66a3c-5174-4ff8-923d-a48f84263474,TRIP-ef864b-2,2025-08-31 18:20:34,Low,Construction,0.169,47
f62139ed-af53-4f6b-bb79-d7c5c887bd53,TRIP-2d790d-0,2025-09-04 17:08:34,Low,Construction,0.085,46
b55a4f26-ba00-47a2-b76c-aab1663fd012,TRIP-2d790d-1,2025-08-14 17:49:34,High,Construction,0.187,64
d0465298-9643-4230-a0b2-0800220e0f1b,TRIP-2d790d-2,2025-09-09 18:41:34,High,Construction,0.229,57
87efa07d-34bb-46ce-a6ee-a12e196405d8,TRIP-e30e01-0,2025-08-20 18:03:34,High,Good,0.187,90
edb2fbdb-8571-45cc-b585-bba61f9d2cc8,TRIP-e30e01-1,2025-08-16 16:48:34,Low,Good,0.077,55
ad7e43cd-e5cd-4a1e-a3ca-5b8132e86689,TRIP-e30e01-2,2025-08-12 17:42:34,High,Good,0.22,29
6c341212-6fc0-428d-a967-4e0913e815ce,TRIP-d0e006-0,2025-08-16 18:27:34,High,Good,0.08,56
66d4dd48-0a96-452b-a8f3-14c89cce398e,TRIP-d0e006-1,2025-09-05 18:12:34,Low,Potholes,0.192,40
a5c7909c-28f7-4fe5-bbb9-c80cfd2a97d3,TRIP-d0e006-2,2025-08-22 17:59:34,High,Good,0.154,29
73341b2c-6a2e-4ea0-be7c-943c0eae4d9c,TRIP-a96dff-0,2025-08-31 18:23:34,Medium,Construction,0.194,64
3c0fae72-405b-4d68-b6e6-3a41dc911164,TRIP-a96dff-1,2025-09-07 16:58:34,Medium,Construction,0.227,45
6601aa55-e63e-4f05-8518-1b2ebdb46524,TRIP-a96dff-2,2025-08-23 17:34:34,Low,Construction,0.148,55
77b60034-b6f8-4680-89ec-170d43498246,TRIP-8a3869-0,2025-09-01 17:10:34,High,Construction,0.097,85
74d53bce-77a4-4e3f-b493-c7846fd83820,TRIP-8a3869-1,2025-09-06 17:40:34,Low,Potholes,0.072,89
6e4bc9ae-fe36-4c69-a710-7726ad0fbd75,TRIP-8a3869-2,2025-08-26 17:49:34,High,Good,0.195,45
149c2ce1-024c-479c-ace7-73014fa3ef43,TRIP-f327a6-0,2025-08-28 17:03:34,Medium,Potholes,0.074,76
291708b0-164f-4d64-84e7-c3138f9228eb,TRIP-f327a6-1,2025-08-15 18:38:34,Medium,Construction,0.209,67
c363ae63-dc74-45f1-bba7-06eb96abf328,TRIP-f327a6-2,2025-09-11 18:04:34,Low,Potholes,0.119,47
a66bd492-0bda-4c6e-96d5-77c7e488281a,TRIP-98899c-0,2025-08-16 18:42:34,Low,Construction,0.181,43
57c3db98-d630-4be7-a66c-fa937155ab1b,TRIP-98899c-1,2025-08-25 17:25:34,High,Potholes,0.108,63
f3866a0b-f257-4504-86df-be25cea67f9b,TRIP-98899c-2,2025-08-12 18:30:34,Medium,Construction,0.05,39
693795b5-fb18-4e2c-877b-17109de1e2f4,TRIP-2d21b8-0,2025-09-11 18:11:34,Low,Construction,0.167,53
f59572fd-3d93-47d4-9fd6-709f6adbb811,TRIP-2d21b8-1,2025-08-12 17:27:34,Medium,Potholes,0.249,58
23511901-1a83-4440-962c-24a71a7856f5,TRIP-2d21b8-2,2025-09-09 17:16:34,Low,Potholes,0.133,60
ec1141fc-e777-4358-81d0-68a0905759f1,TRIP-f65250-0,2025-08-26 18:03:34,Medium,Good,0.112,37
811318e9-7a0c-4a2b-9ea1-94ef9c147d3c,TRIP-f65250-1,2025-09-09 17:45:34,Low,Construction,0.057,29
0f5079a8-7177-4343-886d-6b8a849d2979,TRIP-f65250-2,2025-09-09 18:07:34,Medium,Construction,0.133,87
2c464789-6574-4592-a313-aed0061ddb21,TRIP-beb325-0,2025-09-02 17:33:34,Medium,Good,0.111,28
f191bb07-bf10-4b34-a51f-e4cc4d53a702,TRIP-beb325-1,2025-08-23 17:55:34,Medium,Good,0.172,37
f7994177-f36b-4cb4-af1d-9d12033e0569,TRIP-beb325-2,2025-09-06 17:18:34,Low,Construction,0.18,42
7bfa6cad-1c32-4b28-b751-71f47f6342d8,TRIP-3a1d1a-0,2025-08-30 17:39:34,Low,Good,0.097,38
e69d9b4c-ec0d-412f-8b3c-21476241232c,TRIP-3a1d1a-1,2025-09-04 18:10:34,Low,Construction,0.052,20
8fbe712d-09c9-45e4-9fd6-f90f55eb2729,TRIP-3a1d1a-2,2025-08-16 17:42:34,Low,Good,0.164,81
eb7d9dc6-32f2-4a72-9f0c-293d912a2d7f,TRIP-1863ed-0,2025-09-02 17:11:34,Low,Construction,0.225,50
15bab39e-5bad-4821-b1ab-420b9f193abf,TRIP-1863ed-1,2025-08-29 17:26:34,Medium,Potholes,0.201,42
ad48199c-601c-4263-a593-70d7113db72a,TRIP-1863ed-2,2025-09-09 16:42:34,Low,Good,0.235,88
c9e9414a-2039-492d-b565-586879897ca5,TRIP-373030-0,2025-08-18 17:36:34,High,Potholes,0.177,89
fe6d4eb9-a8ce-43bc-b4e2-bb6e2c4bde1f,TRIP-373030-1,2025-09-07 18:27:34,Low,Potholes,0.189,45
b0ea74a3-2f52-4265-a9fe-79b978b80935,TRIP-373030-2,2025-08-28 17:15:34,Low,Potholes,0.133,79
646cb617-3833-4f81-bca7-28288fb3eb0a,TRIP-03256d-0,2025-08-24 18:05:34,Medium,Potholes,0.072,63
fdf3a273-b735-4155-b4bb-d48ff6db4735,TRIP-03256d-1,2025-08-22 18:28:34,High,Good,0.232,40
58150fe2-c21d-406d-9c63-5fba53736f82,TRIP-03256d-2,2025-08-22 18:10:34,High,Good,0.246,67
bf6fffb4-29d4-44b1-a6f3-d5c5f6edf714,TRIP-8cc82a-0,2025-09-01 17:48:34,Low,Potholes,0.222,71
250a3feb-a78c-4414-8fcc-09aea183f744,TRIP-8cc82a-1,2025-08-19 17:49:34,High,Construction,0.173,28
7e3e8366-ae96-41e7-951b-c785adb52633,TRIP-8cc82a-2,2025-09-04 18:01:34,High,Potholes,0.187,38
32d81565-0bb3-4b92-b41d-ae23802f1c96,TRIP-a379ea-0,2025-08-25 16:44:34,High,Good,0.07,75
ffa8385a-520b-4a7c-b43b-e7be67952c6c,TRIP-a379ea-1,2025-09-01 18:06:34,High,Potholes,0.245,20
f8b0bebf-e865-4251-967b-26ed4ef139f9,TRIP-a379ea-2,2025-09-07 17:36:34,High,Good,0.229,55
10cc8db6-cb53-4845-851a-dbf92378a54a,TRIP-0a17c9-0,2025-08-29 17:05:34,High,Good,0.249,56
e85c77c4-8c8c-4990-b1eb-63d4975766b7,TRIP-0a17c9-1,2025-08-29 18:42:34,Low,Construction,0.128,48
373fa2f6-9173-4c40-b47a-2a97c2f70b07,TRIP-0a17c9-2,2025-08-27 16:50:34,Medium,Potholes,0.24,52
a729d8a9-9779-4208-8deb-e039fa8075c3,TRIP-2a370b-0,2025-09-11 17:52:34,High,Good,0.225,31
edc043d9-6a3d-4d96-8b91-dfd0f4d78df3,TRIP-2a370b-1,2025-09-07 17:28:34,Low,Potholes,0.097,40
2715a694-40b8-4dcc-9e7d-c998398ad196,TRIP-2a370b-2,2025-08-12 17:15:34,High,Good,0.146,56
0a6d9f3e-c236-4ece-89cc-3cfcd4afe3e6,TRIP-b04092-0,2025-08-25 18:26:34,High,Construction,0.053,54
766fe380-d3fa-4a3b-a9dd-4a4b3f030cb4,TRIP-b04092-1,2025-08-25 17:04:34,Low,Construction,0.072,89
b7d0241a-59fd-4a50-92e7-720ded5a636a,TRIP-b04092-2,2025-08-25 18:39:34,High,Construction,0.145,40
2c3fea2a-3ed9-471a-80da-261f65fed9b4,TRIP-e2c223-0,2025-08-20 17:14:34,Medium,Potholes,0.182,52
c23fb502-02b1-48e4-a6e3-2f2dd9c962bc,TRIP-e2c223-1,2025-09-07 17:52:34,Medium,Potholes,0.157,73
e23b4caa-2bf7-4843-9128-5f0040e39868,TRIP-e2c223-2,2025-09-08 16:51:34,High,Construction,0.142,56
8ceed6ed-b334-446c-a01e-8cf0e873020d,TRIP-4b309d-0,2025-08-28 18:03:34,Low,Good,0.108,48
178dd0d2-1ab7-4caa-bb45-1311449a1075,TRIP-4b309d-1,2025-08-28 17:25:34,Medium,Good,0.215,88
22124708-d4d0-40f3-9f60-fd81c71e9b88,TRIP-4b309d-2,2025-08-27 18:14:34,Low,Potholes,0.119,86
589b3698-c43c-476d-b925-5a4736df0d3f,TRIP-bdd69a-0,2025-09-11 17:07:34,High,Good,0.181,44
9bca980d-3cc6-4e7d-8600-f9b536bacc12,TRIP-bdd69a-1,2025-09-10 17:06:34,Medium,Good,0.131,71
03bed7da-fede-4e64-a032-281f2d4b91e6,TRIP-bdd69a-2,2025-09-10 16:45:34,Medium,Potholes,0.112,31
25719b93-3489-4e0b-9d87-c8aa5d9f4492,TRIP-86efb7-0,2025-09-07 18:18:34,Low,Potholes,0.244,60
bc023b04-e40e-400a-840c-9f2e438d8f48,TRIP-86efb7-1,2025-08-15 16:55:34,Low,Construction,0.174,33
dedb7ce3-d946-422b-acfb-522e1bf81d67,TRIP-86efb7-2,2025-09-02 18:39:34,High,Good,0.167,81
44ceb801-b2da-48d6-bc53-23219673b410,TRIP-52e662-0,2025-08-13 18:03:34,Medium,Construction,0.238,87
92cd4a6f-b2cd-4697-87fe-3a37f6a42c8d,TRIP-52e662-1,2025-09-08 16:43:34,High,Good,0.121,54
508ce455-f27a-414c-a3ad-31557a472241,TRIP-52e662-2,2025-08-24 17:43:34,High,Good,0.08,34
61ff3104-6578-4d9b-b2ee-c63dab9e8b8a,TRIP-5036eb-0,2025-08-16 18:27:34,High,Construction,0.228,76
bf441bcc-1d64-414d-8be0-dd37e5741a9a,TRIP-5036eb-1,2025-08-28 17:16:34,High,Potholes,0.144,69
34ba238c-6d01-4525-97a2-2469bf28cf19,TRIP-5036eb-2,2025-08-26 16:49:34,Low,Good,0.229,22
d7d4d918-9922-42b0-9725-27f2991a62d2,TRIP-f26a94-0,2025-08-29 18:21:34,Low,Potholes,0.07,20
969e2a25-1cc0-47e3-9304-3e0a16175150,TRIP-f26a94-1,2025-09-10 17:46:34,High,Potholes,0.124,75
9d6c90ba-08a8-460e-8f98-b0fd02101c6d,TRIP-f26a94-2,2025-08-28 17:53:34,Low,Good,0.15,65
bdf2d054-4b9a-4d2f-966e-d50fd7ac5739,TRIP-0314f2-0,2025-08-31 17:35:34,Medium,Potholes,0.173,48
3107d59d-42e9-4354-8f67-f6bf4eb6a149,TRIP-0314f2-1,2025-08-24 17:36:34,High,Construction,0.172,87
69edc855-f557-410b-9f6f-24e48a1db2e9,TRIP-0314f2-2,2025-08-26 17:54:34,Medium,Good,0.073,60
c9b651ba-f456-4927-b8d3-d244f7545df1,TRIP-0f2e58-0,2025-09-01 17:36:34,High,Potholes,0.226,29
1b3f21d2-e23a-4a08-b7b8-c930feb900f2,TRIP-0f2e58-1,2025-08-27 17:25:34,Low,Good,0.212,39
ce7b75d9-5812-4654-877b-14a6222788ea,TRIP-0f2e58-2,2025-08-15 17:46:34,High,Potholes,0.072,52
62b1b6d8-13e1-4cf4-80c8-4a0d8ce6e513,TRIP-b9f7a2-0,2025-09-08 18:33:34,High,Potholes,0.094,50
21f80fb1-181b-4dd1-83fb-b3cc26225ea0,TRIP-b9f7a2-1,2025-08-30 17:20:34,High,Good,0.167,56
984695dc-1b92-4f06-a3b5-06b6dd21a27f,TRIP-b9f7a2-2,2025-09-01 17:20:34,Low,Good,0.25,42
552401e1-e636-462f-a706-d6dbe48d7ec1,TRIP-077e99-0,2025-08-29 18:28:34,Medium,Construction,0.238,75
e7de51f9-79a8-44a2-b655-d1f6d9661642,TRIP-077e99-1,2025-09-04 17:48:34,Low,Construction,0.188,77
fc99f517-60a9-4ee7-8fb0-fd01afc97085,TRIP-077e99-2,2025-09-07 18:40:34,Medium,Good,0.151,69
2dd199d0-58c3-4ea8-a119-6100d1524c80,TRIP-d3e19e-0,2025-08-13 18:18:34,Medium,Potholes,0.232,58
226bc6b8-488b-4725-855a-80ed6b5dce67,TRIP-d3e19e-1,2025-08-18 17:09:34,Medium,Good,0.209,58
0b1bd51f-9f31-4169-98c1-1ef3d7107302,TRIP-d3e19e-2,2025-09-09 18:03:34,Medium,Potholes,0.168,78
84af2064-2a0f-46aa-a671-6088ebb0a5e6,TRIP-e6bfed-0,2025-08-15 17:35:34,High,Construction,0.219,56
934ed199-7bc7-44aa-99b6-69b373298af5,TRIP-e6bfed-1,2025-08-19 16:49:34,Low,Good,0.097,85
95dc9655-6b81-4bd5-bf52-24e3f2b5d085,TRIP-e6bfed-2,2025-08-28 17:26:34,High,Construction,0.165,62
4185c3a9-82bd-464f-8111-18b1aeff1eeb,TRIP-34b738-0,2025-08-20 17:44:34,Low,Potholes,0.245,49
20bb2533-7624-4e6f-a14a-aff54b6717b5,TRIP-34b738-1,2025-09-11 18:04:34,Low,Potholes,0.17,86
268ca966-2aa5-4fbd-9fc7-804ba007dfbb,TRIP-34b738-2,2025-08-25 17:01:34,Low,Construction,0.131,60
3f64ebe7-9fd8-42bc-ae3c-88bec221ca0c,TRIP-c576d8-0,2025-09-04 18:21:34,High,Good,0.198,26
1e655472-b5d9-48b1-a23f-3d68ae96173d,TRIP-c576d8-1,2025-09-06 16:55:34,Low,Construction,0.125,60
fedd02ec-1c66-46a2-94f7-09674d4663b8,TRIP-c576d8-2,2025-09-04 17:53:34,Medium,Construction,0.111,70
4c4fa8ab-96e6-416c-82fe-f77c50013e0b,TRIP-5c19c0-0,2025-09-05 18:38:34,High,Potholes,0.061,39
ca8bd3eb-9ea3-4df3-92cf-6e447395c9be,TRIP-5c19c0-1,2025-08-27 18:18:34,Medium,Good,0.17,38
1d778bae-7c2d-4595-8ee3-9acedd5c0006,TRIP-5c19c0-2,2025-08-24 18:39:34,High,Good,0.124,38
07b15c4a-ace0-4481-ae29-047bc29c50f2,TRIP-7eb4e6-0,2025-08-22 18:15:34,Medium,Good,0.165,88
414bda68-b9b7-4dbd-b5a4-5f0bc6b9dd23,TRIP-7eb4e6-1,2025-08-29 17:24:34,Medium,Potholes,0.24,84
f4830b3b-a33c-4804-bd7f-d9eddf372549,TRIP-7eb4e6-2,2025-09-10 17:04:34,Medium,Good,0.095,31
ced6a044-b003-4a56-b87e-14bc626b6a7c,TRIP-463100-0,2025-09-07 17:22:34,High,Construction,0.102,53
34d44e3a-a2d1-4c59-b73a-ed131f0194a2,TRIP-463100-1,2025-08-27 17:42:34,High,Potholes,0.117,40
dd4b0cde-9203-427b-a74e-1747d2ba33c1,TRIP-463100-2,2025-09-02 17:50:34,Low,Construction,0.159,90
45b78e76-b30d-4956-a729-93cc6ebaf10d,TRIP-839474-0,2025-08-18 18:32:34,High,Construction,0.152,64
b80743d4-36df-4fa5-9173-b81aff0a1919,TRIP-839474-1,2025-09-11 17:27:34,High,Good,0.075,82
a37114f0-c47d-4cca-9533-d828a97f171a,TRIP-839474-2,2025-08-15 18:19:34,Low,Construction,0.094,83
7ea48875-e784-4e61-be22-f12af3750200,TRIP-da5f72-0,2025-09-06 17:42:34,Medium,Good,0.193,80
38bc60ee-3d7d-4768-a9c4-549e4e23dbce,TRIP-da5f72-1,2025-08-19 16:47:34,Medium,Good,0.192,48
ba3bf48f-71da-499e-b3f0-49298216aaf1,TRIP-da5f72-2,2025-08-31 16:54:34,High,Potholes,0.118,26
848e7d4b-828d-4df2-905a-5b87331a6f25,TRIP-035d17-0,2025-08-18 18:30:34,Low,Good,0.181,56
394f4590-efad-4cc2-a791-06d44b46fb87,TRIP-035d17-1,2025-08-27 17:14:34,Medium,Good,0.192,47
2dca766b-a1fe-4756-babb-2fa77c2f8000,TRIP-035d17-2,2025-08-19 17:54:34,Low,Potholes,0.229,52
81232923-89a7-4b49-99c8-523b214aed14,TRIP-9450ea-0,2025-09-09 16:51:34,Low,Potholes,0.181,43
33c255a9-f58b-4d01-812b-20ee44dab63f,TRIP-9450ea-1,2025-09-04 16:58:34,High,Potholes,0.085,41
9ab7675f-6dc7-4ed7-b9d0-e72cf2a7269c,TRIP-9450ea-2,2025-09-08 17:19:34,Medium,Potholes,0.193,29
5c96cf6b-abbc-4823-8fd3-8bd031300b7a,TRIP-258f5f-0,2025-08-16 17:58:34,High,Potholes,0.248,38
05d1ed5f-b803-40fd-8e4a-0ab822a7b93b,TRIP-258f5f-1,2025-08-18 16:44:34,Low,Potholes,0.225,28
7b78a49a-438b-4755-b8ac-4f3c67a6ced6,TRIP-258f5f-2,2025-09-09 18:28:34,High,Good,0.126,38
ce01cabc-c563-4844-b8ee-1e8f874360ee,TRIP-b162eb-0,2025-09-11 17:00:34,High,Good,0.056,43
3aafeb4b-96c9-4d7d-a2b0-6e9e68870d7d,TRIP-b162eb-1,2025-08-22 18:20:34,Medium,Good,0.088,52
9ca33a8e-e42a-4388-a94c-5965f3d53595,TRIP-b162eb-2,2025-08-22 18:00:34,Medium,Construction,0.211,57
7dff8fe6-01e2-4b98-9973-d43b365de014,TRIP-66431a-0,2025-08-17 17:51:34,Low,Good,0.244,20
68f9c4d1-a5be-4ef6-9217-c9113e7ca6ff,TRIP-66431a-1,2025-08-14 16:56:34,Low,Good,0.068,32
496f42f7-1a4c-40d4-87bd-72307658cbf7,TRIP-66431a-2,2025-08-21 18:18:34,Medium,Construction,0.142,57
859f2b50-1b44-48ae-9f5c-feb15a6f76ad,TRIP-2deb8c-0,2025-08-24 18:30:34,Medium,Good,0.1,21
9e4c1838-664f-4259-ab0f-454e2189072c,TRIP-2deb8c-1,2025-08-21 18:33:34,Low,Construction,0.13,57
22c98145-31a8-45ed-83c3-af1096cb98b4,TRIP-2deb8c-2,2025-09-08 18:15:34,Low,Potholes,0.118,32
57754995-997f-41b6-891d-8efe1d175e74,TRIP-6370ff-0,2025-08-16 18:05:34,High,Potholes,0.061,30
27061de7-8109-4098-a389-6337ec0eeb02,TRIP-6370ff-1,2025-09-09 17:14:34,High,Potholes,0.092,54
fdbf22dc-dd62-4165-9fe3-b079bf022723,TRIP-6370ff-2,2025-09-11 18:21:34,Low,Construction,0.219,82
915bb80e-c07e-4826-9e2a-e6aeb2b02c93,TRIP-2fb812-0,2025-08-30 16:55:34,Medium,Potholes,0.131,90
1d056ccd-f3e3-484e-8c46-873bafdd5a74,TRIP-2fb812-1,2025-08-14 17:56:34,Medium,Potholes,0.217,22
22f36270-783b-45ee-8c87-568c913b247e,TRIP-2fb812-2,2025-08-13 17:15:34,Medium,Good,0.206,32
02d620c9-283c-48ee-8c22-1071c4eb8876,TRIP-bd40ee-0,2025-09-05 17:13:34,High,Potholes,0.218,45
d029ad75-f657-4ea9-bc4c-7333ea8c2e9c,TRIP-bd40ee-1,2025-08-29 17:15:34,Medium,Construction,0.075,82
57af51b2-c4b8-402e-8ffe-7f2d3030a3fc,TRIP-bd40ee-2,2025-08-24 18:35:34,Medium,Potholes,0.115,57
1cc4b7ad-2b6f-4928-987e-974ba0338e17,TRIP-3e8855-0,2025-08-12 18:08:34,Medium,Good,0.142,28
7e595611-11d8-4aec-9490-8f1db006d6ad,TRIP-3e8855-1,2025-08-30 17:05:34,High,Construction,0.2,58
ed55fda5-46be-4348-bef0-41c650cbede0,TRIP-3e8855-2,2025-09-05 16:43:34,High,Potholes,0.098,65
6b197645-8880-4bde-8cd8-1b18dd9e542e,TRIP-0391ba-0,2025-08-14 18:11:34,Low,Construction,0.175,88
1e85daab-5332-4bbf-aec7-7ae1a256aae0,TRIP-0391ba-1,2025-08-20 17:44:34,Medium,Good,0.111,71
63b64814-6560-4ba3-96d5-d3d89bb4565d,TRIP-0391ba-2,2025-08-24 17:54:34,Medium,Construction,0.053,83
6a633c24-b8ea-4b23-862c-0e69667c5828,TRIP-ff7f17-0,2025-08-26 18:39:34,Low,Potholes,0.183,89
4c662671-7737-4311-9b97-cd28ef0f0ad8,TRIP-ff7f17-1,2025-08-26 17:46:34,Low,Construction,0.097,48
359fb716-372b-4a81-a3d8-8b0b08f8be8a,TRIP-ff7f17-2,2025-09-11 17:46:34,Medium,Construction,0.057,63
509dd9e5-8e07-4407-a070-f67f8871828b,TRIP-44370a-0,2025-08-23 17:04:34,Medium,Potholes,0.096,62
8db4be8a-b5e5-4a2b-a652-56ae59175c8e,TRIP-44370a-1,2025-09-02 17:28:34,Medium,Potholes,0.241,81
f1973cef-32c4-4672-9b51-d30bfda7ca21,TRIP-44370a-2,2025-08-29 17:59:34,High,Construction,0.244,69
94833a84-8c07-475f-9905-6bf0edb88eb0,TRIP-ff8963-0,2025-09-01 17:27:34,Low,Potholes,0.236,46
6742c9f6-355a-4d17-9e1c-f7b4afd4266c,TRIP-ff8963-1,2025-08-21 18:24:34,High,Construction,0.054,74
70a29c8a-9445-441d-a832-ad55363d1b11,TRIP-ff8963-2,2025-08-16 18:21:34,Medium,Potholes,0.067,55
9b88c467-9a24-4b5a-9a68-caadfa2f9b98,TRIP-861a06-0,2025-09-08 16:50:34,Medium,Construction,0.104,22
4d9c9da2-d75a-4b3c-9f23-813dca26d18d,TRIP-861a06-1,2025-09-01 18:00:34,Low,Construction,0.126,86
98993afc-397b-4d91-9bd9-6e7f5a030b73,TRIP-861a06-2,2025-09-07 18:33:34,Medium,Construction,0.116,27
62701e4a-8159-40f4-962d-149378c57739,TRIP-3a7cc4-0,2025-08-29 17:36:34,Low,Potholes,0.124,35
7a6e14e2-4040-4869-a26f-9776bab78f52,TRIP-3a7cc4-1,2025-09-08 17:12:34,Low,Construction,0.074,64
e785ae1a-85ac-4842-af53-cb4a940fb386,TRIP-3a7cc4-2,2025-09-10 17:16:34,High,Construction,0.248,79
1eae294f-ebdd-4595-9bca-2798177a5bfe,TRIP-c326c4-0,2025-08-13 17:45:34,Low,Good,0.178,46
a0a51e17-bc7e-43f2-af01-9000bda8b5fa,TRIP-c326c4-1,2025-08-19 17:08:34,High,Construction,0.211,24
19303c4c-6c80-48ca-bee5-947b014a76f1,TRIP-c326c4-2,2025-08-30 16:55:34,High,Good,0.158,58
bbf79b51-19b1-4b42-a96d-d1217f54d4ba,TRIP-3d03f9-0,2025-09-01 16:42:34,High,Potholes,0.062,71
d36a11df-b276-41bb-b84f-842a0f63c5f7,TRIP-3d03f9-1,2025-08-22 16:55:34,High,Good,0.129,78
553c6b42-cc72-4d10-b0cf-684cbceac12d,TRIP-3d03f9-2,2025-08-24 16:56:34,Low,Potholes,0.072,44
ea29152a-9420-43e1-8746-cc4ac671ffdc,TRIP-3c1f8f-0,2025-08-23 16:59:34,Low,Potholes,0.094,26
935dccc4-64b2-4989-8970-d35055b8be8e,TRIP-3c1f8f-1,2025-08-23 18:12:34,High,Potholes,0.08,21
ad2fe734-1fc8-452a-8eb8-34a24e2004ae,TRIP-3c1f8f-2,2025-08-24 17:43:34,Medium,Good,0.21,68
754efe86-3903-49c9-aaa5-3a15897ea6e0,TRIP-2fa063-0,2025-09-01 18:33:34,Low,Construction,0.157,62
1059c87b-b70d-4425-96a5-50acf6662cf0,TRIP-2fa063-1,2025-08-13 16:47:34,Medium,Good,0.116,32
5c215a9c-b85f-4f93-babf-8eb71f929b5e,TRIP-2fa063-2,2025-09-04 16:59:34,High,Potholes,0.157,45
a5849993-e730-4983-ba6f-8616b7473519,TRIP-38c773-0,2025-08-27 17:52:34,Medium,Good,0.235,31
33e906dd-0aa3-4b1b-8824-9c33e59e5522,TRIP-38c773-1,2025-08-12 18:42:34,Low,Construction,0.083,89
52d837e2-5731-4d11-abb1-50bf3b98d940,TRIP-38c773-2,2025-08-14 17:19:34,High,Potholes,0.129,35
cb5432e8-f926-438b-870d-b1bf24a399ec,TRIP-25d5f9-0,2025-08-31 17:39:34,High,Construction,0.13,59
f3ac3209-8e2f-49b4-a5b8-06a053474fe2,TRIP-25d5f9-1,2025-09-05 17:39:34,High,Good,0.162,73
bedbbd71-1eda-40c2-90c0-e00e4f483a4f,TRIP-25d5f9-2,2025-09-03 18:12:34,Low,Good,0.218,69
555c9646-a04a-4cfe-9b4e-764cab5f005a,TRIP-a75d96-0,2025-09-11 18:17:34,Low,Good,0.218,65
e878d7c6-b4ef-4125-a62d-3bddf16a90fa,TRIP-a75d96-1,2025-08-29 17:34:34,Low,Good,0.16,25
0662d676-ed15-4348-84b0-7772e73a3866,TRIP-a75d96-2,2025-08-14 18:08:34,Low,Construction,0.109,74
3b82b828-1675-4c57-b6fb-211f129914a7,TRIP-30c996-0,2025-08-21 17:13:34,Medium,Good,0.177,29
bb2c713e-c8f9-4fb3-a308-ece8404f167c,TRIP-30c996-1,2025-09-03 16:46:34,Low,Good,0.066,37
611531de-999b-4672-b42d-d055f5a09a0e,TRIP-30c996-2,2025-09-07 16:58:34,High,Potholes,0.108,42
cb7842af-dfca-4147-b9a8-6766ce1a1037,TRIP-182508-0,2025-08-14 18:36:34,Low,Potholes,0.054,77
358a53a7-1786-4ec0-a221-c5aca292040c,TRIP-182508-1,2025-09-05 18:30:34,High,Good,0.15,80
6c185aa4-6f36-41c6-8e2a-9478dc1cfb44,TRIP-182508-2,2025-08-17 18:11:34,Medium,Construction,0.084,63
adb2fd8b-1764-4346-822f-04e4cf48d12c,TRIP-36dcc8-0,2025-08-17 18:03:34,Low,Construction,0.211,49
7094dcb4-ff5e-4ecc-81d9-44ac10c0e090,TRIP-36dcc8-1,2025-09-04 17:50:34,High,Good,0.159,74
81bd352d-1a7c-4967-a1e2-4004964e4aa0,TRIP-36dcc8-2,2025-08-28 17:02:34,Low,Good,0.084,39
77a58478-f7ea-4b56-abfb-dc6de4b580df,TRIP-5832a4-0,2025-08-20 16:56:34,Low,Construction,0.152,71
2be0c742-9129-4565-8cb7-490abdb3e38c,TRIP-5832a4-1,2025-09-04 17:04:34,Low,Good,0.173,48
1a0c1e34-c719-449a-8087-5182ef7e3e97,TRIP-5832a4-2,2025-08-24 16:58:34,Low,Good,0.21,51
4e766a22-5f3f-475b-9b47-af53e0601fcd,TRIP-44e1c5-0,2025-09-01 17:15:34,Medium,Potholes,0.141,62
3d83509f-5876-4505-815b-6ed595e4f2ac,TRIP-44e1c5-1,2025-08-18 16:43:34,Medium,Potholes,0.189,64
5d7af807-ed12-4dfc-976a-832c2925769a,TRIP-44e1c5-2,2025-08-18 18:03:34,Medium,Good,0.09,78
0622acce-6963-4e73-8bba-c0743223006a,TRIP-840f1b-0,2025-09-06 17:48:34,Low,Construction,0.063,64
ef2e1549-0caa-48ee-adb6-593f4e303cb6,TRIP-840f1b-1,2025-08-22 17:52:34,Low,Construction,0.164,23
3d8c78de-7357-47f1-9fd2-e717bb7547fa,TRIP-840f1b-2,2025-09-07 18:09:34,High,Good,0.235,88
e1d1d416-705c-4567-9334-3a043f601f9e,TRIP-73f78c-0,2025-09-01 17:55:34,Low,Good,0.089,63
08a74943-e63c-4ea6-afc1-b0fcbe6a2c11,TRIP-73f78c-1,2025-09-04 18:32:34,Low,Construction,0.143,78
48c78dcd-2203-4e56-9fa3-41c9e917b953,TRIP-73f78c-2,2025-08-26 17:38:34,Low,Construction,0.186,79
9b46e9da-a594-4d36-bd06-9b4ed4b2a307,TRIP-9d8dee-0,2025-09-05 17:52:34,Low,Good,0.215,43
08008594-4a28-4fc8-8fd7-2a6e41cea7ca,TRIP-9d8dee-1,2025-08-17 17:03:34,Medium,Potholes,0.106,82
a7d63903-0b3d-469f-941a-f3a7061af139,TRIP-9d8dee-2,2025-08-25 17:14:34,Low,Good,0.155,47
11bc55bd-967d-4c61-b217-c44b9171d538,TRIP-5e2b5c-0,2025-08-16 17:43:34,Low,Construction,0.079,69
dd85bac4-818e-4229-a5c8-2dee0b956bb4,TRIP-5e2b5c-1,2025-08-29 17:52:34,Medium,Potholes,0.249,49
56263d9b-8c70-4d1e-b69c-adb21ce68c0a,TRIP-5e2b5c-2,2025-08-25 18:11:34,Low,Good,0.141,80
e99df729-0f7b-4359-8cdc-714ed9dc5ab0,TRIP-429431-0,2025-08-25 17:49:34,Medium,Good,0.14,25
a4c4e21c-8a61-4123-b8fb-4d815f776039,TRIP-429431-1,2025-08-22 18:41:34,Medium,Construction,0.18,88
e7b145ff-46ea-47c5-8087-74865e8a572c,TRIP-429431-2,2025-09-03 18:04:34,Medium,Construction,0.234,77
2194ade8-6dfb-414a-ab8c-6a4831e396bb,TRIP-6c9419-0,2025-08-14 18:22:34,Medium,Good,0.087,82
6864ff73-1605-406d-92e2-fc4e8d2e693a,TRIP-6c9419-1,2025-09-11 17:46:34,Low,Construction,0.075,47
2e48f99a-c22f-48c5-b6fb-20ebc8817302,TRIP-6c9419-2,2025-08-24 18:07:34,High,Potholes,0.171,44
9cc73498-29e7-478c-a622-546f9276a66c,TRIP-c93dac-0,2025-08-19 18:35:34,Medium,Construction,0.086,48
46279c68-922c-43ff-aa73-4bac770134fa,TRIP-c93dac-1,2025-08-17 17:10:34,Medium,Good,0.242,69
58d91401-d48d-42a2-827a-bf34e5519feb,TRIP-c93dac-2,2025-08-13 17:04:34,Low,Potholes,0.221,87
67af2cfc-a940-4db2-aa48-5b33f2ffb3c8,TRIP-91d70c-0,2025-08-12 18:34:34,Medium,Construction,0.079,34
06f7f594-4874-4e4a-8e9f-47f78467c56a,TRIP-91d70c-1,2025-08-15 18:04:34,Medium,Potholes,0.092,46
90984889-fb1a-445b-aeb0-62984d087bb9,TRIP-91d70c-2,2025-08-19 17:19:34,Low,Potholes,0.178,83
53ffc847-88b6-4ea9-a8db-10c1b4e03bbe,TRIP-ccbe8c-0,2025-09-10 18:42:34,Low,Good,0.2,54
3ddf4ae2-7055-4e58-85a2-5f53a06606d5,TRIP-ccbe8c-1,2025-09-09 17:00:34,High,Good,0.22,33
46d6108e-5f35-4689-a04d-5fc77272acfe,TRIP-ccbe8c-2,2025-09-05 17:11:34,Medium,Good,0.158,39
7b2fc22c-2459-45ad-8f8f-a31900463f48,TRIP-cd864f-0,2025-09-04 17:39:34,Low,Good,0.2,25
6ad62ed8-a9d4-441b-8651-57cdc4059b11,TRIP-cd864f-1,2025-09-05 17:58:34,Low,Potholes,0.139,55
a2158a06-ffc2-40c7-979e-b46e51b62881,TRIP-cd864f-2,2025-08-27 17:45:34,Low,Construction,0.071,41
c2e4fbc5-0722-42b7-b620-15dbd2a74243,TRIP-a4b94d-0,2025-09-01 18:32:34,Low,Good,0.054,79
789b2595-f4e9-421f-be81-6e3da05b671b,TRIP-a4b94d-1,2025-08-20 18:37:34,High,Potholes,0.232,44
ba16b446-7893-4558-b7d1-95cbab49e867,TRIP-a4b94d-2,2025-08-25 18:08:34,Low,Construction,0.179,46
1dcc07e5-d3c6-47b7-b138-c204720b4dfa,TRIP-a5b828-0,2025-08-16 16:50:34,Medium,Potholes,0.122,69
780fea6b-0067-4918-8573-f09dfd8d04e4,TRIP-a5b828-1,2025-08-27 18:15:34,Medium,Construction,0.187,20
e8b2c583-b5cb-4a67-a60e-2887fff83b69,TRIP-a5b828-2,2025-08-23 17:02:34,Low,Construction,0.219,45
8d72db2c-a14c-4fd5-ad4a-414fbb16f68f,TRIP-87ef9f-0,2025-08-12 17:55:34,Medium,Good,0.246,85
78099320-8b9f-4b4d-a079-8efd94549d15,TRIP-87ef9f-1,2025-09-02 17:22:34,Low,Good,0.063,26
a74ac0d4-bafe-4af4-a2c1-21590a050121,TRIP-87ef9f-2,2025-08-29 17:54:34,Medium,Good,0.222,36
68bfb1c1-dd4d-4830-af44-9e9a218483a6,TRIP-21d034-0,2025-09-08 18:09:34,Low,Construction,0.15,78
4851f050-be0e-424b-9485-070f6db0a21b,TRIP-21d034-1,2025-08-28 17:13:34,Medium,Construction,0.093,90
fe1b708e-6ea3-4eae-afd9-b78dcce82300,TRIP-21d034-2,2025-09-11 16:47:34,Low,Construction,0.124,77
e3c3a73e-2068-4e81-be84-2d0b645bda37,TRIP-712c91-0,2025-08-29 18:36:34,Low,Construction,0.138,83
64e9baf2-78eb-426e-9289-d02b80c2b680,TRIP-712c91-1,2025-08-13 18:41:34,High,Potholes,0.151,74
0aad8dd0-d6a1-4223-b8f1-cf2f76520f85,TRIP-712c91-2,2025-08-30 17:06:34,High,Construction,0.212,56
7e829a38-ff17-43d2-ae5d-195b4ac67d3d,TRIP-837843-0,2025-08-23 17:26:34,Low,Potholes,0.07,47
7ba8dd35-655d-4237-9763-2051072e999b,TRIP-837843-1,2025-09-01 18:29:34,High,Construction,0.121,88
0ecdf94b-7e81-45fb-b580-0407ab20698a,TRIP-837843-2,2025-08-24 17:21:34,High,Good,0.221,29
b52ccd48-13cb-4766-993b-ae0c1cb667a6,TRIP-a39652-0,2025-08-20 17:46:34,Low,Potholes,0.092,50
8efef1d9-f4fd-4fc6-a375-07db0464eccb,TRIP-a39652-1,2025-09-05 17:23:34,High,Good,0.125,80
67e61a1a-9955-4be8-aff1-611839f4fa4d,TRIP-a39652-2,2025-08-16 18:08:34,Low,Potholes,0.241,30
f2903bc0-260c-4ff3-be80-e04f1a3b25e4,TRIP-ce9bf2-0,2025-08-30 16:43:34,High,Potholes,0.215,56
cd1df35f-2ec2-46f1-9ee4-ec3a6a1c1dc0,TRIP-ce9bf2-1,2025-08-15 18:02:34,High,Potholes,0.196,38
ed36273d-1e09-4467-837b-5cb2c6964bfd,TRIP-ce9bf2-2,2025-08-12 18:06:34,High,Construction,0.203,28
ed1a09fa-65bf-42dc-ae4d-6867570c2a51,TRIP-7e20b9-0,2025-09-11 17:29:34,High,Construction,0.094,65
a1b15269-9fd6-4989-825c-5c48977e1511,TRIP-7e20b9-1,2025-08-19 17:03:34,Low,Good,0.137,77
c798ca9d-5857-446e-91db-71ad27015de8,TRIP-7e20b9-2,2025-09-04 18:30:34,High,Construction,0.091,82
1730f6f1-7d7a-4a66-8009-47c190da4f2d,TRIP-55634e-0,2025-08-31 16:50:34,Medium,Good,0.057,73
449844f7-c5fd-46c4-a52e-f832cc5cb6a7,TRIP-55634e-1,2025-08-15 18:40:34,High,Good,0.112,48
d0dbe14b-402d-4b29-bc8f-792003e80ca6,TRIP-55634e-2,2025-08-27 18:03:34,Low,Good,0.12,30
1ef64dd1-ff84-451d-ba40-ffc448fa3164,TRIP-2a935a-0,2025-08-13 17:42:34,Medium,Good,0.081,48
580d6b35-bfa2-4ae4-9f30-c318810c11ac,TRIP-2a935a-1,2025-08-17 17:36:34,Medium,Potholes,0.102,29
37bc1867-9a70-4821-8a09-b4e99038d584,TRIP-2a935a-2,2025-08-24 17:50:34,High,Good,0.095,60
35087a86-040b-4f86-b7a6-5059221b2eed,TRIP-84c5b2-0,2025-08-30 16:55:34,Low,Good,0.188,41
e0ae6f11-fd27-4799-916d-591c1a587f56,TRIP-84c5b2-1,2025-08-14 17:26:34,High,Construction,0.202,64
bf19b973-d033-494c-bb11-f3a0bd5bb1a9,TRIP-84c5b2-2,2025-09-01 16:42:34,Low,Good,0.243,87
25373873-fc7c-4dab-8e2e-9170d7028256,TRIP-e1c734-0,2025-08-17 17:04:34,High,Good,0.123,78
516dca58-ac7b-47e7-b786-1174a8c7da57,TRIP-e1c734-1,2025-08-18 17:04:34,Low,Good,0.126,22
2a736b80-b2f6-4e62-8ccb-fcf4ba3d6cbf,TRIP-e1c734-2,2025-08-21 17:52:34,Low,Good,0.218,24
9e2ad470-aed8-4c59-99a9-2f996f281c68,TRIP-ee1757-0,2025-08-18 17:40:34,High,Good,0.094,73
afb3064c-deba-40fb-b5f0-7c5151aea0d7,TRIP-ee1757-1,2025-09-06 18:25:34,Medium,Good,0.215,90
de424f38-a422-46b8-a3ac-8c9aed7af08a,TRIP-ee1757-2,2025-08-24 18:26:34,High,Construction,0.201,63
c3b6ed02-9576-41d5-b622-dcf32ee8e163,TRIP-26ed0f-0,2025-08-15 17:49:34,High,Construction,0.118,29
5ece6e7d-2f37-4f9d-86a2-06471981aac2,TRIP-26ed0f-1,2025-08-16 17:45:34,High,Potholes,0.236,89
52fd9075-ef36-40d1-810a-5f7f2d95ae48,TRIP-26ed0f-2,2025-08-21 18:16:34,Medium,Potholes,0.234,22
31025120-d144-496a-8b56-51a31a2ff11e,TRIP-c6ba1b-0,2025-09-04 18:33:34,High,Good,0.108,80
7943dcb9-2ed3-4148-901d-363c8a423afb,TRIP-c6ba1b-1,2025-08-30 17:59:34,Medium,Good,0.231,28
f8d26ba1-9a66-4974-831c-60e45f1423be,TRIP-c6ba1b-2,2025-08-19 17:43:34,High,Construction,0.159,56
c7ca115c-60af-4ffa-8d26-d22ac77f2d84,TRIP-cb06c4-0,2025-09-06 18:02:34,Low,Potholes,0.171,51
afcfb14b-32b1-43ed-9ab8-29a5b2fe6fea,TRIP-cb06c4-1,2025-08-26 18:09:34,Low,Good,0.092,69
bae7e5de-5166-4ec5-9d11-0487a9d15abc,TRIP-cb06c4-2,2025-08-31 18:16:34,High,Potholes,0.213,31
a16fedfc-6c62-481d-933c-06da9bdbbde8,TRIP-fecab0-0,2025-08-21 18:30:34,Low,Potholes,0.222,85
9177075d-7418-43ea-8dff-bc23f80e2ebf,TRIP-fecab0-1,2025-08-15 17:47:34,Medium,Potholes,0.113,69
8d1a82bc-1680-4410-9523-54be1619b3c2,TRIP-fecab0-2,2025-09-03 17:07:34,Low,Good,0.161,60
5717a0f1-b98d-4ca3-9e07-93c2d46c1e0c,TRIP-e065ed-0,2025-08-28 16:45:34,High,Good,0.192,25
98cff39b-eb20-4621-960a-45f24a259baa,TRIP-e065ed-1,2025-08-21 17:55:34,Low,Potholes,0.051,79
5ccc57cc-d453-453f-8b0e-5d3b3a2a4d9f,TRIP-e065ed-2,2025-08-28 17:34:34,Medium,Construction,0.059,36
f8291364-bfd8-4960-b24b-6bb49d1ef39b,TRIP-4ec672-0,2025-08-15 17:16:34,Medium,Good,0.225,81
df7e3efb-3552-4604-9130-77fb175e077c,TRIP-4ec672-1,2025-08-29 18:21:34,High,Construction,0.172,84
151647e4-fbf6-466e-bb03-116e94712012,TRIP-4ec672-2,2025-08-19 16:53:34,Low,Potholes,0.189,32
8c91bc4f-6ee5-42a1-a0ff-37aa8c534543,TRIP-1bad94-0,2025-08-24 17:41:34,Low,Good,0.074,31
1dd60196-f259-4e17-acc5-ca3bc36c48e6,TRIP-1bad94-1,2025-09-04 17:26:34,Low,Construction,0.163,28
cfc6d8d7-c8b5-4216-9b6f-da927b13674d,TRIP-1bad94-2,2025-09-06 18:38:34,High,Construction,0.104,32
d74b8372-2308-4f18-bef0-6b5c144757b8,TRIP-712ceb-0,2025-08-26 16:58:34,Medium,Construction,0.243,53
c4357327-34b1-40b0-9ce3-9603d8669a9e,TRIP-712ceb-1,2025-09-02 17:19:34,Medium,Potholes,0.21,38
f49ff9e4-ee5a-4391-a2b8-7d5baf17f1df,TRIP-712ceb-2,2025-09-07 18:28:34,High,Good,0.201,77
44916bff-fa8e-4001-852b-fff8d5d64fa8,TRIP-5f2fb7-0,2025-08-13 16:42:34,Low,Construction,0.203,66
8a657786-6438-4873-a7e8-c019b26cd012,TRIP-5f2fb7-1,2025-08-13 16:53:34,Low,Construction,0.182,21
4de9bc2b-6f18-41c7-b8a5-8a09b73bd6ce,TRIP-5f2fb7-2,2025-09-07 17:34:34,Medium,Construction,0.089,79
7b847917-239f-407d-80fe-85501d7ac8e1,TRIP-278db7-0,2025-08-21 17:27:34,Medium,Construction,0.247,71
04536e55-2079-41fd-b9a7-ae531f1909ce,TRIP-278db7-1,2025-09-10 17:28:34,Medium,Potholes,0.211,43
287e103b-acfd-49d8-9fe1-315b1178adcb,TRIP-278db7-2,2025-09-09 17:09:34,Medium,Construction,0.077,88
77acb1e5-1422-4dc4-8a0a-58adc6c3bf34,TRIP-af857c-0,2025-08-21 17:24:34,Medium,Construction,0.221,41
4b43c973-cd9c-48f3-99b8-26bc28c7b856,TRIP-af857c-1,2025-08-12 18:08:34,Low,Construction,0.083,20
c639f209-f7b6-4c69-b38d-9c4a7d6cebfe,TRIP-af857c-2,2025-08-28 17:04:34,Low,Construction,0.067,25
bd3809f2-a435-4862-ae5a-03033d13548c,TRIP-720d3a-0,2025-09-02 17:32:34,Medium,Potholes,0.144,82
77226694-6ed5-4d13-be28-f503b505bb80,TRIP-720d3a-1,2025-09-09 16:45:34,Low,Construction,0.055,73
7940aa8b-6ad1-4f86-adc9-9fc8b8d2ef2d,TRIP-720d3a-2,2025-08-21 17:12:34,High,Construction,0.084,36
528f0b22-1e16-4c42-8248-6e7980a03639,TRIP-19f7fd-0,2025-08-27 17:25:34,Low,Potholes,0.157,36
5b6096e1-922a-487b-b189-8969dbad256b,TRIP-19f7fd-1,2025-09-02 18:38:34,High,Potholes,0.117,76
9b23ec52-80a6-4a28-9b5b-a2ab99d33ae0,TRIP-19f7fd-2,2025-09-10 16:47:34,Low,Construction,0.227,41
a02dfcbf-e984-446c-b5b9-5ad740874086,TRIP-0cd799-0,2025-09-04 17:23:34,High,Good,0.141,38
acc0c895-63a2-4127-acf7-ba7b84508b15,TRIP-0cd799-1,2025-08-29 16:48:34,Low,Good,0.175,69
4ccbab61-d8f3-4ef6-ba60-d4163e77c259,TRIP-0cd799-2,2025-08-14 18:19:34,Medium,Construction,0.121,45
521e7ea4-8273-4a95-9573-7d85b1db31df,TRIP-9a5987-0,2025-09-06 18:27:34,Medium,Potholes,0.248,40
455fa3c4-b771-45a4-9a81-2839f4013988,TRIP-9a5987-1,2025-09-01 18:42:34,Low,Construction,0.052,81
a4af49c0-87f5-4ded-b4ac-b35d195a0d3b,TRIP-9a5987-2,2025-08-19 18:42:34,High,Construction,0.221,63
b8a19ff0-9c75-4372-add8-a681b783570d,TRIP-278c8a-0,2025-08-28 17:26:34,High,Potholes,0.159,47
bea0b469-3f04-4993-9f96-75cb6f3d4687,TRIP-278c8a-1,2025-08-14 18:38:34,High,Good,0.199,60
49dad3a9-7fa3-40cd-b1d7-f9a09a70028c,TRIP-278c8a-2,2025-09-05 18:29:34,High,Potholes,0.233,46
577dcc35-3a70-4619-a79b-3d13e848022e,TRIP-8baaff-0,2025-08-25 17:06:34,High,Potholes,0.205,66
52512dc4-1046-4a76-a443-95c12f4dab91,TRIP-8baaff-1,2025-08-23 18:16:34,High,Good,0.22,54
db7c3ddf-8e25-4e15-802e-381724328253,TRIP-8baaff-2,2025-08-18 17:22:34,High,Potholes,0.067,50
043473e8-c18f-4a94-9d48-fe6484300e6c,TRIP-46e0ef-0,2025-08-14 18:35:34,Medium,Construction,0.247,83
1cb71340-74eb-410e-a146-0ec8da18fd62,TRIP-46e0ef-1,2025-09-03 17:36:34,Medium,Construction,0.124,39
8e130fc0-9a6d-4b6f-8e9c-954790737a03,TRIP-46e0ef-2,2025-08-30 16:50:34,Medium,Potholes,0.138,50
