policy_id,driver_id,vehicle_id,coverage_type,premium_amount,last_updated
POL-873f0854,873f0854-c9ae-4e3c-b04e-e59d9cf28c77,VEH-7107,Premium,877.35,2025-09-11 16:37:28
POL-95562c96,95562c96-f0fe-4d18-b65e-7ab20d677443,VEH-3623,Standard,1360.71,2025-09-11 16:37:28
POL-6320210b,6320210b-5a7d-429a-b3b2-6009ef316d64,VEH-8841,Basic,1045.96,2025-09-11 16:37:28
POL-0d668988,0d668988-55bf-47f7-b92c-6f40ac2fa419,VEH-8232,Basic,1195.22,2025-09-11 16:37:28
POL-226b8b91,226b8b91-7576-45ff-ad3b-e75f7be67236,VEH-8961,Premium,648.0,2025-09-11 16:37:28
POL-ee2ebdb6,ee2ebdb6-4463-4c18-8563-361ad645ab85,VEH-2725,Standard,1149.23,2025-09-11 16:37:28
POL-1f92be92,1f92be92-d590-4867-bfaa-a6992aa4396d,VEH-3244,Premium,1492.1,2025-09-11 16:37:28
POL-b68ed926,b68ed926-34da-47e0-9078-4f1eb2336b91,VEH-9234,Basic,653.21,2025-09-11 16:37:28
POL-7fa981da,7fa981da-07c2-456c-a4a7-4fbfdb5522f1,VEH-7132,Standard,1167.87,2025-09-11 16:37:28
POL-f26713ae,f26713ae-917f-4a78-ae6e-b853afb6a84c,VEH-7058,Standard,1429.3,2025-09-11 16:37:28
POL-617530ae,617530ae-f3bd-4823-9dad-d4718ad5e564,VEH-9165,Basic,1204.28,2025-09-11 16:37:28
POL-62d8edb5,62d8edb5-1521-4c96-abcc-d1039c6ce0d5,VEH-2728,Basic,1490.97,2025-09-11 16:37:28
POL-ba098529,ba098529-3f0a-4c8b-9f5a-960e892f884a,VEH-6399,Premium,1467.81,2025-09-11 16:37:28
POL-b6b842c9,b6b842c9-6409-4da2-af8e-c32135882c69,VEH-5416,Standard,797.78,2025-09-11 16:37:28
POL-3ac54ba1,3ac54ba1-24ec-4c46-9ec8-3a3767908cb0,VEH-2902,Standard,1075.56,2025-09-11 16:37:28
POL-14f12100,14f12100-d202-4943-9631-27801ac5e8b0,VEH-8691,Basic,1465.32,2025-09-11 16:37:28
POL-b1004962,b1004962-0ea3-4c60-ac32-41c76a1c09ed,VEH-1779,Basic,746.49,2025-09-11 16:37:28
POL-4f057204,4f057204-cb17-480d-a4cc-531bed0d2773,VEH-9584,Basic,723.7,2025-09-11 16:37:28
POL-f6118f94,f6118f94-91ea-450d-92df-9eba9bfbbb04,VEH-4456,Premium,839.55,2025-09-11 16:37:28
POL-a19777e9,a19777e9-aa8a-4988-9250-6f8753442ac2,VEH-4062,Basic,700.46,2025-09-11 16:37:28
POL-9a4e68ce,9a4e68ce-f3d7-4547-ae27-a58e13df63da,VEH-5985,Premium,1287.22,2025-09-11 16:37:28
POL-c501ac66,c501ac66-440f-4a49-8dc2-1e7d9fadc22b,VEH-4191,Standard,1102.97,2025-09-11 16:37:28
POL-04d73847,04d73847-cf60-4f76-9c28-f8493f3efd17,VEH-6178,Standard,870.79,2025-09-11 16:37:28
POL-6936490e,6936490e-dc03-41f7-a0a0-2a675a88bf14,VEH-3126,Standard,1393.27,2025-09-11 16:37:28
POL-d8de7bf3,d8de7bf3-df50-4d81-a569-b93ddf294d50,VEH-2798,Standard,686.56,2025-09-11 16:37:28
POL-752ee9d0,752ee9d0-bb90-4020-9411-0ae44caebbff,VEH-8290,Basic,1110.37,2025-09-11 16:37:28
POL-9e145d2a,9e145d2a-dbd7-4a17-97a1-a5c31d5e5b61,VEH-9708,Premium,1102.9,2025-09-11 16:37:28
POL-c1fe397f,c1fe397f-a5db-4059-b19d-021624598c79,VEH-1161,Premium,1399.29,2025-09-11 16:37:28
POL-faceec0e,faceec0e-a231-4367-879a-e08ef9c28a73,VEH-9609,Premium,784.96,2025-09-11 16:37:28
POL-cf82dd0f,cf82dd0f-c696-4b53-820e-129a3ecf968b,VEH-6527,Premium,746.59,2025-09-11 16:37:28
POL-5d8cd350,5d8cd350-df75-4c4a-8e07-fba568487399,VEH-6608,Standard,696.32,2025-09-11 16:37:28
POL-e372eee1,e372eee1-42e5-47a8-b821-9e288462dd87,VEH-2330,Premium,1232.97,2025-09-11 16:37:28
POL-7014fe56,7014fe56-1c38-4f15-b434-1ae709d82274,VEH-8230,Standard,1048.26,2025-09-11 16:37:28
POL-d2f91ecb,d2f91ecb-d36e-457a-be0c-607f828a6f31,VEH-2478,Standard,1186.98,2025-09-11 16:37:28
POL-7359417b,7359417b-9d17-417f-bea7-b6b0b6788017,VEH-8369,Premium,852.86,2025-09-11 16:37:28
POL-3f185362,3f185362-85e8-41ae-bf30-1b33ad1de847,VEH-2378,Standard,939.17,2025-09-11 16:37:28
POL-3057145d,3057145d-1557-4f50-a4bc-4b71260e13de,VEH-9006,Standard,1297.97,2025-09-11 16:37:28
POL-0083fb0e,0083fb0e-9c8d-466a-a31a-eec4a636e2b2,VEH-5763,Premium,705.99,2025-09-11 16:37:28
POL-bdcff929,bdcff929-e127-440d-b7f9-9d189a67062e,VEH-2959,Basic,1032.76,2025-09-11 16:37:28
POL-2ccc082a,2ccc082a-6cf7-4190-9cce-23de6cd7bb76,VEH-2376,Standard,1008.15,2025-09-11 16:37:28
POL-999e3e19,999e3e19-96cf-42df-b71d-46989007c4a5,VEH-8510,Premium,1020.58,2025-09-11 16:37:28
POL-1d1813ec,1d1813ec-3a2f-45b9-bc38-fb275ad68b37,VEH-4532,Basic,1030.42,2025-09-11 16:37:28
POL-55d6e10c,55d6e10c-ecb3-4055-9e4f-355535c275fe,VEH-1179,Premium,1343.45,2025-09-11 16:37:28
POL-cfd12350,cfd12350-72ce-4f19-b483-007da7effddc,VEH-8766,Premium,814.3,2025-09-11 16:37:28
POL-6976de76,6976de76-93d8-4c32-a079-edc46ebc3b8b,VEH-9035,Premium,983.59,2025-09-11 16:37:28
POL-902bd80a,902bd80a-e711-4d8c-8692-788197976e1d,VEH-6031,Standard,718.69,2025-09-11 16:37:28
POL-6e6b09ff,6e6b09ff-07fd-47f5-85b7-3bf944deb997,VEH-9315,Basic,1261.23,2025-09-11 16:37:28
POL-80c9d182,80c9d182-4fa1-4fd7-bb7b-90d40efbfa42,VEH-7534,Standard,1033.13,2025-09-11 16:37:28
POL-e42b271e,e42b271e-0470-46e3-b463-2111d63bdf38,VEH-2140,Basic,1043.66,2025-09-11 16:37:28
POL-bbf7a1e8,bbf7a1e8-92d4-4825-89cf-fe0778583924,VEH-8751,Premium,949.38,2025-09-11 16:37:28
POL-77f2a331,77f2a331-aa2e-48e8-a7fa-504c6cd66041,VEH-1457,Basic,1446.34,2025-09-11 16:37:28
POL-0e8afccb,0e8afccb-5a92-4c3b-8e2b-f46a17eef950,VEH-8132,Premium,757.75,2025-09-11 16:37:28
POL-06558e1b,06558e1b-c28d-47ab-a54c-6bf9dc36746b,VEH-1032,Standard,1028.49,2025-09-11 16:37:28
POL-37074067,37074067-0bd7-4967-9db6-02c73951deab,VEH-3417,Standard,859.93,2025-09-11 16:37:28
POL-493cfb40,493cfb40-4f9e-42f3-8b5a-34d93d26042d,VEH-8834,Premium,760.57,2025-09-11 16:37:28
POL-ebfa028a,ebfa028a-ceca-48a0-aaaf-b11dd261bc42,VEH-7435,Premium,785.53,2025-09-11 16:37:28
POL-a147620b,a147620b-82ef-40e8-b08a-966b3971a110,VEH-6378,Premium,1438.42,2025-09-11 16:37:28
POL-8be14f15,8be14f15-b6cb-4720-bd01-9799a2adc0fb,VEH-5456,Basic,927.02,2025-09-11 16:37:28
POL-4ec25da5,4ec25da5-3707-4688-a984-996af0326468,VEH-5426,Premium,766.25,2025-09-11 16:37:28
POL-f2672570,f2672570-1002-4929-bf67-76997837b036,VEH-3440,Standard,1253.63,2025-09-11 16:37:28
POL-fabbb555,fabbb555-1915-4945-9d75-2c7d7e56afa8,VEH-6160,Premium,971.76,2025-09-11 16:37:28
POL-fca4a08d,fca4a08d-594e-484f-b8b7-b7e9d9aa61e1,VEH-8815,Basic,696.53,2025-09-11 16:37:28
POL-09c0d3e7,09c0d3e7-83a2-49e0-8355-24c103901880,VEH-9126,Basic,1293.51,2025-09-11 16:37:28
POL-0e795dfe,0e795dfe-4e7e-4086-8d64-22e61d2642e3,VEH-8609,Standard,1438.74,2025-09-11 16:37:28
POL-210ef1ec,210ef1ec-e053-4f1a-b6d4-630c520d9c7e,VEH-1896,Premium,1027.64,2025-09-11 16:37:28
POL-951b6dfb,951b6dfb-1515-4917-a883-aea2702e8635,VEH-5482,Basic,614.89,2025-09-11 16:37:28
POL-32760059,32760059-f375-44f2-8b76-dd16cd2df8c7,VEH-6577,Premium,1495.78,2025-09-11 16:37:28
POL-c21d5215,c21d5215-76b0-4555-be17-51eeca4eedd2,VEH-8862,Standard,1296.02,2025-09-11 16:37:28
POL-49284ef7,49284ef7-15f8-436b-88ba-e010af518326,VEH-1999,Premium,650.82,2025-09-11 16:37:28
POL-38fb6ffa,38fb6ffa-90c4-44d9-aea5-dbd92f4f3675,VEH-8978,Basic,1362.83,2025-09-11 16:37:28
POL-c99bef6b,c99bef6b-b003-4f6c-88b5-da05f8c9e059,VEH-2629,Premium,854.1,2025-09-11 16:37:28
POL-2d4d57b2,2d4d57b2-5dc9-4cd4-b91a-dc0ee4bb6557,VEH-6115,Basic,1069.81,2025-09-11 16:37:28
POL-bb5a3eef,bb5a3eef-bdbc-4324-993b-69e846e79eec,VEH-4831,Basic,1143.53,2025-09-11 16:37:28
POL-7a0fabdd,7a0fabdd-8943-44c8-9fdc-128f8a5993e2,VEH-8539,Standard,772.61,2025-09-11 16:37:28
POL-5fb8316f,5fb8316f-6987-453b-9be3-6036d66e9321,VEH-6996,Basic,1256.76,2025-09-11 16:37:28
POL-31a4e6b7,31a4e6b7-05ed-402a-952b-17d5aeb0c7a6,VEH-2207,Premium,886.33,2025-09-11 16:37:28
POL-f5d9c3f8,f5d9c3f8-9328-4006-91b3-521a8d1c833a,VEH-9772,Basic,653.29,2025-09-11 16:37:28
POL-bf5ba9d2,bf5ba9d2-a0c1-4fe1-b6de-3a8d1651d8ec,VEH-9347,Standard,1080.34,2025-09-11 16:37:28
POL-3c6f2338,3c6f2338-6643-4503-bc2e-ff22f27bbdb4,VEH-9993,Premium,984.95,2025-09-11 16:37:28
POL-f64a6ece,f64a6ece-2a88-423b-8aa4-e3fda15d1dae,VEH-3268,Standard,1210.7,2025-09-11 16:37:28
POL-b91e6998,b91e6998-6a2b-4cef-882e-24b280e7d505,VEH-7525,Standard,1298.82,2025-09-11 16:37:28
POL-6f10f124,6f10f124-ee28-425f-9ba4-99b65402d456,VEH-3224,Premium,1225.6,2025-09-11 16:37:28
POL-9599fa05,9599fa05-d72c-4aba-a374-9d60fff8d516,VEH-5858,Basic,752.88,2025-09-11 16:37:28
POL-c48d69d2,c48d69d2-aee5-435a-a4ec-21e505d2106a,VEH-2500,Premium,1339.76,2025-09-11 16:37:28
POL-8393dd3d,8393dd3d-2ac9-4fa6-af9c-cbc8e85bf040,VEH-7988,Premium,764.82,2025-09-11 16:37:28
POL-604621d4,604621d4-70e3-4955-ba99-aaf5bedd0246,VEH-9339,Basic,1145.36,2025-09-11 16:37:28
POL-02fd7a73,02fd7a73-7543-41cd-9887-004fc74dff3f,VEH-7105,Premium,1499.62,2025-09-11 16:37:28
POL-c1597df6,c1597df6-9b76-4e42-b2b0-0399ad36e6c3,VEH-1760,Standard,616.92,2025-09-11 16:37:28
POL-d6a0a56f,d6a0a56f-b6b6-4bf8-b38e-1405199502e3,VEH-5077,Basic,761.07,2025-09-11 16:37:28
POL-025a84b9,025a84b9-8ffa-4118-b785-668967daff9e,VEH-8428,Standard,1347.86,2025-09-11 16:37:28
POL-b79ad725,b79ad725-dc37-45bb-829a-1bc63dbb7021,VEH-7884,Premium,1243.11,2025-09-11 16:37:28
POL-f6f3b7f9,f6f3b7f9-ebb8-4e86-831a-3c6cb9036e02,VEH-1817,Standard,1422.88,2025-09-11 16:37:28
POL-ff2932bb,ff2932bb-8ce8-47a6-96f2-b6abecf5087d,VEH-4192,Standard,1475.56,2025-09-11 16:37:28
POL-45803aaf,45803aaf-dce5-4d85-bacf-c1c99f44bb50,VEH-8530,Premium,1090.79,2025-09-11 16:37:28
POL-232981b4,232981b4-8cd3-44b0-9cc7-c5c2552a3e4a,VEH-1313,Premium,726.74,2025-09-11 16:37:28
POL-f9397723,f9397723-9482-4ccc-b92c-43b4d5ec06b1,VEH-8859,Premium,692.07,2025-09-11 16:37:28
POL-ce3a2717,ce3a2717-136f-4dc7-868b-e1f69a5adc78,VEH-6383,Standard,618.93,2025-09-11 16:37:28
POL-8d4a011c,8d4a011c-353d-4972-b2b1-6dfca18db048,VEH-2610,Basic,1064.82,2025-09-11 16:37:28
POL-cb52d799,cb52d799-473d-4c95-a5c6-3b2f7af0e439,VEH-2802,Premium,1177.69,2025-09-11 16:37:28
POL-e39887dd,e39887dd-ee77-46a1-a9a0-056016da709f,VEH-6158,Standard,1481.23,2025-09-11 16:37:28
POL-366013ed,366013ed-9cd2-4ef5-8a3d-89e20ae760cc,VEH-6556,Premium,1047.41,2025-09-11 16:37:28
POL-cf8f4de1,cf8f4de1-6eb6-4e40-990d-b1ad7323d34c,VEH-4209,Standard,1169.23,2025-09-11 16:37:28
POL-6d8ef278,6d8ef278-4be6-4798-a391-cc9fadf380ee,VEH-1791,Basic,1334.79,2025-09-11 16:37:28
POL-4707595c,4707595c-c633-48be-a4db-173c5cfbcb26,VEH-8692,Basic,1433.1,2025-09-11 16:37:28
POL-4db8ff6e,4db8ff6e-4840-4cef-abe1-bfc7809d9731,VEH-8962,Premium,1108.14,2025-09-11 16:37:28
POL-dd08a99d,dd08a99d-5e4b-47c4-9723-b2344dfaa341,VEH-9522,Standard,1003.49,2025-09-11 16:37:28
POL-9dd62653,9dd62653-5c36-47f7-a2fa-7510746c370f,VEH-1067,Premium,818.32,2025-09-11 16:37:28
POL-57642a95,57642a95-46b6-44b0-8940-719cee9e0e22,VEH-8532,Basic,982.38,2025-09-11 16:37:28
POL-7619aa69,7619aa69-b45f-4c22-8edb-36f6277211fc,VEH-7045,Premium,950.14,2025-09-11 16:37:28
POL-8ee14e8e,8ee14e8e-e3c5-4ddd-8a39-0728056ca43b,VEH-4901,Basic,749.6,2025-09-11 16:37:28
POL-a1026f68,a1026f68-fe8d-4749-ac8a-18d61ab60629,VEH-5343,Basic,991.95,2025-09-11 16:37:28
POL-967cb014,967cb014-a46b-4d6e-b8fd-490c9c31bebe,VEH-8252,Standard,1281.96,2025-09-11 16:37:28
POL-93b6d01d,93b6d01d-1985-4d2d-ba5d-3919d7cbc54f,VEH-4000,Standard,1290.15,2025-09-11 16:37:28
POL-b341f968,b341f968-e7a6-490d-aa3a-5c289dd29753,VEH-4480,Premium,732.58,2025-09-11 16:37:28
POL-8ae25e23,8ae25e23-5170-4d48-95b4-0d34f3b443cd,VEH-7041,Standard,841.56,2025-09-11 16:37:28
POL-c212e540,c212e540-221a-433f-9a30-d2ae2a1f7d6e,VEH-7687,Basic,1374.77,2025-09-11 16:37:28
POL-37e6e7de,37e6e7de-f0b6-4d17-8126-4a1f20fa5750,VEH-5055,Standard,762.22,2025-09-11 16:37:28
POL-2fa87d5c,2fa87d5c-583f-4607-a85f-7a53974591c9,VEH-2261,Standard,759.95,2025-09-11 16:37:28
POL-ad9ff66b,ad9ff66b-dbc0-442f-ae8d-2e16fb0cd7d7,VEH-7754,Standard,1327.84,2025-09-11 16:37:28
POL-c99f2f38,c99f2f38-1c51-46c6-937a-ce911ed9c337,VEH-7802,Premium,746.56,2025-09-11 16:37:28
POL-7bb9c05f,7bb9c05f-1dc5-4afb-86f6-1e81755cc244,VEH-7437,Basic,881.42,2025-09-11 16:37:28
POL-8d40f1c8,8d40f1c8-35a6-483f-9c3b-530f08654653,VEH-2945,Premium,1467.72,2025-09-11 16:37:28
POL-d8c4d22e,d8c4d22e-5f4f-4a1b-b7db-6d869032a31e,VEH-2234,Premium,678.17,2025-09-11 16:37:28
POL-4aa88b8f,4aa88b8f-2d30-4cd7-8ab8-7c89c78edf59,VEH-3584,Standard,1305.83,2025-09-11 16:37:28
POL-e75c70a2,e75c70a2-002c-4f4a-835e-2b71c3fef6aa,VEH-1642,Premium,759.8,2025-09-11 16:37:28
POL-9dcdb1dd,9dcdb1dd-8df9-40f2-8704-0be4b4ea53bd,VEH-1059,Standard,971.09,2025-09-11 16:37:28
POL-1c7122c8,1c7122c8-f14e-4069-bdb6-484f887c1638,VEH-2192,Standard,1266.82,2025-09-11 16:37:28
POL-d9e82448,d9e82448-cdde-4579-9642-81fb190babee,VEH-1552,Standard,1171.83,2025-09-11 16:37:28
POL-82f4ac24,82f4ac24-c5c8-4722-9cae-428258b4a498,VEH-6196,Standard,1056.13,2025-09-11 16:37:28
POL-a20f9639,a20f9639-0c5a-46e7-860c-6b18e0a74994,VEH-5854,Standard,1138.22,2025-09-11 16:37:28
POL-906b3762,906b3762-f86a-47e7-8230-efce258ecb4f,VEH-3602,Premium,629.23,2025-09-11 16:37:28
POL-c27a9130,c27a9130-76df-47e7-ae07-6bc7342488f8,VEH-7808,Basic,1445.05,2025-09-11 16:37:28
POL-6ebabeed,6ebabeed-4ade-4c04-bb7b-41030559e877,VEH-1226,Basic,718.65,2025-09-11 16:37:28
POL-6769ff4f,6769ff4f-6ce0-4c79-91de-8e57de44494f,VEH-9529,Basic,1128.86,2025-09-11 16:37:28
POL-2794f854,2794f854-87df-4431-b57b-82b38b4590b6,VEH-4926,Standard,1115.63,2025-09-11 16:37:28
POL-b04eab5e,b04eab5e-077a-4835-8482-5e8f709acdc1,VEH-4272,Basic,882.29,2025-09-11 16:37:28
POL-b3d8706b,b3d8706b-ad54-40b6-a02e-6ad4f089d3c4,VEH-5512,Premium,810.93,2025-09-11 16:37:28
POL-20c865f5,20c865f5-9d66-40a7-9018-aad08e67b6cb,VEH-5536,Premium,729.7,2025-09-11 16:37:28
POL-c98e0fa1,c98e0fa1-55d8-4cf8-93dc-66945300e08c,VEH-3466,Premium,774.74,2025-09-11 16:37:28
POL-680a9527,680a9527-37f8-4302-a9bf-50eb8269797b,VEH-8493,Basic,1120.77,2025-09-11 16:37:28
POL-4539ce36,4539ce36-3af4-4057-9899-c846ba4369f5,VEH-5895,Standard,787.01,2025-09-11 16:37:28
POL-7dba6d2e,7dba6d2e-1dee-4afa-84fc-d354499b8426,VEH-8256,Basic,904.51,2025-09-11 16:37:28
POL-8a5e7f35,8a5e7f35-8e1e-4c3b-93d6-996c1a0ebc28,VEH-8495,Premium,987.36,2025-09-11 16:37:28
POL-788b0cc5,788b0cc5-7c02-4e95-a4b6-d900b31f9563,VEH-5967,Premium,652.26,2025-09-11 16:37:28
POL-73d21d25,73d21d25-0fcc-4b25-9bfc-286483460395,VEH-6749,Premium,1037.52,2025-09-11 16:37:28
POL-1778c0b4,1778c0b4-5783-43f0-8b74-9592e44e8093,VEH-6426,Premium,662.34,2025-09-11 16:37:28
POL-b1cf81dc,b1cf81dc-7ba9-4c49-8b97-412105d6d63f,VEH-5956,Standard,785.99,2025-09-11 16:37:28
POL-ed018830,ed018830-5dfb-4e91-9458-d72c827778ba,VEH-6199,Standard,958.23,2025-09-11 16:37:28
POL-7c673641,7c673641-2223-4550-95aa-19249abd883a,VEH-7812,Premium,716.95,2025-09-11 16:37:28
POL-e7a8dc53,e7a8dc53-dc90-4743-b917-331190d32375,VEH-4737,Basic,846.93,2025-09-11 16:37:28
POL-deaa75c5,deaa75c5-08b7-4323-9567-15750deeb523,VEH-8142,Premium,1452.36,2025-09-11 16:37:28
POL-03db2bb2,03db2bb2-07ae-40cf-8b35-fe3036b4d98d,VEH-7727,Premium,807.4,2025-09-11 16:37:28
POL-e7b956ae,e7b956ae-096e-4613-971f-687524b71618,VEH-4558,Premium,1248.88,2025-09-11 16:37:28
POL-24f4826d,24f4826d-9714-4458-8511-3f2677b95670,VEH-8061,Standard,1460.5,2025-09-11 16:37:28
POL-c22d8473,c22d8473-2061-4bcc-a0bb-6ba41a84ee21,VEH-5790,Basic,1045.38,2025-09-11 16:37:28
POL-ba2a6325,ba2a6325-67a7-42de-a3d3-05b3fdd2638b,VEH-1775,Premium,879.73,2025-09-11 16:37:28
POL-32da5465,32da5465-ce65-4966-96bb-9aa17b22e37f,VEH-2434,Basic,1037.79,2025-09-11 16:37:28
POL-caf6175b,caf6175b-6749-47a0-834d-b0734cbd20c1,VEH-2688,Premium,1130.54,2025-09-11 16:37:28
POL-86640ad7,86640ad7-fdc1-4a1f-946b-4677d733793d,VEH-8638,Premium,824.31,2025-09-11 16:37:28
POL-a87a3193,a87a3193-6327-4538-8eed-7124d1847317,VEH-1666,Basic,1003.17,2025-09-11 16:37:28
POL-b00038f0,b00038f0-e26c-4f25-862c-b36e5a915732,VEH-2257,Premium,896.29,2025-09-11 16:37:28
POL-b11f662a,b11f662a-b4b8-41de-b3de-370102c7ca07,VEH-1535,Premium,1039.76,2025-09-11 16:37:28
POL-5153a235,5153a235-f6e7-47af-914b-69f4145abeee,VEH-4081,Premium,726.01,2025-09-11 16:37:28
POL-78596ed1,78596ed1-a38e-461b-92d6-2d5e291a973d,VEH-5578,Premium,1029.82,2025-09-11 16:37:28
POL-052b7ad1,052b7ad1-62a2-45e6-b031-b19992170c0e,VEH-5082,Basic,1218.2,2025-09-11 16:37:28
POL-55bfa841,55bfa841-815f-4250-8019-51d1d61cae1e,VEH-5577,Premium,1298.88,2025-09-11 16:37:28
POL-16db4636,16db4636-621f-4b14-9307-cd0872f8e49b,VEH-6309,Basic,1258.0,2025-09-11 16:37:28
POL-efc2d156,efc2d156-0d66-4353-add4-0db648aca1c4,VEH-4227,Basic,1093.15,2025-09-11 16:37:28
POL-cc14a95c,cc14a95c-8498-4049-a588-c2243e5e7387,VEH-2089,Premium,1113.69,2025-09-11 16:37:28
POL-51d4f234,51d4f234-73d8-4cd0-8ba9-91d03e3ac5d4,VEH-9217,Premium,729.68,2025-09-11 16:37:28
POL-0ab19421,0ab19421-a76d-47ed-ae16-143e6fd55441,VEH-6402,Basic,1231.54,2025-09-11 16:37:28
POL-2f514e11,2f514e11-fcf5-45f8-b57f-f375a1383e5b,VEH-2569,Standard,1492.85,2025-09-11 16:37:28
POL-c4c18905,c4c18905-f881-4620-b0d4-36b2db16a3a2,VEH-7735,Basic,997.79,2025-09-11 16:37:28
POL-7e178e45,7e178e45-cb65-433f-96be-1b239a291e46,VEH-8360,Standard,678.04,2025-09-11 16:37:28
POL-68a8812a,68a8812a-9549-4b2b-aa02-04186c4d9b16,VEH-1347,Premium,905.34,2025-09-11 16:37:28
POL-578c8a09,578c8a09-45c3-4609-a46e-988633f51590,VEH-8267,Premium,959.86,2025-09-11 16:37:28
POL-2bb0a543,2bb0a543-1db6-49ae-9f8e-f984f44f7ada,VEH-9658,Premium,968.36,2025-09-11 16:37:28
POL-bd455e35,bd455e35-4cd0-4ce4-a3a5-30870bbf5af9,VEH-1004,Standard,1108.87,2025-09-11 16:37:28
POL-99dedba7,99dedba7-c244-4597-9dac-5c8de9b7042c,VEH-9204,Premium,1155.5,2025-09-11 16:37:28
POL-6ca513d1,6ca513d1-c597-41da-9d77-97b7af80af40,VEH-2055,Basic,1090.73,2025-09-11 16:37:28
POL-e13b5930,e13b5930-f82d-4997-a097-6d28148a01bc,VEH-3026,Premium,1023.37,2025-09-11 16:37:28
POL-4710ddd4,4710ddd4-e2e5-4598-b516-8c7907aa9747,VEH-7816,Standard,1339.39,2025-09-11 16:37:28
POL-7ba662d6,7ba662d6-9c45-4b32-b72d-2e2040474609,VEH-7594,Premium,1172.28,2025-09-11 16:37:28
POL-64bad30a,64bad30a-2ae7-4196-a85e-89a6571a36aa,VEH-5424,Premium,904.41,2025-09-11 16:37:28
POL-5ee0e574,5ee0e574-0e97-4380-ae58-667bf03690b0,VEH-6116,Basic,777.25,2025-09-11 16:37:28
POL-38e905c0,38e905c0-79cc-4bfc-889b-767f8c01e9b0,VEH-6275,Basic,709.42,2025-09-11 16:37:28
POL-4fbbd46b,4fbbd46b-4424-46f1-9015-2ada49925ea8,VEH-2024,Standard,1092.74,2025-09-11 16:37:28
POL-e506ac82,e506ac82-4586-49bf-83dc-3a8c4ca975d1,VEH-5619,Basic,1007.05,2025-09-11 16:37:28
POL-1b458e52,1b458e52-ee1d-4069-9735-cf395574beb6,VEH-8039,Premium,953.74,2025-09-11 16:37:28
POL-1b752933,1b752933-5079-4fce-94cd-6abcd8fc1588,VEH-5480,Basic,986.64,2025-09-11 16:37:28
POL-ef864b0b,ef864b0b-62d9-4ec3-a6db-f9117cd24ad2,VEH-9315,Premium,972.05,2025-09-11 16:37:28
POL-2d790d57,2d790d57-7f3f-4e87-8acc-e0869b869578,VEH-9893,Premium,903.69,2025-09-11 16:37:28
POL-e30e01f7,e30e01f7-39d4-4324-98ed-431dff73ce5f,VEH-3859,Standard,1433.86,2025-09-11 16:37:28
POL-d0e0065d,d0e0065d-3f6f-4853-9ab7-cca1e4af0aae,VEH-9253,Basic,1474.25,2025-09-11 16:37:28
POL-a96dff98,a96dff98-78a2-407c-aef4-8135c9c9b7f3,VEH-5356,Premium,1362.28,2025-09-11 16:37:28
POL-8a3869b3,8a3869b3-73da-4e65-9510-dfb63712d5eb,VEH-3314,Basic,1046.49,2025-09-11 16:37:28
POL-f327a68d,f327a68d-d98f-44f4-9586-6a15b3a0cdef,VEH-5174,Basic,970.15,2025-09-11 16:37:28
POL-98899c59,98899c59-58d5-433e-abc2-4da36ab55e18,VEH-8653,Basic,1427.64,2025-09-11 16:37:28
POL-2d21b8bd,2d21b8bd-1ba5-4630-af17-194cea32756f,VEH-1766,Standard,989.84,2025-09-11 16:37:28
POL-f652504e,f652504e-fbcd-48b8-b2c6-9a4e884c69aa,VEH-5167,Basic,1087.43,2025-09-11 16:37:28
POL-beb32545,beb32545-6490-4409-9081-b0506be4a1e0,VEH-2985,Premium,1491.23,2025-09-11 16:37:28
POL-3a1d1aa5,3a1d1aa5-9432-4910-9245-53a4a8549d22,VEH-1481,Basic,865.84,2025-09-11 16:37:28
POL-1863ed15,1863ed15-1d1d-4513-a462-0fa8b4b11772,VEH-2133,Basic,1288.14,2025-09-11 16:37:28
POL-3730307e,3730307e-8abb-4f84-894f-ebe11514184c,VEH-1532,Basic,1087.96,2025-09-11 16:37:28
POL-03256d34,03256d34-542b-4a25-b30b-5df6ab86920a,VEH-9549,Premium,1216.39,2025-09-11 16:37:28
POL-8cc82a2f,8cc82a2f-6a78-4637-83e8-92771b799fb7,VEH-4189,Premium,1137.83,2025-09-11 16:37:28
POL-a379eaf4,a379eaf4-6775-45f8-a9cf-564b6412daca,VEH-7666,Standard,889.99,2025-09-11 16:37:28
POL-0a17c977,0a17c977-e0d1-4d78-a3eb-948e4e5a4679,VEH-2745,Premium,737.96,2025-09-11 16:37:28
POL-2a370bbd,2a370bbd-53f7-413e-8345-36aaa6e2d86a,VEH-3248,Standard,609.17,2025-09-11 16:37:28
POL-b0409262,b0409262-7d2b-4aea-9285-3284e8c03204,VEH-5704,Basic,734.92,2025-09-11 16:37:28
POL-e2c22377,e2c22377-77ff-438a-8100-9836c61b9075,VEH-7862,Basic,1024.37,2025-09-11 16:37:28
POL-4b309dc8,4b309dc8-f22e-484b-a762-3759513970fb,VEH-9114,Premium,698.09,2025-09-11 16:37:28
POL-bdd69a4d,bdd69a4d-63f5-441f-8a8b-d53fcd33f0e1,VEH-9293,Premium,1167.49,2025-09-11 16:37:28
POL-86efb78f,86efb78f-410d-4308-9ae5-500012ac8e5d,VEH-8382,Basic,827.61,2025-09-11 16:37:28
POL-52e662a6,52e662a6-6848-40d6-895f-f5c4b51f7d8d,VEH-5609,Standard,918.08,2025-09-11 16:37:28
POL-5036ebbb,5036ebbb-cbf2-41b7-9f94-97a2f074eb18,VEH-8314,Premium,862.62,2025-09-11 16:37:28
POL-f26a946a,f26a946a-f7ac-437b-b39b-d512eaf73062,VEH-8276,Premium,1158.87,2025-09-11 16:37:28
POL-0314f29d,0314f29d-b8ca-4871-aab4-289dfe3889bc,VEH-5444,Standard,1272.42,2025-09-11 16:37:28
POL-0f2e58d4,0f2e58d4-7160-4c0b-a070-7a1c25c651dc,VEH-4741,Premium,867.76,2025-09-11 16:37:28
POL-b9f7a279,b9f7a279-ad01-42f6-8374-0f90fa6fbc93,VEH-5818,Standard,750.97,2025-09-11 16:37:28
POL-077e99d3,077e99d3-bd66-43f7-9615-4f3c3e608c96,VEH-6326,Standard,1133.96,2025-09-11 16:37:28
POL-d3e19e35,d3e19e35-84dc-448c-ae2a-e5772a3689ca,VEH-2491,Standard,1316.13,2025-09-11 16:37:28
POL-e6bfeda1,e6bfeda1-e3b7-4cb7-ad71-a150258e13e9,VEH-8578,Premium,999.26,2025-09-11 16:37:28
POL-34b7385a,34b7385a-a03c-46e2-84ca-2dfef59ca398,VEH-2271,Basic,1065.14,2025-09-11 16:37:28
POL-c576d878,c576d878-b679-4445-a834-e5c84f7a6fc8,VEH-7674,Basic,1269.9,2025-09-11 16:37:28
POL-5c19c0f3,5c19c0f3-9b6a-4a16-a7ed-4f58236bf2be,VEH-9436,Premium,1385.47,2025-09-11 16:37:28
POL-7eb4e65b,7eb4e65b-ea35-471a-ab2a-52351901188e,VEH-1172,Basic,1309.92,2025-09-11 16:37:28
POL-46310028,46310028-63a2-49ae-812b-19622e61ba07,VEH-1493,Premium,623.3,2025-09-11 16:37:28
POL-839474c2,839474c2-72c1-4a5d-a0d0-ff9b5b185cac,VEH-4191,Premium,1326.72,2025-09-11 16:37:28
POL-da5f724d,da5f724d-5ac1-47a4-8f0e-8890ea14393e,VEH-3388,Premium,1497.03,2025-09-11 16:37:28
POL-035d17e2,035d17e2-282d-443a-baf8-a3c77cf54faa,VEH-2059,Basic,1312.75,2025-09-11 16:37:28
POL-9450eaea,9450eaea-253d-42e4-9e31-e270ffa3d0f1,VEH-1051,Premium,1030.25,2025-09-11 16:37:28
POL-258f5f33,258f5f33-d884-4f3c-86f5-de9f20ce665d,VEH-8617,Premium,789.32,2025-09-11 16:37:28
POL-b162eb5c,b162eb5c-be7f-44b4-a501-c212925ef183,VEH-3107,Premium,770.35,2025-09-11 16:37:28
POL-66431abb,66431abb-30f9-4678-91f2-97b94295464c,VEH-9293,Basic,1410.82,2025-09-11 16:37:28
POL-2deb8c74,2deb8c74-5fad-4814-b709-c2f8788a2996,VEH-7378,Basic,1248.44,2025-09-11 16:37:28
POL-6370ff8b,6370ff8b-14c8-49de-89c8-13ef0deca5f0,VEH-1213,Standard,759.84,2025-09-11 16:37:28
POL-2fb8122e,2fb8122e-6bd1-4049-aa9e-e1423739a846,VEH-6981,Premium,1372.75,2025-09-11 16:37:28
POL-bd40eed9,bd40eed9-3c82-47c0-863c-3356e01e1537,VEH-2160,Standard,1217.46,2025-09-11 16:37:28
POL-3e885548,3e885548-039b-4827-99cd-c3c1f3888108,VEH-8217,Standard,917.44,2025-09-11 16:37:28
POL-0391ba2a,0391ba2a-fab1-42ee-85ac-b46905d47de2,VEH-5163,Standard,1017.27,2025-09-11 16:37:28
POL-ff7f17e7,ff7f17e7-f085-4761-9dac-2cf84dfee165,VEH-4888,Standard,929.03,2025-09-11 16:37:28
POL-44370a91,44370a91-5242-4d32-8d37-449ad650909c,VEH-4140,Standard,790.32,2025-09-11 16:37:28
POL-ff89634e,ff89634e-8c1f-41e3-976f-969435f29eb4,VEH-6305,Premium,1004.68,2025-09-11 16:37:28
POL-861a06b9,861a06b9-0d5c-4f97-a7b1-e3a7cc79d954,VEH-7285,Standard,876.78,2025-09-11 16:37:28
POL-3a7cc497,3a7cc497-c14b-49d7-9138-76c66e5dabf6,VEH-1996,Basic,1410.93,2025-09-11 16:37:28
POL-c326c4ee,c326c4ee-c3f9-4c30-8b54-0e37ac798dd7,VEH-2347,Standard,970.76,2025-09-11 16:37:28
POL-3d03f92b,3d03f92b-4fc6-4d81-bb90-601bf440f2ec,VEH-2834,Standard,1230.22,2025-09-11 16:37:28
POL-3c1f8fcd,3c1f8fcd-26fd-4f4d-ac1b-cb0c7803e8a4,VEH-4346,Standard,856.82,2025-09-11 16:37:28
POL-2fa06339,2fa06339-afb2-49ac-852a-0ff9adbff7d6,VEH-5013,Standard,1185.21,2025-09-11 16:37:28
POL-38c773c1,38c773c1-1bf4-468b-9a49-9a4310fc1d6f,VEH-6693,Premium,1060.25,2025-09-11 16:37:28
POL-25d5f94f,25d5f94f-716b-4436-a016-ea1a33e605ae,VEH-1532,Premium,767.99,2025-09-11 16:37:28
POL-a75d9602,a75d9602-579c-4f30-93c2-41ba5bfbd7bd,VEH-7352,Standard,1228.76,2025-09-11 16:37:28
POL-30c99640,30c99640-3322-4e42-b3e9-67eebe3902b9,VEH-2784,Standard,858.82,2025-09-11 16:37:28
POL-18250854,18250854-857c-43f6-96a4-183ee41e0e70,VEH-4593,Standard,852.3,2025-09-11 16:37:28
POL-36dcc893,36dcc893-82d8-487a-acec-4541df60da71,VEH-6608,Basic,809.35,2025-09-11 16:37:28
POL-5832a43c,5832a43c-1be0-480e-9ac6-c761edecb2f7,VEH-5940,Basic,1321.33,2025-09-11 16:37:28
POL-44e1c518,44e1c518-6aca-45b7-8f51-121a252c1e07,VEH-7630,Basic,936.4,2025-09-11 16:37:28
POL-840f1b25,840f1b25-815c-4c4b-9ba4-c791c715d8ed,VEH-9010,Standard,1367.77,2025-09-11 16:37:28
POL-73f78c2b,73f78c2b-7b0b-4a39-b41e-36a7baea61e8,VEH-1684,Basic,1213.45,2025-09-11 16:37:28
POL-9d8deec0,9d8deec0-790d-4f0f-be72-662ef6761354,VEH-5946,Premium,1154.08,2025-09-11 16:37:28
POL-5e2b5cc6,5e2b5cc6-435a-49f2-a688-73002212c984,VEH-5589,Basic,1129.13,2025-09-11 16:37:28
POL-42943112,42943112-0d9f-4763-a200-db10c7f5e1aa,VEH-9536,Standard,1376.32,2025-09-11 16:37:28
POL-6c9419a6,6c9419a6-dcab-48d0-bdce-6fc372734f30,VEH-4889,Standard,1338.63,2025-09-11 16:37:28
POL-c93dacf1,c93dacf1-1e97-42e1-9ea7-c5d5d020ef05,VEH-8230,Standard,797.53,2025-09-11 16:37:28
POL-91d70c24,91d70c24-71fa-4443-9a17-067d73a490a5,VEH-5083,Standard,1057.03,2025-09-11 16:37:28
POL-ccbe8c85,ccbe8c85-fedb-4b3c-b60e-3de9dbee0463,VEH-2429,Basic,805.11,2025-09-11 16:37:28
POL-cd864f10,cd864f10-f524-4718-9794-e9d23600abda,VEH-1196,Premium,1166.65,2025-09-11 16:37:28
POL-a4b94d11,a4b94d11-6f54-4819-ba14-d250895ac2b4,VEH-2563,Standard,640.02,2025-09-11 16:37:28
POL-a5b8289b,a5b8289b-d7c0-41f0-a9d1-32af6b84891a,VEH-9689,Basic,644.06,2025-09-11 16:37:28
POL-87ef9f85,87ef9f85-ae3e-4c24-a232-d153c90cb256,VEH-7899,Standard,1207.35,2025-09-11 16:37:28
POL-21d03481,21d03481-37c5-4c1a-8531-feeb22570faa,VEH-9657,Basic,1419.36,2025-09-11 16:37:28
POL-712c917e,712c917e-2502-4f30-868a-6ec01a1bd729,VEH-9109,Standard,1174.2,2025-09-11 16:37:28
POL-8378438f,8378438f-7a66-443f-a551-430c4f5963d5,VEH-6576,Premium,1325.99,2025-09-11 16:37:28
POL-a39652a1,a39652a1-d66b-49d1-9b4b-7249ee774e67,VEH-7328,Standard,721.62,2025-09-11 16:37:28
POL-ce9bf2de,ce9bf2de-2efd-41a1-b922-5df15df9172a,VEH-1054,Standard,624.81,2025-09-11 16:37:28
POL-7e20b9ab,7e20b9ab-33a9-4cdb-9033-c35953de15ef,VEH-1489,Basic,1202.47,2025-09-11 16:37:28
POL-55634e0f,55634e0f-d428-45bf-93e7-ee7b5daf1e32,VEH-5735,Standard,630.35,2025-09-11 16:37:28
POL-2a935a07,2a935a07-b5fc-4a0e-bf09-7e0740cba199,VEH-3475,Standard,827.35,2025-09-11 16:37:28
POL-84c5b2d2,84c5b2d2-7266-416a-bd7f-f4531d6f5f60,VEH-7782,Standard,1445.61,2025-09-11 16:37:28
POL-e1c73466,e1c73466-5dac-43ad-b5e1-0448c1800728,VEH-8182,Premium,872.18,2025-09-11 16:37:28
POL-ee1757ef,ee1757ef-44f2-40c3-8e9e-8311a1f9f1e6,VEH-8929,Standard,1252.14,2025-09-11 16:37:28
POL-26ed0fe0,26ed0fe0-af60-4c4e-a408-b84a4ea69dc1,VEH-1008,Premium,690.22,2025-09-11 16:37:28
POL-c6ba1bd3,c6ba1bd3-01ed-4e5c-8c78-5c7f98c39792,VEH-9468,Standard,1385.79,2025-09-11 16:37:28
POL-cb06c4c8,cb06c4c8-bce7-4b6f-9cd8-3f5645166d16,VEH-3090,Basic,1376.78,2025-09-11 16:37:28
POL-fecab0dc,fecab0dc-8f48-4e62-ac02-4cc9d4c367eb,VEH-8445,Premium,692.58,2025-09-11 16:37:28
POL-e065ed35,e065ed35-af4c-4bca-8041-c0985a84dba5,VEH-7478,Premium,1386.92,2025-09-11 16:37:28
POL-4ec67247,4ec67247-1a8f-42b7-947e-cc0dbf4dd669,VEH-7322,Basic,911.4,2025-09-11 16:37:28
POL-1bad945e,1bad945e-9681-481b-a709-d100c4050074,VEH-7344,Premium,1237.36,2025-09-11 16:37:28
POL-712ceb9a,712ceb9a-4202-48f2-a7ed-ab4eda80c9fd,VEH-5922,Standard,877.63,2025-09-11 16:37:28
POL-5f2fb780,5f2fb780-116d-4d0a-b80c-8f0ba15b542a,VEH-1903,Standard,1071.18,2025-09-11 16:37:28
POL-278db7bc,278db7bc-314c-4482-a9e9-abd4f00b1a2d,VEH-6334,Standard,670.77,2025-09-11 16:37:28
POL-af857c91,af857c91-4423-4f4d-aeba-6dc93726cb26,VEH-7137,Premium,672.21,2025-09-11 16:37:28
POL-720d3a4a,720d3a4a-d75f-452c-bc8a-8985ea5eeaba,VEH-9413,Premium,767.79,2025-09-11 16:37:28
POL-19f7fde9,19f7fde9-7bc5-43b4-858f-917cbfbe4df3,VEH-9222,Premium,1174.73,2025-09-11 16:37:28
POL-0cd799fc,0cd799fc-7a54-4795-b847-9e722a6b3b72,VEH-3744,Standard,652.12,2025-09-11 16:37:28
POL-9a5987b5,9a5987b5-157d-4e59-922b-120c41971720,VEH-5426,Basic,877.77,2025-09-11 16:37:28
POL-278c8ab4,278c8ab4-83f4-4e0e-8de7-ca2f805952e6,VEH-9848,Premium,742.03,2025-09-11 16:37:28
POL-8baaff5c,8baaff5c-63d8-41b5-832d-8269942841f8,VEH-1488,Premium,1387.67,2025-09-11 16:37:28
POL-46e0efbf,46e0efbf-6a67-4975-8828-a3578e14e58a,VEH-6790,Basic,1111.1,2025-09-11 16:37:28
