trip_id,driver_id,start_time,end_time
TRIP-873f08-0,873f0854-c9ae-4e3c-b04e-e59d9cf28c77,2025-09-11 00:00:00,2025-09-11 00:30:00
TRIP-873f08-1,873f0854-c9ae-4e3c-b04e-e59d9cf28c77,2025-09-11 01:00:00,2025-09-11 01:30:00
TRIP-873f08-2,873f0854-c9ae-4e3c-b04e-e59d9cf28c77,2025-09-11 02:00:00,2025-09-11 02:30:00
TRIP-95562c-0,95562c96-f0fe-4d18-b65e-7ab20d677443,2025-09-11 00:00:00,2025-09-11 00:30:00
TRIP-95562c-1,95562c96-f0fe-4d18-b65e-7ab20d677443,2025-09-11 01:00:00,2025-09-11 01:30:00
TRIP-95562c-2,95562c96-f0fe-4d18-b65e-7ab20d677443,2025-09-11 02:00:00,2025-09-11 02:30:00
TRIP-632021-0,6320210b-5a7d-429a-b3b2-6009ef316d64,2025-09-11 00:00:00,2025-09-11 00:30:00
TRIP-632021-1,6320210b-5a7d-429a-b3b2-6009ef316d64,2025-09-11 01:00:00,2025-09-11 01:30:00
TRIP-632021-2,6320210b-5a7d-429a-b3b2-6009ef316d64,2025-09-11 02:00:00,2025-09-11 02:30:00
TRIP-0d6689-0,0d668988-55bf-47f7-b92c-6f40ac2fa419,2025-09-11 00:00:00,2025-09-11 00:30:00
TRIP-0d6689-1,0d668988-55bf-47f7-b92c-6f40ac2fa419,2025-09-11 01:00:00,2025-09-11 01:30:00
TRIP-0d6689-2,0d668988-55bf-47f7-b92c-6f40ac2fa419,2025-09-11 02:00:00,2025-09-11 02:30:00
TRIP-226b8b-0,226b8b91-7576-45ff-ad3b-e75f7be67236,2025-09-11 00:00:00,2025-09-11 00:30:00
TRIP-226b8b-1,226b8b91-7576-45ff-ad3b-e75f7be67236,2025-09-11 01:00:00,2025-09-11 01:30:00
TRIP-226b8b-2,226b8b91-7576-45ff-ad3b-e75f7be67236,2025-09-11 02:00:00,2025-09-11 02:30:00
TRIP-ee2ebd-0,ee2ebdb6-4463-4c18-8563-361ad645ab85,2025-09-11 00:00:00,2025-09-11 00:30:00
TRIP-ee2ebd-1,ee2ebdb6-4463-4c18-8563-361ad645ab85,2025-09-11 01:00:00,2025-09-11 01:30:00
TRIP-ee2ebd-2,ee2ebdb6-4463-4c18-8563-361ad645ab85,2025-09-11 02:00:00,2025-09-11 02:30:00
TRIP-1f92be-0,1f92be92-d590-4867-bfaa-a6992aa4396d,2025-09-11 00:00:00,2025-09-11 00:30:00
TRIP-1f92be-1,1f92be92-d590-4867-bfaa-a6992aa4396d,2025-09-11 01:00:00,2025-09-11 01:30:00
TRIP-1f92be-2,1f92be92-d590-4867-bfaa-a6992aa4396d,2025-09-11 02:00:00,2025-09-11 02:30:00
TRIP-b68ed9-0,b68ed926-34da-47e0-9078-4f1eb2336b91,2025-09-11 00:00:00,2025-09-11 00:30:00
TRIP-b68ed9-1,b68ed926-34da-47e0-9078-4f1eb2336b91,2025-09-11 01:00:00,2025-09-11 01:30:00
TRIP-b68ed9-2,b68ed926-34da-47e0-9078-4f1eb2336b91,2025-09-11 02:00:00,2025-09-11 02:30:00
TRIP-7fa981-0,7fa981da-07c2-456c-a4a7-4fbfdb5522f1,2025-09-11 00:00:00,2025-09-11 00:30:00
TRIP-7fa981-1,7fa981da-07c2-456c-a4a7-4fbfdb5522f1,2025-09-11 01:00:00,2025-09-11 01:30:00
TRIP-7fa981-2,7fa981da-07c2-456c-a4a7-4fbfdb5522f1,2025-09-11 02:00:00,2025-09-11 02:30:00
TRIP-f26713-0,f26713ae-917f-4a78-ae6e-b853afb6a84c,2025-09-11 00:00:00,2025-09-11 00:30:00
TRIP-f26713-1,f26713ae-917f-4a78-ae6e-b853afb6a84c,2025-09-11 01:00:00,2025-09-11 01:30:00
TRIP-f26713-2,f26713ae-917f-4a78-ae6e-b853afb6a84c,2025-09-11 02:00:00,2025-09-11 02:30:00
TRIP-617530-0,617530ae-f3bd-4823-9dad-d4718ad5e564,2025-09-11 00:00:00,2025-09-11 00:30:00
TRIP-617530-1,617530ae-f3bd-4823-9dad-d4718ad5e564,2025-09-11 01:00:00,2025-09-11 01:30:00
TRIP-617530-2,617530ae-f3bd-4823-9dad-d4718ad5e564,2025-09-11 02:00:00,2025-09-11 02:30:00
TRIP-62d8ed-0,62d8edb5-1521-4c96-abcc-d1039c6ce0d5,2025-09-11 00:00:00,2025-09-11 00:30:00
TRIP-62d8ed-1,62d8edb5-1521-4c96-abcc-d1039c6ce0d5,2025-09-11 01:00:00,2025-09-11 01:30:00
TRIP-62d8ed-2,62d8edb5-1521-4c96-abcc-d1039c6ce0d5,2025-09-11 02:00:00,2025-09-11 02:30:00
TRIP-ba0985-0,ba098529-3f0a-4c8b-9f5a-960e892f884a,2025-09-11 00:00:00,2025-09-11 00:30:00
TRIP-ba0985-1,ba098529-3f0a-4c8b-9f5a-960e892f884a,2025-09-11 01:00:00,2025-09-11 01:30:00
TRIP-ba0985-2,ba098529-3f0a-4c8b-9f5a-960e892f884a,2025-09-11 02:00:00,2025-09-11 02:30:00
TRIP-b6b842-0,b6b842c9-6409-4da2-af8e-c32135882c69,2025-09-11 00:00:00,2025-09-11 00:30:00
TRIP-b6b842-1,b6b842c9-6409-4da2-af8e-c32135882c69,2025-09-11 01:00:00,2025-09-11 01:30:00
TRIP-b6b842-2,b6b842c9-6409-4da2-af8e-c32135882c69,2025-09-11 02:00:00,2025-09-11 02:30:00
TRIP-3ac54b-0,3ac54ba1-24ec-4c46-9ec8-3a3767908cb0,2025-09-11 00:00:00,2025-09-11 00:30:00
TRIP-3ac54b-1,3ac54ba1-24ec-4c46-9ec8-3a3767908cb0,2025-09-11 01:00:00,2025-09-11 01:30:00
TRIP-3ac54b-2,3ac54ba1-24ec-4c46-9ec8-3a3767908cb0,2025-09-11 02:00:00,2025-09-11 02:30:00
TRIP-14f121-0,14f12100-d202-4943-9631-27801ac5e8b0,2025-09-11 00:00:00,2025-09-11 00:30:00
TRIP-14f121-1,14f12100-d202-4943-9631-27801ac5e8b0,2025-09-11 01:00:00,2025-09-11 01:30:00
TRIP-14f121-2,14f12100-d202-4943-9631-27801ac5e8b0,2025-09-11 02:00:00,2025-09-11 02:30:00
TRIP-b10049-0,b1004962-0ea3-4c60-ac32-41c76a1c09ed,2025-09-11 00:00:00,2025-09-11 00:30:00
TRIP-b10049-1,b1004962-0ea3-4c60-ac32-41c76a1c09ed,2025-09-11 01:00:00,2025-09-11 01:30:00
TRIP-b10049-2,b1004962-0ea3-4c60-ac32-41c76a1c09ed,2025-09-11 02:00:00,2025-09-11 02:30:00
TRIP-4f0572-0,4f057204-cb17-480d-a4cc-531bed0d2773,2025-09-11 00:00:00,2025-09-11 00:30:00
TRIP-4f0572-1,4f057204-cb17-480d-a4cc-531bed0d2773,2025-09-11 01:00:00,2025-09-11 01:30:00
TRIP-4f0572-2,4f057204-cb17-480d-a4cc-531bed0d2773,2025-09-11 02:00:00,2025-09-11 02:30:00
TRIP-f6118f-0,f6118f94-91ea-450d-92df-9eba9bfbbb04,2025-09-11 00:00:00,2025-09-11 00:30:00
TRIP-f6118f-1,f6118f94-91ea-450d-92df-9eba9bfbbb04,2025-09-11 01:00:00,2025-09-11 01:30:00
TRIP-f6118f-2,f6118f94-91ea-450d-92df-9eba9bfbbb04,2025-09-11 02:00:00,2025-09-11 02:30:00
TRIP-a19777-0,a19777e9-aa8a-4988-9250-6f8753442ac2,2025-09-11 00:00:00,2025-09-11 00:30:00
TRIP-a19777-1,a19777e9-aa8a-4988-9250-6f8753442ac2,2025-09-11 01:00:00,2025-09-11 01:30:00
TRIP-a19777-2,a19777e9-aa8a-4988-9250-6f8753442ac2,2025-09-11 02:00:00,2025-09-11 02:30:00
TRIP-9a4e68-0,9a4e68ce-f3d7-4547-ae27-a58e13df63da,2025-09-11 00:00:00,2025-09-11 00:30:00
TRIP-9a4e68-1,9a4e68ce-f3d7-4547-ae27-a58e13df63da,2025-09-11 01:00:00,2025-09-11 01:30:00
TRIP-9a4e68-2,9a4e68ce-f3d7-4547-ae27-a58e13df63da,2025-09-11 02:00:00,2025-09-11 02:30:00
TRIP-c501ac-0,c501ac66-440f-4a49-8dc2-1e7d9fadc22b,2025-09-11 00:00:00,2025-09-11 00:30:00
TRIP-c501ac-1,c501ac66-440f-4a49-8dc2-1e7d9fadc22b,2025-09-11 01:00:00,2025-09-11 01:30:00
TRIP-c501ac-2,c501ac66-440f-4a49-8dc2-1e7d9fadc22b,2025-09-11 02:00:00,2025-09-11 02:30:00
TRIP-04d738-0,04d73847-cf60-4f76-9c28-f8493f3efd17,2025-09-11 00:00:00,2025-09-11 00:30:00
TRIP-04d738-1,04d73847-cf60-4f76-9c28-f8493f3efd17,2025-09-11 01:00:00,2025-09-11 01:30:00
TRIP-04d738-2,04d73847-cf60-4f76-9c28-f8493f3efd17,2025-09-11 02:00:00,2025-09-11 02:30:00
TRIP-693649-0,6936490e-dc03-41f7-a0a0-2a675a88bf14,2025-09-11 00:00:00,2025-09-11 00:30:00
TRIP-693649-1,6936490e-dc03-41f7-a0a0-2a675a88bf14,2025-09-11 01:00:00,2025-09-11 01:30:00
TRIP-693649-2,6936490e-dc03-41f7-a0a0-2a675a88bf14,2025-09-11 02:00:00,2025-09-11 02:30:00
TRIP-d8de7b-0,d8de7bf3-df50-4d81-a569-b93ddf294d50,2025-09-11 00:00:00,2025-09-11 00:30:00
TRIP-d8de7b-1,d8de7bf3-df50-4d81-a569-b93ddf294d50,2025-09-11 01:00:00,2025-09-11 01:30:00
TRIP-d8de7b-2,d8de7bf3-df50-4d81-a569-b93ddf294d50,2025-09-11 02:00:00,2025-09-11 02:30:00
TRIP-752ee9-0,752ee9d0-bb90-4020-9411-0ae44caebbff,2025-09-11 00:00:00,2025-09-11 00:30:00
TRIP-752ee9-1,752ee9d0-bb90-4020-9411-0ae44caebbff,2025-09-11 01:00:00,2025-09-11 01:30:00
TRIP-752ee9-2,752ee9d0-bb90-4020-9411-0ae44caebbff,2025-09-11 02:00:00,2025-09-11 02:30:00
TRIP-9e145d-0,9e145d2a-dbd7-4a17-97a1-a5c31d5e5b61,2025-09-11 00:00:00,2025-09-11 00:30:00
TRIP-9e145d-1,9e145d2a-dbd7-4a17-97a1-a5c31d5e5b61,2025-09-11 01:00:00,2025-09-11 01:30:00
TRIP-9e145d-2,9e145d2a-dbd7-4a17-97a1-a5c31d5e5b61,2025-09-11 02:00:00,2025-09-11 02:30:00
TRIP-c1fe39-0,c1fe397f-a5db-4059-b19d-021624598c79,2025-09-11 00:00:00,2025-09-11 00:30:00
TRIP-c1fe39-1,c1fe397f-a5db-4059-b19d-021624598c79,2025-09-11 01:00:00,2025-09-11 01:30:00
TRIP-c1fe39-2,c1fe397f-a5db-4059-b19d-021624598c79,2025-09-11 02:00:00,2025-09-11 02:30:00
TRIP-faceec-0,faceec0e-a231-4367-879a-e08ef9c28a73,2025-09-11 00:00:00,2025-09-11 00:30:00
TRIP-faceec-1,faceec0e-a231-4367-879a-e08ef9c28a73,2025-09-11 01:00:00,2025-09-11 01:30:00
TRIP-faceec-2,faceec0e-a231-4367-879a-e08ef9c28a73,2025-09-11 02:00:00,2025-09-11 02:30:00
TRIP-cf82dd-0,cf82dd0f-c696-4b53-820e-129a3ecf968b,2025-09-11 00:00:00,2025-09-11 00:30:00
TRIP-cf82dd-1,cf82dd0f-c696-4b53-820e-129a3ecf968b,2025-09-11 01:00:00,2025-09-11 01:30:00
TRIP-cf82dd-2,cf82dd0f-c696-4b53-820e-129a3ecf968b,2025-09-11 02:00:00,2025-09-11 02:30:00
TRIP-5d8cd3-0,5d8cd350-df75-4c4a-8e07-fba568487399,2025-09-11 00:00:00,2025-09-11 00:30:00
TRIP-5d8cd3-1,5d8cd350-df75-4c4a-8e07-fba568487399,2025-09-11 01:00:00,2025-09-11 01:30:00
TRIP-5d8cd3-2,5d8cd350-df75-4c4a-8e07-fba568487399,2025-09-11 02:00:00,2025-09-11 02:30:00
TRIP-e372ee-0,e372eee1-42e5-47a8-b821-9e288462dd87,2025-09-11 00:00:00,2025-09-11 00:30:00
TRIP-e372ee-1,e372eee1-42e5-47a8-b821-9e288462dd87,2025-09-11 01:00:00,2025-09-11 01:30:00
TRIP-e372ee-2,e372eee1-42e5-47a8-b821-9e288462dd87,2025-09-11 02:00:00,2025-09-11 02:30:00
TRIP-7014fe-0,7014fe56-1c38-4f15-b434-1ae709d82274,2025-09-11 00:00:00,2025-09-11 00:30:00
TRIP-7014fe-1,7014fe56-1c38-4f15-b434-1ae709d82274,2025-09-11 01:00:00,2025-09-11 01:30:00
TRIP-7014fe-2,7014fe56-1c38-4f15-b434-1ae709d82274,2025-09-11 02:00:00,2025-09-11 02:30:00
TRIP-d2f91e-0,d2f91ecb-d36e-457a-be0c-607f828a6f31,2025-09-11 00:00:00,2025-09-11 00:30:00
TRIP-d2f91e-1,d2f91ecb-d36e-457a-be0c-607f828a6f31,2025-09-11 01:00:00,2025-09-11 01:30:00
TRIP-d2f91e-2,d2f91ecb-d36e-457a-be0c-607f828a6f31,2025-09-11 02:00:00,2025-09-11 02:30:00
TRIP-735941-0,7359417b-9d17-417f-bea7-b6b0b6788017,2025-09-11 00:00:00,2025-09-11 00:30:00
TRIP-735941-1,7359417b-9d17-417f-bea7-b6b0b6788017,2025-09-11 01:00:00,2025-09-11 01:30:00
TRIP-735941-2,7359417b-9d17-417f-bea7-b6b0b6788017,2025-09-11 02:00:00,2025-09-11 02:30:00
TRIP-3f1853-0,3f185362-85e8-41ae-bf30-1b33ad1de847,2025-09-11 00:00:00,2025-09-11 00:30:00
TRIP-3f1853-1,3f185362-85e8-41ae-bf30-1b33ad1de847,2025-09-11 01:00:00,2025-09-11 01:30:00
TRIP-3f1853-2,3f185362-85e8-41ae-bf30-1b33ad1de847,2025-09-11 02:00:00,2025-09-11 02:30:00
TRIP-305714-0,3057145d-1557-4f50-a4bc-4b71260e13de,2025-09-11 00:00:00,2025-09-11 00:30:00
TRIP-305714-1,3057145d-1557-4f50-a4bc-4b71260e13de,2025-09-11 01:00:00,2025-09-11 01:30:00
TRIP-305714-2,3057145d-1557-4f50-a4bc-4b71260e13de,2025-09-11 02:00:00,2025-09-11 02:30:00
TRIP-0083fb-0,0083fb0e-9c8d-466a-a31a-eec4a636e2b2,2025-09-11 00:00:00,2025-09-11 00:30:00
TRIP-0083fb-1,0083fb0e-9c8d-466a-a31a-eec4a636e2b2,2025-09-11 01:00:00,2025-09-11 01:30:00
TRIP-0083fb-2,0083fb0e-9c8d-466a-a31a-eec4a636e2b2,2025-09-11 02:00:00,2025-09-11 02:30:00
TRIP-bdcff9-0,bdcff929-e127-440d-b7f9-9d189a67062e,2025-09-11 00:00:00,2025-09-11 00:30:00
TRIP-bdcff9-1,bdcff929-e127-440d-b7f9-9d189a67062e,2025-09-11 01:00:00,2025-09-11 01:30:00
TRIP-bdcff9-2,bdcff929-e127-440d-b7f9-9d189a67062e,2025-09-11 02:00:00,2025-09-11 02:30:00
TRIP-2ccc08-0,2ccc082a-6cf7-4190-9cce-23de6cd7bb76,2025-09-11 00:00:00,2025-09-11 00:30:00
TRIP-2ccc08-1,2ccc082a-6cf7-4190-9cce-23de6cd7bb76,2025-09-11 01:00:00,2025-09-11 01:30:00
TRIP-2ccc08-2,2ccc082a-6cf7-4190-9cce-23de6cd7bb76,2025-09-11 02:00:00,2025-09-11 02:30:00
TRIP-999e3e-0,999e3e19-96cf-42df-b71d-46989007c4a5,2025-09-11 00:00:00,2025-09-11 00:30:00
TRIP-999e3e-1,999e3e19-96cf-42df-b71d-46989007c4a5,2025-09-11 01:00:00,2025-09-11 01:30:00
TRIP-999e3e-2,999e3e19-96cf-42df-b71d-46989007c4a5,2025-09-11 02:00:00,2025-09-11 02:30:00
TRIP-1d1813-0,1d1813ec-3a2f-45b9-bc38-fb275ad68b37,2025-09-11 00:00:00,2025-09-11 00:30:00
TRIP-1d1813-1,1d1813ec-3a2f-45b9-bc38-fb275ad68b37,2025-09-11 01:00:00,2025-09-11 01:30:00
TRIP-1d1813-2,1d1813ec-3a2f-45b9-bc38-fb275ad68b37,2025-09-11 02:00:00,2025-09-11 02:30:00
TRIP-55d6e1-0,55d6e10c-ecb3-4055-9e4f-355535c275fe,2025-09-11 00:00:00,2025-09-11 00:30:00
TRIP-55d6e1-1,55d6e10c-ecb3-4055-9e4f-355535c275fe,2025-09-11 01:00:00,2025-09-11 01:30:00
TRIP-55d6e1-2,55d6e10c-ecb3-4055-9e4f-355535c275fe,2025-09-11 02:00:00,2025-09-11 02:30:00
TRIP-cfd123-0,cfd12350-72ce-4f19-b483-007da7effddc,2025-09-11 00:00:00,2025-09-11 00:30:00
TRIP-cfd123-1,cfd12350-72ce-4f19-b483-007da7effddc,2025-09-11 01:00:00,2025-09-11 01:30:00
TRIP-cfd123-2,cfd12350-72ce-4f19-b483-007da7effddc,2025-09-11 02:00:00,2025-09-11 02:30:00
TRIP-6976de-0,6976de76-93d8-4c32-a079-edc46ebc3b8b,2025-09-11 00:00:00,2025-09-11 00:30:00
TRIP-6976de-1,6976de76-93d8-4c32-a079-edc46ebc3b8b,2025-09-11 01:00:00,2025-09-11 01:30:00
TRIP-6976de-2,6976de76-93d8-4c32-a079-edc46ebc3b8b,2025-09-11 02:00:00,2025-09-11 02:30:00
TRIP-902bd8-0,902bd80a-e711-4d8c-8692-788197976e1d,2025-09-11 00:00:00,2025-09-11 00:30:00
TRIP-902bd8-1,902bd80a-e711-4d8c-8692-788197976e1d,2025-09-11 01:00:00,2025-09-11 01:30:00
TRIP-902bd8-2,902bd80a-e711-4d8c-8692-788197976e1d,2025-09-11 02:00:00,2025-09-11 02:30:00
TRIP-6e6b09-0,6e6b09ff-07fd-47f5-85b7-3bf944deb997,2025-09-11 00:00:00,2025-09-11 00:30:00
TRIP-6e6b09-1,6e6b09ff-07fd-47f5-85b7-3bf944deb997,2025-09-11 01:00:00,2025-09-11 01:30:00
TRIP-6e6b09-2,6e6b09ff-07fd-47f5-85b7-3bf944deb997,2025-09-11 02:00:00,2025-09-11 02:30:00
TRIP-80c9d1-0,80c9d182-4fa1-4fd7-bb7b-90d40efbfa42,2025-09-11 00:00:00,2025-09-11 00:30:00
TRIP-80c9d1-1,80c9d182-4fa1-4fd7-bb7b-90d40efbfa42,2025-09-11 01:00:00,2025-09-11 01:30:00
TRIP-80c9d1-2,80c9d182-4fa1-4fd7-bb7b-90d40efbfa42,2025-09-11 02:00:00,2025-09-11 02:30:00
TRIP-e42b27-0,e42b271e-0470-46e3-b463-2111d63bdf38,2025-09-11 00:00:00,2025-09-11 00:30:00
TRIP-e42b27-1,e42b271e-0470-46e3-b463-2111d63bdf38,2025-09-11 01:00:00,2025-09-11 01:30:00
TRIP-e42b27-2,e42b271e-0470-46e3-b463-2111d63bdf38,2025-09-11 02:00:00,2025-09-11 02:30:00
TRIP-bbf7a1-0,bbf7a1e8-92d4-4825-89cf-fe0778583924,2025-09-11 00:00:00,2025-09-11 00:30:00
TRIP-bbf7a1-1,bbf7a1e8-92d4-4825-89cf-fe0778583924,2025-09-11 01:00:00,2025-09-11 01:30:00
TRIP-bbf7a1-2,bbf7a1e8-92d4-4825-89cf-fe0778583924,2025-09-11 02:00:00,2025-09-11 02:30:00
TRIP-77f2a3-0,77f2a331-aa2e-48e8-a7fa-504c6cd66041,2025-09-11 00:00:00,2025-09-11 00:30:00
TRIP-77f2a3-1,77f2a331-aa2e-48e8-a7fa-504c6cd66041,2025-09-11 01:00:00,2025-09-11 01:30:00
TRIP-77f2a3-2,77f2a331-aa2e-48e8-a7fa-504c6cd66041,2025-09-11 02:00:00,2025-09-11 02:30:00
TRIP-0e8afc-0,0e8afccb-5a92-4c3b-8e2b-f46a17eef950,2025-09-11 00:00:00,2025-09-11 00:30:00
TRIP-0e8afc-1,0e8afccb-5a92-4c3b-8e2b-f46a17eef950,2025-09-11 01:00:00,2025-09-11 01:30:00
TRIP-0e8afc-2,0e8afccb-5a92-4c3b-8e2b-f46a17eef950,2025-09-11 02:00:00,2025-09-11 02:30:00
TRIP-06558e-0,06558e1b-c28d-47ab-a54c-6bf9dc36746b,2025-09-11 00:00:00,2025-09-11 00:30:00
TRIP-06558e-1,06558e1b-c28d-47ab-a54c-6bf9dc36746b,2025-09-11 01:00:00,2025-09-11 01:30:00
TRIP-06558e-2,06558e1b-c28d-47ab-a54c-6bf9dc36746b,2025-09-11 02:00:00,2025-09-11 02:30:00
TRIP-370740-0,37074067-0bd7-4967-9db6-02c73951deab,2025-09-11 00:00:00,2025-09-11 00:30:00
TRIP-370740-1,37074067-0bd7-4967-9db6-02c73951deab,2025-09-11 01:00:00,2025-09-11 01:30:00
TRIP-370740-2,37074067-0bd7-4967-9db6-02c73951deab,2025-09-11 02:00:00,2025-09-11 02:30:00
TRIP-493cfb-0,493cfb40-4f9e-42f3-8b5a-34d93d26042d,2025-09-11 00:00:00,2025-09-11 00:30:00
TRIP-493cfb-1,493cfb40-4f9e-42f3-8b5a-34d93d26042d,2025-09-11 01:00:00,2025-09-11 01:30:00
TRIP-493cfb-2,493cfb40-4f9e-42f3-8b5a-34d93d26042d,2025-09-11 02:00:00,2025-09-11 02:30:00
TRIP-ebfa02-0,ebfa028a-ceca-48a0-aaaf-b11dd261bc42,2025-09-11 00:00:00,2025-09-11 00:30:00
TRIP-ebfa02-1,ebfa028a-ceca-48a0-aaaf-b11dd261bc42,2025-09-11 01:00:00,2025-09-11 01:30:00
TRIP-ebfa02-2,ebfa028a-ceca-48a0-aaaf-b11dd261bc42,2025-09-11 02:00:00,2025-09-11 02:30:00
TRIP-a14762-0,a147620b-82ef-40e8-b08a-966b3971a110,2025-09-11 00:00:00,2025-09-11 00:30:00
TRIP-a14762-1,a147620b-82ef-40e8-b08a-966b3971a110,2025-09-11 01:00:00,2025-09-11 01:30:00
TRIP-a14762-2,a147620b-82ef-40e8-b08a-966b3971a110,2025-09-11 02:00:00,2025-09-11 02:30:00
TRIP-8be14f-0,8be14f15-b6cb-4720-bd01-9799a2adc0fb,2025-09-11 00:00:00,2025-09-11 00:30:00
TRIP-8be14f-1,8be14f15-b6cb-4720-bd01-9799a2adc0fb,2025-09-11 01:00:00,2025-09-11 01:30:00
TRIP-8be14f-2,8be14f15-b6cb-4720-bd01-9799a2adc0fb,2025-09-11 02:00:00,2025-09-11 02:30:00
TRIP-4ec25d-0,4ec25da5-3707-4688-a984-996af0326468,2025-09-11 00:00:00,2025-09-11 00:30:00
TRIP-4ec25d-1,4ec25da5-3707-4688-a984-996af0326468,2025-09-11 01:00:00,2025-09-11 01:30:00
TRIP-4ec25d-2,4ec25da5-3707-4688-a984-996af0326468,2025-09-11 02:00:00,2025-09-11 02:30:00
TRIP-f26725-0,f2672570-1002-4929-bf67-76997837b036,2025-09-11 00:00:00,2025-09-11 00:30:00
TRIP-f26725-1,f2672570-1002-4929-bf67-76997837b036,2025-09-11 01:00:00,2025-09-11 01:30:00
TRIP-f26725-2,f2672570-1002-4929-bf67-76997837b036,2025-09-11 02:00:00,2025-09-11 02:30:00
TRIP-fabbb5-0,fabbb555-1915-4945-9d75-2c7d7e56afa8,2025-09-11 00:00:00,2025-09-11 00:30:00
TRIP-fabbb5-1,fabbb555-1915-4945-9d75-2c7d7e56afa8,2025-09-11 01:00:00,2025-09-11 01:30:00
TRIP-fabbb5-2,fabbb555-1915-4945-9d75-2c7d7e56afa8,2025-09-11 02:00:00,2025-09-11 02:30:00
TRIP-fca4a0-0,fca4a08d-594e-484f-b8b7-b7e9d9aa61e1,2025-09-11 00:00:00,2025-09-11 00:30:00
TRIP-fca4a0-1,fca4a08d-594e-484f-b8b7-b7e9d9aa61e1,2025-09-11 01:00:00,2025-09-11 01:30:00
TRIP-fca4a0-2,fca4a08d-594e-484f-b8b7-b7e9d9aa61e1,2025-09-11 02:00:00,2025-09-11 02:30:00
TRIP-09c0d3-0,09c0d3e7-83a2-49e0-8355-24c103901880,2025-09-11 00:00:00,2025-09-11 00:30:00
TRIP-09c0d3-1,09c0d3e7-83a2-49e0-8355-24c103901880,2025-09-11 01:00:00,2025-09-11 01:30:00
TRIP-09c0d3-2,09c0d3e7-83a2-49e0-8355-24c103901880,2025-09-11 02:00:00,2025-09-11 02:30:00
TRIP-0e795d-0,0e795dfe-4e7e-4086-8d64-22e61d2642e3,2025-09-11 00:00:00,2025-09-11 00:30:00
TRIP-0e795d-1,0e795dfe-4e7e-4086-8d64-22e61d2642e3,2025-09-11 01:00:00,2025-09-11 01:30:00
TRIP-0e795d-2,0e795dfe-4e7e-4086-8d64-22e61d2642e3,2025-09-11 02:00:00,2025-09-11 02:30:00
TRIP-210ef1-0,210ef1ec-e053-4f1a-b6d4-630c520d9c7e,2025-09-11 00:00:00,2025-09-11 00:30:00
TRIP-210ef1-1,210ef1ec-e053-4f1a-b6d4-630c520d9c7e,2025-09-11 01:00:00,2025-09-11 01:30:00
TRIP-210ef1-2,210ef1ec-e053-4f1a-b6d4-630c520d9c7e,2025-09-11 02:00:00,2025-09-11 02:30:00
TRIP-951b6d-0,951b6dfb-1515-4917-a883-aea2702e8635,2025-09-11 00:00:00,2025-09-11 00:30:00
TRIP-951b6d-1,951b6dfb-1515-4917-a883-aea2702e8635,2025-09-11 01:00:00,2025-09-11 01:30:00
TRIP-951b6d-2,951b6dfb-1515-4917-a883-aea2702e8635,2025-09-11 02:00:00,2025-09-11 02:30:00
TRIP-327600-0,32760059-f375-44f2-8b76-dd16cd2df8c7,2025-09-11 00:00:00,2025-09-11 00:30:00
TRIP-327600-1,32760059-f375-44f2-8b76-dd16cd2df8c7,2025-09-11 01:00:00,2025-09-11 01:30:00
TRIP-327600-2,32760059-f375-44f2-8b76-dd16cd2df8c7,2025-09-11 02:00:00,2025-09-11 02:30:00
TRIP-c21d52-0,c21d5215-76b0-4555-be17-51eeca4eedd2,2025-09-11 00:00:00,2025-09-11 00:30:00
TRIP-c21d52-1,c21d5215-76b0-4555-be17-51eeca4eedd2,2025-09-11 01:00:00,2025-09-11 01:30:00
TRIP-c21d52-2,c21d5215-76b0-4555-be17-51eeca4eedd2,2025-09-11 02:00:00,2025-09-11 02:30:00
TRIP-49284e-0,49284ef7-15f8-436b-88ba-e010af518326,2025-09-11 00:00:00,2025-09-11 00:30:00
TRIP-49284e-1,49284ef7-15f8-436b-88ba-e010af518326,2025-09-11 01:00:00,2025-09-11 01:30:00
TRIP-49284e-2,49284ef7-15f8-436b-88ba-e010af518326,2025-09-11 02:00:00,2025-09-11 02:30:00
TRIP-38fb6f-0,38fb6ffa-90c4-44d9-aea5-dbd92f4f3675,2025-09-11 00:00:00,2025-09-11 00:30:00
TRIP-38fb6f-1,38fb6ffa-90c4-44d9-aea5-dbd92f4f3675,2025-09-11 01:00:00,2025-09-11 01:30:00
TRIP-38fb6f-2,38fb6ffa-90c4-44d9-aea5-dbd92f4f3675,2025-09-11 02:00:00,2025-09-11 02:30:00
TRIP-c99bef-0,c99bef6b-b003-4f6c-88b5-da05f8c9e059,2025-09-11 00:00:00,2025-09-11 00:30:00
TRIP-c99bef-1,c99bef6b-b003-4f6c-88b5-da05f8c9e059,2025-09-11 01:00:00,2025-09-11 01:30:00
TRIP-c99bef-2,c99bef6b-b003-4f6c-88b5-da05f8c9e059,2025-09-11 02:00:00,2025-09-11 02:30:00
TRIP-2d4d57-0,2d4d57b2-5dc9-4cd4-b91a-dc0ee4bb6557,2025-09-11 00:00:00,2025-09-11 00:30:00
TRIP-2d4d57-1,2d4d57b2-5dc9-4cd4-b91a-dc0ee4bb6557,2025-09-11 01:00:00,2025-09-11 01:30:00
TRIP-2d4d57-2,2d4d57b2-5dc9-4cd4-b91a-dc0ee4bb6557,2025-09-11 02:00:00,2025-09-11 02:30:00
TRIP-bb5a3e-0,bb5a3eef-bdbc-4324-993b-69e846e79eec,2025-09-11 00:00:00,2025-09-11 00:30:00
TRIP-bb5a3e-1,bb5a3eef-bdbc-4324-993b-69e846e79eec,2025-09-11 01:00:00,2025-09-11 01:30:00
TRIP-bb5a3e-2,bb5a3eef-bdbc-4324-993b-69e846e79eec,2025-09-11 02:00:00,2025-09-11 02:30:00
TRIP-7a0fab-0,7a0fabdd-8943-44c8-9fdc-128f8a5993e2,2025-09-11 00:00:00,2025-09-11 00:30:00
TRIP-7a0fab-1,7a0fabdd-8943-44c8-9fdc-128f8a5993e2,2025-09-11 01:00:00,2025-09-11 01:30:00
TRIP-7a0fab-2,7a0fabdd-8943-44c8-9fdc-128f8a5993e2,2025-09-11 02:00:00,2025-09-11 02:30:00
TRIP-5fb831-0,5fb8316f-6987-453b-9be3-6036d66e9321,2025-09-11 00:00:00,2025-09-11 00:30:00
TRIP-5fb831-1,5fb8316f-6987-453b-9be3-6036d66e9321,2025-09-11 01:00:00,2025-09-11 01:30:00
TRIP-5fb831-2,5fb8316f-6987-453b-9be3-6036d66e9321,2025-09-11 02:00:00,2025-09-11 02:30:00
TRIP-31a4e6-0,31a4e6b7-05ed-402a-952b-17d5aeb0c7a6,2025-09-11 00:00:00,2025-09-11 00:30:00
TRIP-31a4e6-1,31a4e6b7-05ed-402a-952b-17d5aeb0c7a6,2025-09-11 01:00:00,2025-09-11 01:30:00
TRIP-31a4e6-2,31a4e6b7-05ed-402a-952b-17d5aeb0c7a6,2025-09-11 02:00:00,2025-09-11 02:30:00
TRIP-f5d9c3-0,f5d9c3f8-9328-4006-91b3-521a8d1c833a,2025-09-11 00:00:00,2025-09-11 00:30:00
TRIP-f5d9c3-1,f5d9c3f8-9328-4006-91b3-521a8d1c833a,2025-09-11 01:00:00,2025-09-11 01:30:00
TRIP-f5d9c3-2,f5d9c3f8-9328-4006-91b3-521a8d1c833a,2025-09-11 02:00:00,2025-09-11 02:30:00
TRIP-bf5ba9-0,bf5ba9d2-a0c1-4fe1-b6de-3a8d1651d8ec,2025-09-11 00:00:00,2025-09-11 00:30:00
TRIP-bf5ba9-1,bf5ba9d2-a0c1-4fe1-b6de-3a8d1651d8ec,2025-09-11 01:00:00,2025-09-11 01:30:00
TRIP-bf5ba9-2,bf5ba9d2-a0c1-4fe1-b6de-3a8d1651d8ec,2025-09-11 02:00:00,2025-09-11 02:30:00
TRIP-3c6f23-0,3c6f2338-6643-4503-bc2e-ff22f27bbdb4,2025-09-11 00:00:00,2025-09-11 00:30:00
TRIP-3c6f23-1,3c6f2338-6643-4503-bc2e-ff22f27bbdb4,2025-09-11 01:00:00,2025-09-11 01:30:00
TRIP-3c6f23-2,3c6f2338-6643-4503-bc2e-ff22f27bbdb4,2025-09-11 02:00:00,2025-09-11 02:30:00
TRIP-f64a6e-0,f64a6ece-2a88-423b-8aa4-e3fda15d1dae,2025-09-11 00:00:00,2025-09-11 00:30:00
TRIP-f64a6e-1,f64a6ece-2a88-423b-8aa4-e3fda15d1dae,2025-09-11 01:00:00,2025-09-11 01:30:00
TRIP-f64a6e-2,f64a6ece-2a88-423b-8aa4-e3fda15d1dae,2025-09-11 02:00:00,2025-09-11 02:30:00
TRIP-b91e69-0,b91e6998-6a2b-4cef-882e-24b280e7d505,2025-09-11 00:00:00,2025-09-11 00:30:00
TRIP-b91e69-1,b91e6998-6a2b-4cef-882e-24b280e7d505,2025-09-11 01:00:00,2025-09-11 01:30:00
TRIP-b91e69-2,b91e6998-6a2b-4cef-882e-24b280e7d505,2025-09-11 02:00:00,2025-09-11 02:30:00
TRIP-6f10f1-0,6f10f124-ee28-425f-9ba4-99b65402d456,2025-09-11 00:00:00,2025-09-11 00:30:00
TRIP-6f10f1-1,6f10f124-ee28-425f-9ba4-99b65402d456,2025-09-11 01:00:00,2025-09-11 01:30:00
TRIP-6f10f1-2,6f10f124-ee28-425f-9ba4-99b65402d456,2025-09-11 02:00:00,2025-09-11 02:30:00
TRIP-9599fa-0,9599fa05-d72c-4aba-a374-9d60fff8d516,2025-09-11 00:00:00,2025-09-11 00:30:00
TRIP-9599fa-1,9599fa05-d72c-4aba-a374-9d60fff8d516,2025-09-11 01:00:00,2025-09-11 01:30:00
TRIP-9599fa-2,9599fa05-d72c-4aba-a374-9d60fff8d516,2025-09-11 02:00:00,2025-09-11 02:30:00
TRIP-c48d69-0,c48d69d2-aee5-435a-a4ec-21e505d2106a,2025-09-11 00:00:00,2025-09-11 00:30:00
TRIP-c48d69-1,c48d69d2-aee5-435a-a4ec-21e505d2106a,2025-09-11 01:00:00,2025-09-11 01:30:00
TRIP-c48d69-2,c48d69d2-aee5-435a-a4ec-21e505d2106a,2025-09-11 02:00:00,2025-09-11 02:30:00
TRIP-8393dd-0,8393dd3d-2ac9-4fa6-af9c-cbc8e85bf040,2025-09-11 00:00:00,2025-09-11 00:30:00
TRIP-8393dd-1,8393dd3d-2ac9-4fa6-af9c-cbc8e85bf040,2025-09-11 01:00:00,2025-09-11 01:30:00
TRIP-8393dd-2,8393dd3d-2ac9-4fa6-af9c-cbc8e85bf040,2025-09-11 02:00:00,2025-09-11 02:30:00
TRIP-604621-0,604621d4-70e3-4955-ba99-aaf5bedd0246,2025-09-11 00:00:00,2025-09-11 00:30:00
TRIP-604621-1,604621d4-70e3-4955-ba99-aaf5bedd0246,2025-09-11 01:00:00,2025-09-11 01:30:00
TRIP-604621-2,604621d4-70e3-4955-ba99-aaf5bedd0246,2025-09-11 02:00:00,2025-09-11 02:30:00
TRIP-02fd7a-0,02fd7a73-7543-41cd-9887-004fc74dff3f,2025-09-11 00:00:00,2025-09-11 00:30:00
TRIP-02fd7a-1,02fd7a73-7543-41cd-9887-004fc74dff3f,2025-09-11 01:00:00,2025-09-11 01:30:00
TRIP-02fd7a-2,02fd7a73-7543-41cd-9887-004fc74dff3f,2025-09-11 02:00:00,2025-09-11 02:30:00
TRIP-c1597d-0,c1597df6-9b76-4e42-b2b0-0399ad36e6c3,2025-09-11 00:00:00,2025-09-11 00:30:00
TRIP-c1597d-1,c1597df6-9b76-4e42-b2b0-0399ad36e6c3,2025-09-11 01:00:00,2025-09-11 01:30:00
TRIP-c1597d-2,c1597df6-9b76-4e42-b2b0-0399ad36e6c3,2025-09-11 02:00:00,2025-09-11 02:30:00
TRIP-d6a0a5-0,d6a0a56f-b6b6-4bf8-b38e-1405199502e3,2025-09-11 00:00:00,2025-09-11 00:30:00
TRIP-d6a0a5-1,d6a0a56f-b6b6-4bf8-b38e-1405199502e3,2025-09-11 01:00:00,2025-09-11 01:30:00
TRIP-d6a0a5-2,d6a0a56f-b6b6-4bf8-b38e-1405199502e3,2025-09-11 02:00:00,2025-09-11 02:30:00
TRIP-025a84-0,025a84b9-8ffa-4118-b785-668967daff9e,2025-09-11 00:00:00,2025-09-11 00:30:00
TRIP-025a84-1,025a84b9-8ffa-4118-b785-668967daff9e,2025-09-11 01:00:00,2025-09-11 01:30:00
TRIP-025a84-2,025a84b9-8ffa-4118-b785-668967daff9e,2025-09-11 02:00:00,2025-09-11 02:30:00
TRIP-b79ad7-0,b79ad725-dc37-45bb-829a-1bc63dbb7021,2025-09-11 00:00:00,2025-09-11 00:30:00
TRIP-b79ad7-1,b79ad725-dc37-45bb-829a-1bc63dbb7021,2025-09-11 01:00:00,2025-09-11 01:30:00
TRIP-b79ad7-2,b79ad725-dc37-45bb-829a-1bc63dbb7021,2025-09-11 02:00:00,2025-09-11 02:30:00
TRIP-f6f3b7-0,f6f3b7f9-ebb8-4e86-831a-3c6cb9036e02,2025-09-11 00:00:00,2025-09-11 00:30:00
TRIP-f6f3b7-1,f6f3b7f9-ebb8-4e86-831a-3c6cb9036e02,2025-09-11 01:00:00,2025-09-11 01:30:00
TRIP-f6f3b7-2,f6f3b7f9-ebb8-4e86-831a-3c6cb9036e02,2025-09-11 02:00:00,2025-09-11 02:30:00
TRIP-ff2932-0,ff2932bb-8ce8-47a6-96f2-b6abecf5087d,2025-09-11 00:00:00,2025-09-11 00:30:00
TRIP-ff2932-1,ff2932bb-8ce8-47a6-96f2-b6abecf5087d,2025-09-11 01:00:00,2025-09-11 01:30:00
TRIP-ff2932-2,ff2932bb-8ce8-47a6-96f2-b6abecf5087d,2025-09-11 02:00:00,2025-09-11 02:30:00
TRIP-45803a-0,45803aaf-dce5-4d85-bacf-c1c99f44bb50,2025-09-11 00:00:00,2025-09-11 00:30:00
TRIP-45803a-1,45803aaf-dce5-4d85-bacf-c1c99f44bb50,2025-09-11 01:00:00,2025-09-11 01:30:00
TRIP-45803a-2,45803aaf-dce5-4d85-bacf-c1c99f44bb50,2025-09-11 02:00:00,2025-09-11 02:30:00
TRIP-232981-0,232981b4-8cd3-44b0-9cc7-c5c2552a3e4a,2025-09-11 00:00:00,2025-09-11 00:30:00
TRIP-232981-1,232981b4-8cd3-44b0-9cc7-c5c2552a3e4a,2025-09-11 01:00:00,2025-09-11 01:30:00
TRIP-232981-2,232981b4-8cd3-44b0-9cc7-c5c2552a3e4a,2025-09-11 02:00:00,2025-09-11 02:30:00
TRIP-f93977-0,f9397723-9482-4ccc-b92c-43b4d5ec06b1,2025-09-11 00:00:00,2025-09-11 00:30:00
TRIP-f93977-1,f9397723-9482-4ccc-b92c-43b4d5ec06b1,2025-09-11 01:00:00,2025-09-11 01:30:00
TRIP-f93977-2,f9397723-9482-4ccc-b92c-43b4d5ec06b1,2025-09-11 02:00:00,2025-09-11 02:30:00
TRIP-ce3a27-0,ce3a2717-136f-4dc7-868b-e1f69a5adc78,2025-09-11 00:00:00,2025-09-11 00:30:00
TRIP-ce3a27-1,ce3a2717-136f-4dc7-868b-e1f69a5adc78,2025-09-11 01:00:00,2025-09-11 01:30:00
TRIP-ce3a27-2,ce3a2717-136f-4dc7-868b-e1f69a5adc78,2025-09-11 02:00:00,2025-09-11 02:30:00
TRIP-8d4a01-0,8d4a011c-353d-4972-b2b1-6dfca18db048,2025-09-11 00:00:00,2025-09-11 00:30:00
TRIP-8d4a01-1,8d4a011c-353d-4972-b2b1-6dfca18db048,2025-09-11 01:00:00,2025-09-11 01:30:00
TRIP-8d4a01-2,8d4a011c-353d-4972-b2b1-6dfca18db048,2025-09-11 02:00:00,2025-09-11 02:30:00
TRIP-cb52d7-0,cb52d799-473d-4c95-a5c6-3b2f7af0e439,2025-09-11 00:00:00,2025-09-11 00:30:00
TRIP-cb52d7-1,cb52d799-473d-4c95-a5c6-3b2f7af0e439,2025-09-11 01:00:00,2025-09-11 01:30:00
TRIP-cb52d7-2,cb52d799-473d-4c95-a5c6-3b2f7af0e439,2025-09-11 02:00:00,2025-09-11 02:30:00
TRIP-e39887-0,e39887dd-ee77-46a1-a9a0-056016da709f,2025-09-11 00:00:00,2025-09-11 00:30:00
TRIP-e39887-1,e39887dd-ee77-46a1-a9a0-056016da709f,2025-09-11 01:00:00,2025-09-11 01:30:00
TRIP-e39887-2,e39887dd-ee77-46a1-a9a0-056016da709f,2025-09-11 02:00:00,2025-09-11 02:30:00
TRIP-366013-0,366013ed-9cd2-4ef5-8a3d-89e20ae760cc,2025-09-11 00:00:00,2025-09-11 00:30:00
TRIP-366013-1,366013ed-9cd2-4ef5-8a3d-89e20ae760cc,2025-09-11 01:00:00,2025-09-11 01:30:00
TRIP-366013-2,366013ed-9cd2-4ef5-8a3d-89e20ae760cc,2025-09-11 02:00:00,2025-09-11 02:30:00
TRIP-cf8f4d-0,cf8f4de1-6eb6-4e40-990d-b1ad7323d34c,2025-09-11 00:00:00,2025-09-11 00:30:00
TRIP-cf8f4d-1,cf8f4de1-6eb6-4e40-990d-b1ad7323d34c,2025-09-11 01:00:00,2025-09-11 01:30:00
TRIP-cf8f4d-2,cf8f4de1-6eb6-4e40-990d-b1ad7323d34c,2025-09-11 02:00:00,2025-09-11 02:30:00
TRIP-6d8ef2-0,6d8ef278-4be6-4798-a391-cc9fadf380ee,2025-09-11 00:00:00,2025-09-11 00:30:00
TRIP-6d8ef2-1,6d8ef278-4be6-4798-a391-cc9fadf380ee,2025-09-11 01:00:00,2025-09-11 01:30:00
TRIP-6d8ef2-2,6d8ef278-4be6-4798-a391-cc9fadf380ee,2025-09-11 02:00:00,2025-09-11 02:30:00
TRIP-470759-0,4707595c-c633-48be-a4db-173c5cfbcb26,2025-09-11 00:00:00,2025-09-11 00:30:00
TRIP-470759-1,4707595c-c633-48be-a4db-173c5cfbcb26,2025-09-11 01:00:00,2025-09-11 01:30:00
TRIP-470759-2,4707595c-c633-48be-a4db-173c5cfbcb26,2025-09-11 02:00:00,2025-09-11 02:30:00
TRIP-4db8ff-0,4db8ff6e-4840-4cef-abe1-bfc7809d9731,2025-09-11 00:00:00,2025-09-11 00:30:00
TRIP-4db8ff-1,4db8ff6e-4840-4cef-abe1-bfc7809d9731,2025-09-11 01:00:00,2025-09-11 01:30:00
TRIP-4db8ff-2,4db8ff6e-4840-4cef-abe1-bfc7809d9731,2025-09-11 02:00:00,2025-09-11 02:30:00
TRIP-dd08a9-0,dd08a99d-5e4b-47c4-9723-b2344dfaa341,2025-09-11 00:00:00,2025-09-11 00:30:00
TRIP-dd08a9-1,dd08a99d-5e4b-47c4-9723-b2344dfaa341,2025-09-11 01:00:00,2025-09-11 01:30:00
TRIP-dd08a9-2,dd08a99d-5e4b-47c4-9723-b2344dfaa341,2025-09-11 02:00:00,2025-09-11 02:30:00
TRIP-9dd626-0,9dd62653-5c36-47f7-a2fa-7510746c370f,2025-09-11 00:00:00,2025-09-11 00:30:00
TRIP-9dd626-1,9dd62653-5c36-47f7-a2fa-7510746c370f,2025-09-11 01:00:00,2025-09-11 01:30:00
TRIP-9dd626-2,9dd62653-5c36-47f7-a2fa-7510746c370f,2025-09-11 02:00:00,2025-09-11 02:30:00
TRIP-57642a-0,57642a95-46b6-44b0-8940-719cee9e0e22,2025-09-11 00:00:00,2025-09-11 00:30:00
TRIP-57642a-1,57642a95-46b6-44b0-8940-719cee9e0e22,2025-09-11 01:00:00,2025-09-11 01:30:00
TRIP-57642a-2,57642a95-46b6-44b0-8940-719cee9e0e22,2025-09-11 02:00:00,2025-09-11 02:30:00
TRIP-7619aa-0,7619aa69-b45f-4c22-8edb-36f6277211fc,2025-09-11 00:00:00,2025-09-11 00:30:00
TRIP-7619aa-1,7619aa69-b45f-4c22-8edb-36f6277211fc,2025-09-11 01:00:00,2025-09-11 01:30:00
TRIP-7619aa-2,7619aa69-b45f-4c22-8edb-36f6277211fc,2025-09-11 02:00:00,2025-09-11 02:30:00
TRIP-8ee14e-0,8ee14e8e-e3c5-4ddd-8a39-0728056ca43b,2025-09-11 00:00:00,2025-09-11 00:30:00
TRIP-8ee14e-1,8ee14e8e-e3c5-4ddd-8a39-0728056ca43b,2025-09-11 01:00:00,2025-09-11 01:30:00
TRIP-8ee14e-2,8ee14e8e-e3c5-4ddd-8a39-0728056ca43b,2025-09-11 02:00:00,2025-09-11 02:30:00
TRIP-a1026f-0,a1026f68-fe8d-4749-ac8a-18d61ab60629,2025-09-11 00:00:00,2025-09-11 00:30:00
TRIP-a1026f-1,a1026f68-fe8d-4749-ac8a-18d61ab60629,2025-09-11 01:00:00,2025-09-11 01:30:00
TRIP-a1026f-2,a1026f68-fe8d-4749-ac8a-18d61ab60629,2025-09-11 02:00:00,2025-09-11 02:30:00
TRIP-967cb0-0,967cb014-a46b-4d6e-b8fd-490c9c31bebe,2025-09-11 00:00:00,2025-09-11 00:30:00
TRIP-967cb0-1,967cb014-a46b-4d6e-b8fd-490c9c31bebe,2025-09-11 01:00:00,2025-09-11 01:30:00
TRIP-967cb0-2,967cb014-a46b-4d6e-b8fd-490c9c31bebe,2025-09-11 02:00:00,2025-09-11 02:30:00
TRIP-93b6d0-0,93b6d01d-1985-4d2d-ba5d-3919d7cbc54f,2025-09-11 00:00:00,2025-09-11 00:30:00
TRIP-93b6d0-1,93b6d01d-1985-4d2d-ba5d-3919d7cbc54f,2025-09-11 01:00:00,2025-09-11 01:30:00
TRIP-93b6d0-2,93b6d01d-1985-4d2d-ba5d-3919d7cbc54f,2025-09-11 02:00:00,2025-09-11 02:30:00
TRIP-b341f9-0,b341f968-e7a6-490d-aa3a-5c289dd29753,2025-09-11 00:00:00,2025-09-11 00:30:00
TRIP-b341f9-1,b341f968-e7a6-490d-aa3a-5c289dd29753,2025-09-11 01:00:00,2025-09-11 01:30:00
TRIP-b341f9-2,b341f968-e7a6-490d-aa3a-5c289dd29753,2025-09-11 02:00:00,2025-09-11 02:30:00
TRIP-8ae25e-0,8ae25e23-5170-4d48-95b4-0d34f3b443cd,2025-09-11 00:00:00,2025-09-11 00:30:00
TRIP-8ae25e-1,8ae25e23-5170-4d48-95b4-0d34f3b443cd,2025-09-11 01:00:00,2025-09-11 01:30:00
TRIP-8ae25e-2,8ae25e23-5170-4d48-95b4-0d34f3b443cd,2025-09-11 02:00:00,2025-09-11 02:30:00
TRIP-c212e5-0,c212e540-221a-433f-9a30-d2ae2a1f7d6e,2025-09-11 00:00:00,2025-09-11 00:30:00
TRIP-c212e5-1,c212e540-221a-433f-9a30-d2ae2a1f7d6e,2025-09-11 01:00:00,2025-09-11 01:30:00
TRIP-c212e5-2,c212e540-221a-433f-9a30-d2ae2a1f7d6e,2025-09-11 02:00:00,2025-09-11 02:30:00
TRIP-37e6e7-0,37e6e7de-f0b6-4d17-8126-4a1f20fa5750,2025-09-11 00:00:00,2025-09-11 00:30:00
TRIP-37e6e7-1,37e6e7de-f0b6-4d17-8126-4a1f20fa5750,2025-09-11 01:00:00,2025-09-11 01:30:00
TRIP-37e6e7-2,37e6e7de-f0b6-4d17-8126-4a1f20fa5750,2025-09-11 02:00:00,2025-09-11 02:30:00
TRIP-2fa87d-0,2fa87d5c-583f-4607-a85f-7a53974591c9,2025-09-11 00:00:00,2025-09-11 00:30:00
TRIP-2fa87d-1,2fa87d5c-583f-4607-a85f-7a53974591c9,2025-09-11 01:00:00,2025-09-11 01:30:00
TRIP-2fa87d-2,2fa87d5c-583f-4607-a85f-7a53974591c9,2025-09-11 02:00:00,2025-09-11 02:30:00
TRIP-ad9ff6-0,ad9ff66b-dbc0-442f-ae8d-2e16fb0cd7d7,2025-09-11 00:00:00,2025-09-11 00:30:00
TRIP-ad9ff6-1,ad9ff66b-dbc0-442f-ae8d-2e16fb0cd7d7,2025-09-11 01:00:00,2025-09-11 01:30:00
TRIP-ad9ff6-2,ad9ff66b-dbc0-442f-ae8d-2e16fb0cd7d7,2025-09-11 02:00:00,2025-09-11 02:30:00
TRIP-c99f2f-0,c99f2f38-1c51-46c6-937a-ce911ed9c337,2025-09-11 00:00:00,2025-09-11 00:30:00
TRIP-c99f2f-1,c99f2f38-1c51-46c6-937a-ce911ed9c337,2025-09-11 01:00:00,2025-09-11 01:30:00
TRIP-c99f2f-2,c99f2f38-1c51-46c6-937a-ce911ed9c337,2025-09-11 02:00:00,2025-09-11 02:30:00
TRIP-7bb9c0-0,7bb9c05f-1dc5-4afb-86f6-1e81755cc244,2025-09-11 00:00:00,2025-09-11 00:30:00
TRIP-7bb9c0-1,7bb9c05f-1dc5-4afb-86f6-1e81755cc244,2025-09-11 01:00:00,2025-09-11 01:30:00
TRIP-7bb9c0-2,7bb9c05f-1dc5-4afb-86f6-1e81755cc244,2025-09-11 02:00:00,2025-09-11 02:30:00
TRIP-8d40f1-0,8d40f1c8-35a6-483f-9c3b-530f08654653,2025-09-11 00:00:00,2025-09-11 00:30:00
TRIP-8d40f1-1,8d40f1c8-35a6-483f-9c3b-530f08654653,2025-09-11 01:00:00,2025-09-11 01:30:00
TRIP-8d40f1-2,8d40f1c8-35a6-483f-9c3b-530f08654653,2025-09-11 02:00:00,2025-09-11 02:30:00
TRIP-d8c4d2-0,d8c4d22e-5f4f-4a1b-b7db-6d869032a31e,2025-09-11 00:00:00,2025-09-11 00:30:00
TRIP-d8c4d2-1,d8c4d22e-5f4f-4a1b-b7db-6d869032a31e,2025-09-11 01:00:00,2025-09-11 01:30:00
TRIP-d8c4d2-2,d8c4d22e-5f4f-4a1b-b7db-6d869032a31e,2025-09-11 02:00:00,2025-09-11 02:30:00
TRIP-4aa88b-0,4aa88b8f-2d30-4cd7-8ab8-7c89c78edf59,2025-09-11 00:00:00,2025-09-11 00:30:00
TRIP-4aa88b-1,4aa88b8f-2d30-4cd7-8ab8-7c89c78edf59,2025-09-11 01:00:00,2025-09-11 01:30:00
TRIP-4aa88b-2,4aa88b8f-2d30-4cd7-8ab8-7c89c78edf59,2025-09-11 02:00:00,2025-09-11 02:30:00
TRIP-e75c70-0,e75c70a2-002c-4f4a-835e-2b71c3fef6aa,2025-09-11 00:00:00,2025-09-11 00:30:00
TRIP-e75c70-1,e75c70a2-002c-4f4a-835e-2b71c3fef6aa,2025-09-11 01:00:00,2025-09-11 01:30:00
TRIP-e75c70-2,e75c70a2-002c-4f4a-835e-2b71c3fef6aa,2025-09-11 02:00:00,2025-09-11 02:30:00
TRIP-9dcdb1-0,9dcdb1dd-8df9-40f2-8704-0be4b4ea53bd,2025-09-11 00:00:00,2025-09-11 00:30:00
TRIP-9dcdb1-1,9dcdb1dd-8df9-40f2-8704-0be4b4ea53bd,2025-09-11 01:00:00,2025-09-11 01:30:00
TRIP-9dcdb1-2,9dcdb1dd-8df9-40f2-8704-0be4b4ea53bd,2025-09-11 02:00:00,2025-09-11 02:30:00
TRIP-1c7122-0,1c7122c8-f14e-4069-bdb6-484f887c1638,2025-09-11 00:00:00,2025-09-11 00:30:00
TRIP-1c7122-1,1c7122c8-f14e-4069-bdb6-484f887c1638,2025-09-11 01:00:00,2025-09-11 01:30:00
TRIP-1c7122-2,1c7122c8-f14e-4069-bdb6-484f887c1638,2025-09-11 02:00:00,2025-09-11 02:30:00
TRIP-d9e824-0,d9e82448-cdde-4579-9642-81fb190babee,2025-09-11 00:00:00,2025-09-11 00:30:00
TRIP-d9e824-1,d9e82448-cdde-4579-9642-81fb190babee,2025-09-11 01:00:00,2025-09-11 01:30:00
TRIP-d9e824-2,d9e82448-cdde-4579-9642-81fb190babee,2025-09-11 02:00:00,2025-09-11 02:30:00
TRIP-82f4ac-0,82f4ac24-c5c8-4722-9cae-428258b4a498,2025-09-11 00:00:00,2025-09-11 00:30:00
TRIP-82f4ac-1,82f4ac24-c5c8-4722-9cae-428258b4a498,2025-09-11 01:00:00,2025-09-11 01:30:00
TRIP-82f4ac-2,82f4ac24-c5c8-4722-9cae-428258b4a498,2025-09-11 02:00:00,2025-09-11 02:30:00
TRIP-a20f96-0,a20f9639-0c5a-46e7-860c-6b18e0a74994,2025-09-11 00:00:00,2025-09-11 00:30:00
TRIP-a20f96-1,a20f9639-0c5a-46e7-860c-6b18e0a74994,2025-09-11 01:00:00,2025-09-11 01:30:00
TRIP-a20f96-2,a20f9639-0c5a-46e7-860c-6b18e0a74994,2025-09-11 02:00:00,2025-09-11 02:30:00
TRIP-906b37-0,906b3762-f86a-47e7-8230-efce258ecb4f,2025-09-11 00:00:00,2025-09-11 00:30:00
TRIP-906b37-1,906b3762-f86a-47e7-8230-efce258ecb4f,2025-09-11 01:00:00,2025-09-11 01:30:00
TRIP-906b37-2,906b3762-f86a-47e7-8230-efce258ecb4f,2025-09-11 02:00:00,2025-09-11 02:30:00
TRIP-c27a91-0,c27a9130-76df-47e7-ae07-6bc7342488f8,2025-09-11 00:00:00,2025-09-11 00:30:00
TRIP-c27a91-1,c27a9130-76df-47e7-ae07-6bc7342488f8,2025-09-11 01:00:00,2025-09-11 01:30:00
TRIP-c27a91-2,c27a9130-76df-47e7-ae07-6bc7342488f8,2025-09-11 02:00:00,2025-09-11 02:30:00
TRIP-6ebabe-0,6ebabeed-4ade-4c04-bb7b-41030559e877,2025-09-11 00:00:00,2025-09-11 00:30:00
TRIP-6ebabe-1,6ebabeed-4ade-4c04-bb7b-41030559e877,2025-09-11 01:00:00,2025-09-11 01:30:00
TRIP-6ebabe-2,6ebabeed-4ade-4c04-bb7b-41030559e877,2025-09-11 02:00:00,2025-09-11 02:30:00
TRIP-6769ff-0,6769ff4f-6ce0-4c79-91de-8e57de44494f,2025-09-11 00:00:00,2025-09-11 00:30:00
TRIP-6769ff-1,6769ff4f-6ce0-4c79-91de-8e57de44494f,2025-09-11 01:00:00,2025-09-11 01:30:00
TRIP-6769ff-2,6769ff4f-6ce0-4c79-91de-8e57de44494f,2025-09-11 02:00:00,2025-09-11 02:30:00
TRIP-2794f8-0,2794f854-87df-4431-b57b-82b38b4590b6,2025-09-11 00:00:00,2025-09-11 00:30:00
TRIP-2794f8-1,2794f854-87df-4431-b57b-82b38b4590b6,2025-09-11 01:00:00,2025-09-11 01:30:00
TRIP-2794f8-2,2794f854-87df-4431-b57b-82b38b4590b6,2025-09-11 02:00:00,2025-09-11 02:30:00
TRIP-b04eab-0,b04eab5e-077a-4835-8482-5e8f709acdc1,2025-09-11 00:00:00,2025-09-11 00:30:00
TRIP-b04eab-1,b04eab5e-077a-4835-8482-5e8f709acdc1,2025-09-11 01:00:00,2025-09-11 01:30:00
TRIP-b04eab-2,b04eab5e-077a-4835-8482-5e8f709acdc1,2025-09-11 02:00:00,2025-09-11 02:30:00
TRIP-b3d870-0,b3d8706b-ad54-40b6-a02e-6ad4f089d3c4,2025-09-11 00:00:00,2025-09-11 00:30:00
TRIP-b3d870-1,b3d8706b-ad54-40b6-a02e-6ad4f089d3c4,2025-09-11 01:00:00,2025-09-11 01:30:00
TRIP-b3d870-2,b3d8706b-ad54-40b6-a02e-6ad4f089d3c4,2025-09-11 02:00:00,2025-09-11 02:30:00
TRIP-20c865-0,20c865f5-9d66-40a7-9018-aad08e67b6cb,2025-09-11 00:00:00,2025-09-11 00:30:00
TRIP-20c865-1,20c865f5-9d66-40a7-9018-aad08e67b6cb,2025-09-11 01:00:00,2025-09-11 01:30:00
TRIP-20c865-2,20c865f5-9d66-40a7-9018-aad08e67b6cb,2025-09-11 02:00:00,2025-09-11 02:30:00
TRIP-c98e0f-0,c98e0fa1-55d8-4cf8-93dc-66945300e08c,2025-09-11 00:00:00,2025-09-11 00:30:00
TRIP-c98e0f-1,c98e0fa1-55d8-4cf8-93dc-66945300e08c,2025-09-11 01:00:00,2025-09-11 01:30:00
TRIP-c98e0f-2,c98e0fa1-55d8-4cf8-93dc-66945300e08c,2025-09-11 02:00:00,2025-09-11 02:30:00
TRIP-680a95-0,680a9527-37f8-4302-a9bf-50eb8269797b,2025-09-11 00:00:00,2025-09-11 00:30:00
TRIP-680a95-1,680a9527-37f8-4302-a9bf-50eb8269797b,2025-09-11 01:00:00,2025-09-11 01:30:00
TRIP-680a95-2,680a9527-37f8-4302-a9bf-50eb8269797b,2025-09-11 02:00:00,2025-09-11 02:30:00
TRIP-4539ce-0,4539ce36-3af4-4057-9899-c846ba4369f5,2025-09-11 00:00:00,2025-09-11 00:30:00
TRIP-4539ce-1,4539ce36-3af4-4057-9899-c846ba4369f5,2025-09-11 01:00:00,2025-09-11 01:30:00
TRIP-4539ce-2,4539ce36-3af4-4057-9899-c846ba4369f5,2025-09-11 02:00:00,2025-09-11 02:30:00
TRIP-7dba6d-0,7dba6d2e-1dee-4afa-84fc-d354499b8426,2025-09-11 00:00:00,2025-09-11 00:30:00
TRIP-7dba6d-1,7dba6d2e-1dee-4afa-84fc-d354499b8426,2025-09-11 01:00:00,2025-09-11 01:30:00
TRIP-7dba6d-2,7dba6d2e-1dee-4afa-84fc-d354499b8426,2025-09-11 02:00:00,2025-09-11 02:30:00
TRIP-8a5e7f-0,8a5e7f35-8e1e-4c3b-93d6-996c1a0ebc28,2025-09-11 00:00:00,2025-09-11 00:30:00
TRIP-8a5e7f-1,8a5e7f35-8e1e-4c3b-93d6-996c1a0ebc28,2025-09-11 01:00:00,2025-09-11 01:30:00
TRIP-8a5e7f-2,8a5e7f35-8e1e-4c3b-93d6-996c1a0ebc28,2025-09-11 02:00:00,2025-09-11 02:30:00
TRIP-788b0c-0,788b0cc5-7c02-4e95-a4b6-d900b31f9563,2025-09-11 00:00:00,2025-09-11 00:30:00
TRIP-788b0c-1,788b0cc5-7c02-4e95-a4b6-d900b31f9563,2025-09-11 01:00:00,2025-09-11 01:30:00
TRIP-788b0c-2,788b0cc5-7c02-4e95-a4b6-d900b31f9563,2025-09-11 02:00:00,2025-09-11 02:30:00
TRIP-73d21d-0,73d21d25-0fcc-4b25-9bfc-286483460395,2025-09-11 00:00:00,2025-09-11 00:30:00
TRIP-73d21d-1,73d21d25-0fcc-4b25-9bfc-286483460395,2025-09-11 01:00:00,2025-09-11 01:30:00
TRIP-73d21d-2,73d21d25-0fcc-4b25-9bfc-286483460395,2025-09-11 02:00:00,2025-09-11 02:30:00
TRIP-1778c0-0,1778c0b4-5783-43f0-8b74-9592e44e8093,2025-09-11 00:00:00,2025-09-11 00:30:00
TRIP-1778c0-1,1778c0b4-5783-43f0-8b74-9592e44e8093,2025-09-11 01:00:00,2025-09-11 01:30:00
TRIP-1778c0-2,1778c0b4-5783-43f0-8b74-9592e44e8093,2025-09-11 02:00:00,2025-09-11 02:30:00
TRIP-b1cf81-0,b1cf81dc-7ba9-4c49-8b97-412105d6d63f,2025-09-11 00:00:00,2025-09-11 00:30:00
TRIP-b1cf81-1,b1cf81dc-7ba9-4c49-8b97-412105d6d63f,2025-09-11 01:00:00,2025-09-11 01:30:00
TRIP-b1cf81-2,b1cf81dc-7ba9-4c49-8b97-412105d6d63f,2025-09-11 02:00:00,2025-09-11 02:30:00
TRIP-ed0188-0,ed018830-5dfb-4e91-9458-d72c827778ba,2025-09-11 00:00:00,2025-09-11 00:30:00
TRIP-ed0188-1,ed018830-5dfb-4e91-9458-d72c827778ba,2025-09-11 01:00:00,2025-09-11 01:30:00
TRIP-ed0188-2,ed018830-5dfb-4e91-9458-d72c827778ba,2025-09-11 02:00:00,2025-09-11 02:30:00
TRIP-7c6736-0,7c673641-2223-4550-95aa-19249abd883a,2025-09-11 00:00:00,2025-09-11 00:30:00
TRIP-7c6736-1,7c673641-2223-4550-95aa-19249abd883a,2025-09-11 01:00:00,2025-09-11 01:30:00
TRIP-7c6736-2,7c673641-2223-4550-95aa-19249abd883a,2025-09-11 02:00:00,2025-09-11 02:30:00
TRIP-e7a8dc-0,e7a8dc53-dc90-4743-b917-331190d32375,2025-09-11 00:00:00,2025-09-11 00:30:00
TRIP-e7a8dc-1,e7a8dc53-dc90-4743-b917-331190d32375,2025-09-11 01:00:00,2025-09-11 01:30:00
TRIP-e7a8dc-2,e7a8dc53-dc90-4743-b917-331190d32375,2025-09-11 02:00:00,2025-09-11 02:30:00
TRIP-deaa75-0,deaa75c5-08b7-4323-9567-15750deeb523,2025-09-11 00:00:00,2025-09-11 00:30:00
TRIP-deaa75-1,deaa75c5-08b7-4323-9567-15750deeb523,2025-09-11 01:00:00,2025-09-11 01:30:00
TRIP-deaa75-2,deaa75c5-08b7-4323-9567-15750deeb523,2025-09-11 02:00:00,2025-09-11 02:30:00
TRIP-03db2b-0,03db2bb2-07ae-40cf-8b35-fe3036b4d98d,2025-09-11 00:00:00,2025-09-11 00:30:00
TRIP-03db2b-1,03db2bb2-07ae-40cf-8b35-fe3036b4d98d,2025-09-11 01:00:00,2025-09-11 01:30:00
TRIP-03db2b-2,03db2bb2-07ae-40cf-8b35-fe3036b4d98d,2025-09-11 02:00:00,2025-09-11 02:30:00
TRIP-e7b956-0,e7b956ae-096e-4613-971f-687524b71618,2025-09-11 00:00:00,2025-09-11 00:30:00
TRIP-e7b956-1,e7b956ae-096e-4613-971f-687524b71618,2025-09-11 01:00:00,2025-09-11 01:30:00
TRIP-e7b956-2,e7b956ae-096e-4613-971f-687524b71618,2025-09-11 02:00:00,2025-09-11 02:30:00
TRIP-24f482-0,24f4826d-9714-4458-8511-3f2677b95670,2025-09-11 00:00:00,2025-09-11 00:30:00
TRIP-24f482-1,24f4826d-9714-4458-8511-3f2677b95670,2025-09-11 01:00:00,2025-09-11 01:30:00
TRIP-24f482-2,24f4826d-9714-4458-8511-3f2677b95670,2025-09-11 02:00:00,2025-09-11 02:30:00
TRIP-c22d84-0,c22d8473-2061-4bcc-a0bb-6ba41a84ee21,2025-09-11 00:00:00,2025-09-11 00:30:00
TRIP-c22d84-1,c22d8473-2061-4bcc-a0bb-6ba41a84ee21,2025-09-11 01:00:00,2025-09-11 01:30:00
TRIP-c22d84-2,c22d8473-2061-4bcc-a0bb-6ba41a84ee21,2025-09-11 02:00:00,2025-09-11 02:30:00
TRIP-ba2a63-0,ba2a6325-67a7-42de-a3d3-05b3fdd2638b,2025-09-11 00:00:00,2025-09-11 00:30:00
TRIP-ba2a63-1,ba2a6325-67a7-42de-a3d3-05b3fdd2638b,2025-09-11 01:00:00,2025-09-11 01:30:00
TRIP-ba2a63-2,ba2a6325-67a7-42de-a3d3-05b3fdd2638b,2025-09-11 02:00:00,2025-09-11 02:30:00
TRIP-32da54-0,32da5465-ce65-4966-96bb-9aa17b22e37f,2025-09-11 00:00:00,2025-09-11 00:30:00
TRIP-32da54-1,32da5465-ce65-4966-96bb-9aa17b22e37f,2025-09-11 01:00:00,2025-09-11 01:30:00
TRIP-32da54-2,32da5465-ce65-4966-96bb-9aa17b22e37f,2025-09-11 02:00:00,2025-09-11 02:30:00
TRIP-caf617-0,caf6175b-6749-47a0-834d-b0734cbd20c1,2025-09-11 00:00:00,2025-09-11 00:30:00
TRIP-caf617-1,caf6175b-6749-47a0-834d-b0734cbd20c1,2025-09-11 01:00:00,2025-09-11 01:30:00
TRIP-caf617-2,caf6175b-6749-47a0-834d-b0734cbd20c1,2025-09-11 02:00:00,2025-09-11 02:30:00
TRIP-86640a-0,86640ad7-fdc1-4a1f-946b-4677d733793d,2025-09-11 00:00:00,2025-09-11 00:30:00
TRIP-86640a-1,86640ad7-fdc1-4a1f-946b-4677d733793d,2025-09-11 01:00:00,2025-09-11 01:30:00
TRIP-86640a-2,86640ad7-fdc1-4a1f-946b-4677d733793d,2025-09-11 02:00:00,2025-09-11 02:30:00
TRIP-a87a31-0,a87a3193-6327-4538-8eed-7124d1847317,2025-09-11 00:00:00,2025-09-11 00:30:00
TRIP-a87a31-1,a87a3193-6327-4538-8eed-7124d1847317,2025-09-11 01:00:00,2025-09-11 01:30:00
TRIP-a87a31-2,a87a3193-6327-4538-8eed-7124d1847317,2025-09-11 02:00:00,2025-09-11 02:30:00
TRIP-b00038-0,b00038f0-e26c-4f25-862c-b36e5a915732,2025-09-11 00:00:00,2025-09-11 00:30:00
TRIP-b00038-1,b00038f0-e26c-4f25-862c-b36e5a915732,2025-09-11 01:00:00,2025-09-11 01:30:00
TRIP-b00038-2,b00038f0-e26c-4f25-862c-b36e5a915732,2025-09-11 02:00:00,2025-09-11 02:30:00
TRIP-b11f66-0,b11f662a-b4b8-41de-b3de-370102c7ca07,2025-09-11 00:00:00,2025-09-11 00:30:00
TRIP-b11f66-1,b11f662a-b4b8-41de-b3de-370102c7ca07,2025-09-11 01:00:00,2025-09-11 01:30:00
TRIP-b11f66-2,b11f662a-b4b8-41de-b3de-370102c7ca07,2025-09-11 02:00:00,2025-09-11 02:30:00
TRIP-5153a2-0,5153a235-f6e7-47af-914b-69f4145abeee,2025-09-11 00:00:00,2025-09-11 00:30:00
TRIP-5153a2-1,5153a235-f6e7-47af-914b-69f4145abeee,2025-09-11 01:00:00,2025-09-11 01:30:00
TRIP-5153a2-2,5153a235-f6e7-47af-914b-69f4145abeee,2025-09-11 02:00:00,2025-09-11 02:30:00
TRIP-78596e-0,78596ed1-a38e-461b-92d6-2d5e291a973d,2025-09-11 00:00:00,2025-09-11 00:30:00
TRIP-78596e-1,78596ed1-a38e-461b-92d6-2d5e291a973d,2025-09-11 01:00:00,2025-09-11 01:30:00
TRIP-78596e-2,78596ed1-a38e-461b-92d6-2d5e291a973d,2025-09-11 02:00:00,2025-09-11 02:30:00
TRIP-052b7a-0,052b7ad1-62a2-45e6-b031-b19992170c0e,2025-09-11 00:00:00,2025-09-11 00:30:00
TRIP-052b7a-1,052b7ad1-62a2-45e6-b031-b19992170c0e,2025-09-11 01:00:00,2025-09-11 01:30:00
TRIP-052b7a-2,052b7ad1-62a2-45e6-b031-b19992170c0e,2025-09-11 02:00:00,2025-09-11 02:30:00
TRIP-55bfa8-0,55bfa841-815f-4250-8019-51d1d61cae1e,2025-09-11 00:00:00,2025-09-11 00:30:00
TRIP-55bfa8-1,55bfa841-815f-4250-8019-51d1d61cae1e,2025-09-11 01:00:00,2025-09-11 01:30:00
TRIP-55bfa8-2,55bfa841-815f-4250-8019-51d1d61cae1e,2025-09-11 02:00:00,2025-09-11 02:30:00
TRIP-16db46-0,16db4636-621f-4b14-9307-cd0872f8e49b,2025-09-11 00:00:00,2025-09-11 00:30:00
TRIP-16db46-1,16db4636-621f-4b14-9307-cd0872f8e49b,2025-09-11 01:00:00,2025-09-11 01:30:00
TRIP-16db46-2,16db4636-621f-4b14-9307-cd0872f8e49b,2025-09-11 02:00:00,2025-09-11 02:30:00
TRIP-efc2d1-0,efc2d156-0d66-4353-add4-0db648aca1c4,2025-09-11 00:00:00,2025-09-11 00:30:00
TRIP-efc2d1-1,efc2d156-0d66-4353-add4-0db648aca1c4,2025-09-11 01:00:00,2025-09-11 01:30:00
TRIP-efc2d1-2,efc2d156-0d66-4353-add4-0db648aca1c4,2025-09-11 02:00:00,2025-09-11 02:30:00
TRIP-cc14a9-0,cc14a95c-8498-4049-a588-c2243e5e7387,2025-09-11 00:00:00,2025-09-11 00:30:00
TRIP-cc14a9-1,cc14a95c-8498-4049-a588-c2243e5e7387,2025-09-11 01:00:00,2025-09-11 01:30:00
TRIP-cc14a9-2,cc14a95c-8498-4049-a588-c2243e5e7387,2025-09-11 02:00:00,2025-09-11 02:30:00
TRIP-51d4f2-0,51d4f234-73d8-4cd0-8ba9-91d03e3ac5d4,2025-09-11 00:00:00,2025-09-11 00:30:00
TRIP-51d4f2-1,51d4f234-73d8-4cd0-8ba9-91d03e3ac5d4,2025-09-11 01:00:00,2025-09-11 01:30:00
TRIP-51d4f2-2,51d4f234-73d8-4cd0-8ba9-91d03e3ac5d4,2025-09-11 02:00:00,2025-09-11 02:30:00
TRIP-0ab194-0,0ab19421-a76d-47ed-ae16-143e6fd55441,2025-09-11 00:00:00,2025-09-11 00:30:00
TRIP-0ab194-1,0ab19421-a76d-47ed-ae16-143e6fd55441,2025-09-11 01:00:00,2025-09-11 01:30:00
TRIP-0ab194-2,0ab19421-a76d-47ed-ae16-143e6fd55441,2025-09-11 02:00:00,2025-09-11 02:30:00
TRIP-2f514e-0,2f514e11-fcf5-45f8-b57f-f375a1383e5b,2025-09-11 00:00:00,2025-09-11 00:30:00
TRIP-2f514e-1,2f514e11-fcf5-45f8-b57f-f375a1383e5b,2025-09-11 01:00:00,2025-09-11 01:30:00
TRIP-2f514e-2,2f514e11-fcf5-45f8-b57f-f375a1383e5b,2025-09-11 02:00:00,2025-09-11 02:30:00
TRIP-c4c189-0,c4c18905-f881-4620-b0d4-36b2db16a3a2,2025-09-11 00:00:00,2025-09-11 00:30:00
TRIP-c4c189-1,c4c18905-f881-4620-b0d4-36b2db16a3a2,2025-09-11 01:00:00,2025-09-11 01:30:00
TRIP-c4c189-2,c4c18905-f881-4620-b0d4-36b2db16a3a2,2025-09-11 02:00:00,2025-09-11 02:30:00
TRIP-7e178e-0,7e178e45-cb65-433f-96be-1b239a291e46,2025-09-11 00:00:00,2025-09-11 00:30:00
TRIP-7e178e-1,7e178e45-cb65-433f-96be-1b239a291e46,2025-09-11 01:00:00,2025-09-11 01:30:00
TRIP-7e178e-2,7e178e45-cb65-433f-96be-1b239a291e46,2025-09-11 02:00:00,2025-09-11 02:30:00
TRIP-68a881-0,68a8812a-9549-4b2b-aa02-04186c4d9b16,2025-09-11 00:00:00,2025-09-11 00:30:00
TRIP-68a881-1,68a8812a-9549-4b2b-aa02-04186c4d9b16,2025-09-11 01:00:00,2025-09-11 01:30:00
TRIP-68a881-2,68a8812a-9549-4b2b-aa02-04186c4d9b16,2025-09-11 02:00:00,2025-09-11 02:30:00
TRIP-578c8a-0,578c8a09-45c3-4609-a46e-988633f51590,2025-09-11 00:00:00,2025-09-11 00:30:00
TRIP-578c8a-1,578c8a09-45c3-4609-a46e-988633f51590,2025-09-11 01:00:00,2025-09-11 01:30:00
TRIP-578c8a-2,578c8a09-45c3-4609-a46e-988633f51590,2025-09-11 02:00:00,2025-09-11 02:30:00
TRIP-2bb0a5-0,2bb0a543-1db6-49ae-9f8e-f984f44f7ada,2025-09-11 00:00:00,2025-09-11 00:30:00
TRIP-2bb0a5-1,2bb0a543-1db6-49ae-9f8e-f984f44f7ada,2025-09-11 01:00:00,2025-09-11 01:30:00
TRIP-2bb0a5-2,2bb0a543-1db6-49ae-9f8e-f984f44f7ada,2025-09-11 02:00:00,2025-09-11 02:30:00
TRIP-bd455e-0,bd455e35-4cd0-4ce4-a3a5-30870bbf5af9,2025-09-11 00:00:00,2025-09-11 00:30:00
TRIP-bd455e-1,bd455e35-4cd0-4ce4-a3a5-30870bbf5af9,2025-09-11 01:00:00,2025-09-11 01:30:00
TRIP-bd455e-2,bd455e35-4cd0-4ce4-a3a5-30870bbf5af9,2025-09-11 02:00:00,2025-09-11 02:30:00
TRIP-99dedb-0,99dedba7-c244-4597-9dac-5c8de9b7042c,2025-09-11 00:00:00,2025-09-11 00:30:00
TRIP-99dedb-1,99dedba7-c244-4597-9dac-5c8de9b7042c,2025-09-11 01:00:00,2025-09-11 01:30:00
TRIP-99dedb-2,99dedba7-c244-4597-9dac-5c8de9b7042c,2025-09-11 02:00:00,2025-09-11 02:30:00
TRIP-6ca513-0,6ca513d1-c597-41da-9d77-97b7af80af40,2025-09-11 00:00:00,2025-09-11 00:30:00
TRIP-6ca513-1,6ca513d1-c597-41da-9d77-97b7af80af40,2025-09-11 01:00:00,2025-09-11 01:30:00
TRIP-6ca513-2,6ca513d1-c597-41da-9d77-97b7af80af40,2025-09-11 02:00:00,2025-09-11 02:30:00
TRIP-e13b59-0,e13b5930-f82d-4997-a097-6d28148a01bc,2025-09-11 00:00:00,2025-09-11 00:30:00
TRIP-e13b59-1,e13b5930-f82d-4997-a097-6d28148a01bc,2025-09-11 01:00:00,2025-09-11 01:30:00
TRIP-e13b59-2,e13b5930-f82d-4997-a097-6d28148a01bc,2025-09-11 02:00:00,2025-09-11 02:30:00
TRIP-4710dd-0,4710ddd4-e2e5-4598-b516-8c7907aa9747,2025-09-11 00:00:00,2025-09-11 00:30:00
TRIP-4710dd-1,4710ddd4-e2e5-4598-b516-8c7907aa9747,2025-09-11 01:00:00,2025-09-11 01:30:00
TRIP-4710dd-2,4710ddd4-e2e5-4598-b516-8c7907aa9747,2025-09-11 02:00:00,2025-09-11 02:30:00
TRIP-7ba662-0,7ba662d6-9c45-4b32-b72d-2e2040474609,2025-09-11 00:00:00,2025-09-11 00:30:00
TRIP-7ba662-1,7ba662d6-9c45-4b32-b72d-2e2040474609,2025-09-11 01:00:00,2025-09-11 01:30:00
TRIP-7ba662-2,7ba662d6-9c45-4b32-b72d-2e2040474609,2025-09-11 02:00:00,2025-09-11 02:30:00
TRIP-64bad3-0,64bad30a-2ae7-4196-a85e-89a6571a36aa,2025-09-11 00:00:00,2025-09-11 00:30:00
TRIP-64bad3-1,64bad30a-2ae7-4196-a85e-89a6571a36aa,2025-09-11 01:00:00,2025-09-11 01:30:00
TRIP-64bad3-2,64bad30a-2ae7-4196-a85e-89a6571a36aa,2025-09-11 02:00:00,2025-09-11 02:30:00
TRIP-5ee0e5-0,5ee0e574-0e97-4380-ae58-667bf03690b0,2025-09-11 00:00:00,2025-09-11 00:30:00
TRIP-5ee0e5-1,5ee0e574-0e97-4380-ae58-667bf03690b0,2025-09-11 01:00:00,2025-09-11 01:30:00
TRIP-5ee0e5-2,5ee0e574-0e97-4380-ae58-667bf03690b0,2025-09-11 02:00:00,2025-09-11 02:30:00
TRIP-38e905-0,38e905c0-79cc-4bfc-889b-767f8c01e9b0,2025-09-11 00:00:00,2025-09-11 00:30:00
TRIP-38e905-1,38e905c0-79cc-4bfc-889b-767f8c01e9b0,2025-09-11 01:00:00,2025-09-11 01:30:00
TRIP-38e905-2,38e905c0-79cc-4bfc-889b-767f8c01e9b0,2025-09-11 02:00:00,2025-09-11 02:30:00
TRIP-4fbbd4-0,4fbbd46b-4424-46f1-9015-2ada49925ea8,2025-09-11 00:00:00,2025-09-11 00:30:00
TRIP-4fbbd4-1,4fbbd46b-4424-46f1-9015-2ada49925ea8,2025-09-11 01:00:00,2025-09-11 01:30:00
TRIP-4fbbd4-2,4fbbd46b-4424-46f1-9015-2ada49925ea8,2025-09-11 02:00:00,2025-09-11 02:30:00
TRIP-e506ac-0,e506ac82-4586-49bf-83dc-3a8c4ca975d1,2025-09-11 00:00:00,2025-09-11 00:30:00
TRIP-e506ac-1,e506ac82-4586-49bf-83dc-3a8c4ca975d1,2025-09-11 01:00:00,2025-09-11 01:30:00
TRIP-e506ac-2,e506ac82-4586-49bf-83dc-3a8c4ca975d1,2025-09-11 02:00:00,2025-09-11 02:30:00
TRIP-1b458e-0,1b458e52-ee1d-4069-9735-cf395574beb6,2025-09-11 00:00:00,2025-09-11 00:30:00
TRIP-1b458e-1,1b458e52-ee1d-4069-9735-cf395574beb6,2025-09-11 01:00:00,2025-09-11 01:30:00
TRIP-1b458e-2,1b458e52-ee1d-4069-9735-cf395574beb6,2025-09-11 02:00:00,2025-09-11 02:30:00
TRIP-1b7529-0,1b752933-5079-4fce-94cd-6abcd8fc1588,2025-09-11 00:00:00,2025-09-11 00:30:00
TRIP-1b7529-1,1b752933-5079-4fce-94cd-6abcd8fc1588,2025-09-11 01:00:00,2025-09-11 01:30:00
TRIP-1b7529-2,1b752933-5079-4fce-94cd-6abcd8fc1588,2025-09-11 02:00:00,2025-09-11 02:30:00
TRIP-ef864b-0,ef864b0b-62d9-4ec3-a6db-f9117cd24ad2,2025-09-11 00:00:00,2025-09-11 00:30:00
TRIP-ef864b-1,ef864b0b-62d9-4ec3-a6db-f9117cd24ad2,2025-09-11 01:00:00,2025-09-11 01:30:00
TRIP-ef864b-2,ef864b0b-62d9-4ec3-a6db-f9117cd24ad2,2025-09-11 02:00:00,2025-09-11 02:30:00
TRIP-2d790d-0,2d790d57-7f3f-4e87-8acc-e0869b869578,2025-09-11 00:00:00,2025-09-11 00:30:00
TRIP-2d790d-1,2d790d57-7f3f-4e87-8acc-e0869b869578,2025-09-11 01:00:00,2025-09-11 01:30:00
TRIP-2d790d-2,2d790d57-7f3f-4e87-8acc-e0869b869578,2025-09-11 02:00:00,2025-09-11 02:30:00
TRIP-e30e01-0,e30e01f7-39d4-4324-98ed-431dff73ce5f,2025-09-11 00:00:00,2025-09-11 00:30:00
TRIP-e30e01-1,e30e01f7-39d4-4324-98ed-431dff73ce5f,2025-09-11 01:00:00,2025-09-11 01:30:00
TRIP-e30e01-2,e30e01f7-39d4-4324-98ed-431dff73ce5f,2025-09-11 02:00:00,2025-09-11 02:30:00
TRIP-d0e006-0,d0e0065d-3f6f-4853-9ab7-cca1e4af0aae,2025-09-11 00:00:00,2025-09-11 00:30:00
TRIP-d0e006-1,d0e0065d-3f6f-4853-9ab7-cca1e4af0aae,2025-09-11 01:00:00,2025-09-11 01:30:00
TRIP-d0e006-2,d0e0065d-3f6f-4853-9ab7-cca1e4af0aae,2025-09-11 02:00:00,2025-09-11 02:30:00
TRIP-a96dff-0,a96dff98-78a2-407c-aef4-8135c9c9b7f3,2025-09-11 00:00:00,2025-09-11 00:30:00
TRIP-a96dff-1,a96dff98-78a2-407c-aef4-8135c9c9b7f3,2025-09-11 01:00:00,2025-09-11 01:30:00
TRIP-a96dff-2,a96dff98-78a2-407c-aef4-8135c9c9b7f3,2025-09-11 02:00:00,2025-09-11 02:30:00
TRIP-8a3869-0,8a3869b3-73da-4e65-9510-dfb63712d5eb,2025-09-11 00:00:00,2025-09-11 00:30:00
TRIP-8a3869-1,8a3869b3-73da-4e65-9510-dfb63712d5eb,2025-09-11 01:00:00,2025-09-11 01:30:00
TRIP-8a3869-2,8a3869b3-73da-4e65-9510-dfb63712d5eb,2025-09-11 02:00:00,2025-09-11 02:30:00
TRIP-f327a6-0,f327a68d-d98f-44f4-9586-6a15b3a0cdef,2025-09-11 00:00:00,2025-09-11 00:30:00
TRIP-f327a6-1,f327a68d-d98f-44f4-9586-6a15b3a0cdef,2025-09-11 01:00:00,2025-09-11 01:30:00
TRIP-f327a6-2,f327a68d-d98f-44f4-9586-6a15b3a0cdef,2025-09-11 02:00:00,2025-09-11 02:30:00
TRIP-98899c-0,98899c59-58d5-433e-abc2-4da36ab55e18,2025-09-11 00:00:00,2025-09-11 00:30:00
TRIP-98899c-1,98899c59-58d5-433e-abc2-4da36ab55e18,2025-09-11 01:00:00,2025-09-11 01:30:00
TRIP-98899c-2,98899c59-58d5-433e-abc2-4da36ab55e18,2025-09-11 02:00:00,2025-09-11 02:30:00
TRIP-2d21b8-0,2d21b8bd-1ba5-4630-af17-194cea32756f,2025-09-11 00:00:00,2025-09-11 00:30:00
TRIP-2d21b8-1,2d21b8bd-1ba5-4630-af17-194cea32756f,2025-09-11 01:00:00,2025-09-11 01:30:00
TRIP-2d21b8-2,2d21b8bd-1ba5-4630-af17-194cea32756f,2025-09-11 02:00:00,2025-09-11 02:30:00
TRIP-f65250-0,f652504e-fbcd-48b8-b2c6-9a4e884c69aa,2025-09-11 00:00:00,2025-09-11 00:30:00
TRIP-f65250-1,f652504e-fbcd-48b8-b2c6-9a4e884c69aa,2025-09-11 01:00:00,2025-09-11 01:30:00
TRIP-f65250-2,f652504e-fbcd-48b8-b2c6-9a4e884c69aa,2025-09-11 02:00:00,2025-09-11 02:30:00
TRIP-beb325-0,beb32545-6490-4409-9081-b0506be4a1e0,2025-09-11 00:00:00,2025-09-11 00:30:00
TRIP-beb325-1,beb32545-6490-4409-9081-b0506be4a1e0,2025-09-11 01:00:00,2025-09-11 01:30:00
TRIP-beb325-2,beb32545-6490-4409-9081-b0506be4a1e0,2025-09-11 02:00:00,2025-09-11 02:30:00
TRIP-3a1d1a-0,3a1d1aa5-9432-4910-9245-53a4a8549d22,2025-09-11 00:00:00,2025-09-11 00:30:00
TRIP-3a1d1a-1,3a1d1aa5-9432-4910-9245-53a4a8549d22,2025-09-11 01:00:00,2025-09-11 01:30:00
TRIP-3a1d1a-2,3a1d1aa5-9432-4910-9245-53a4a8549d22,2025-09-11 02:00:00,2025-09-11 02:30:00
TRIP-1863ed-0,1863ed15-1d1d-4513-a462-0fa8b4b11772,2025-09-11 00:00:00,2025-09-11 00:30:00
TRIP-1863ed-1,1863ed15-1d1d-4513-a462-0fa8b4b11772,2025-09-11 01:00:00,2025-09-11 01:30:00
TRIP-1863ed-2,1863ed15-1d1d-4513-a462-0fa8b4b11772,2025-09-11 02:00:00,2025-09-11 02:30:00
TRIP-373030-0,3730307e-8abb-4f84-894f-ebe11514184c,2025-09-11 00:00:00,2025-09-11 00:30:00
TRIP-373030-1,3730307e-8abb-4f84-894f-ebe11514184c,2025-09-11 01:00:00,2025-09-11 01:30:00
TRIP-373030-2,3730307e-8abb-4f84-894f-ebe11514184c,2025-09-11 02:00:00,2025-09-11 02:30:00
TRIP-03256d-0,03256d34-542b-4a25-b30b-5df6ab86920a,2025-09-11 00:00:00,2025-09-11 00:30:00
TRIP-03256d-1,03256d34-542b-4a25-b30b-5df6ab86920a,2025-09-11 01:00:00,2025-09-11 01:30:00
TRIP-03256d-2,03256d34-542b-4a25-b30b-5df6ab86920a,2025-09-11 02:00:00,2025-09-11 02:30:00
TRIP-8cc82a-0,8cc82a2f-6a78-4637-83e8-92771b799fb7,2025-09-11 00:00:00,2025-09-11 00:30:00
TRIP-8cc82a-1,8cc82a2f-6a78-4637-83e8-92771b799fb7,2025-09-11 01:00:00,2025-09-11 01:30:00
TRIP-8cc82a-2,8cc82a2f-6a78-4637-83e8-92771b799fb7,2025-09-11 02:00:00,2025-09-11 02:30:00
TRIP-a379ea-0,a379eaf4-6775-45f8-a9cf-564b6412daca,2025-09-11 00:00:00,2025-09-11 00:30:00
TRIP-a379ea-1,a379eaf4-6775-45f8-a9cf-564b6412daca,2025-09-11 01:00:00,2025-09-11 01:30:00
TRIP-a379ea-2,a379eaf4-6775-45f8-a9cf-564b6412daca,2025-09-11 02:00:00,2025-09-11 02:30:00
TRIP-0a17c9-0,0a17c977-e0d1-4d78-a3eb-948e4e5a4679,2025-09-11 00:00:00,2025-09-11 00:30:00
TRIP-0a17c9-1,0a17c977-e0d1-4d78-a3eb-948e4e5a4679,2025-09-11 01:00:00,2025-09-11 01:30:00
TRIP-0a17c9-2,0a17c977-e0d1-4d78-a3eb-948e4e5a4679,2025-09-11 02:00:00,2025-09-11 02:30:00
TRIP-2a370b-0,2a370bbd-53f7-413e-8345-36aaa6e2d86a,2025-09-11 00:00:00,2025-09-11 00:30:00
TRIP-2a370b-1,2a370bbd-53f7-413e-8345-36aaa6e2d86a,2025-09-11 01:00:00,2025-09-11 01:30:00
TRIP-2a370b-2,2a370bbd-53f7-413e-8345-36aaa6e2d86a,2025-09-11 02:00:00,2025-09-11 02:30:00
TRIP-b04092-0,b0409262-7d2b-4aea-9285-3284e8c03204,2025-09-11 00:00:00,2025-09-11 00:30:00
TRIP-b04092-1,b0409262-7d2b-4aea-9285-3284e8c03204,2025-09-11 01:00:00,2025-09-11 01:30:00
TRIP-b04092-2,b0409262-7d2b-4aea-9285-3284e8c03204,2025-09-11 02:00:00,2025-09-11 02:30:00
TRIP-e2c223-0,e2c22377-77ff-438a-8100-9836c61b9075,2025-09-11 00:00:00,2025-09-11 00:30:00
TRIP-e2c223-1,e2c22377-77ff-438a-8100-9836c61b9075,2025-09-11 01:00:00,2025-09-11 01:30:00
TRIP-e2c223-2,e2c22377-77ff-438a-8100-9836c61b9075,2025-09-11 02:00:00,2025-09-11 02:30:00
TRIP-4b309d-0,4b309dc8-f22e-484b-a762-3759513970fb,2025-09-11 00:00:00,2025-09-11 00:30:00
TRIP-4b309d-1,4b309dc8-f22e-484b-a762-3759513970fb,2025-09-11 01:00:00,2025-09-11 01:30:00
TRIP-4b309d-2,4b309dc8-f22e-484b-a762-3759513970fb,2025-09-11 02:00:00,2025-09-11 02:30:00
TRIP-bdd69a-0,bdd69a4d-63f5-441f-8a8b-d53fcd33f0e1,2025-09-11 00:00:00,2025-09-11 00:30:00
TRIP-bdd69a-1,bdd69a4d-63f5-441f-8a8b-d53fcd33f0e1,2025-09-11 01:00:00,2025-09-11 01:30:00
TRIP-bdd69a-2,bdd69a4d-63f5-441f-8a8b-d53fcd33f0e1,2025-09-11 02:00:00,2025-09-11 02:30:00
TRIP-86efb7-0,86efb78f-410d-4308-9ae5-500012ac8e5d,2025-09-11 00:00:00,2025-09-11 00:30:00
TRIP-86efb7-1,86efb78f-410d-4308-9ae5-500012ac8e5d,2025-09-11 01:00:00,2025-09-11 01:30:00
TRIP-86efb7-2,86efb78f-410d-4308-9ae5-500012ac8e5d,2025-09-11 02:00:00,2025-09-11 02:30:00
TRIP-52e662-0,52e662a6-6848-40d6-895f-f5c4b51f7d8d,2025-09-11 00:00:00,2025-09-11 00:30:00
TRIP-52e662-1,52e662a6-6848-40d6-895f-f5c4b51f7d8d,2025-09-11 01:00:00,2025-09-11 01:30:00
TRIP-52e662-2,52e662a6-6848-40d6-895f-f5c4b51f7d8d,2025-09-11 02:00:00,2025-09-11 02:30:00
TRIP-5036eb-0,5036ebbb-cbf2-41b7-9f94-97a2f074eb18,2025-09-11 00:00:00,2025-09-11 00:30:00
TRIP-5036eb-1,5036ebbb-cbf2-41b7-9f94-97a2f074eb18,2025-09-11 01:00:00,2025-09-11 01:30:00
TRIP-5036eb-2,5036ebbb-cbf2-41b7-9f94-97a2f074eb18,2025-09-11 02:00:00,2025-09-11 02:30:00
TRIP-f26a94-0,f26a946a-f7ac-437b-b39b-d512eaf73062,2025-09-11 00:00:00,2025-09-11 00:30:00
TRIP-f26a94-1,f26a946a-f7ac-437b-b39b-d512eaf73062,2025-09-11 01:00:00,2025-09-11 01:30:00
TRIP-f26a94-2,f26a946a-f7ac-437b-b39b-d512eaf73062,2025-09-11 02:00:00,2025-09-11 02:30:00
TRIP-0314f2-0,0314f29d-b8ca-4871-aab4-289dfe3889bc,2025-09-11 00:00:00,2025-09-11 00:30:00
TRIP-0314f2-1,0314f29d-b8ca-4871-aab4-289dfe3889bc,2025-09-11 01:00:00,2025-09-11 01:30:00
TRIP-0314f2-2,0314f29d-b8ca-4871-aab4-289dfe3889bc,2025-09-11 02:00:00,2025-09-11 02:30:00
TRIP-0f2e58-0,0f2e58d4-7160-4c0b-a070-7a1c25c651dc,2025-09-11 00:00:00,2025-09-11 00:30:00
TRIP-0f2e58-1,0f2e58d4-7160-4c0b-a070-7a1c25c651dc,2025-09-11 01:00:00,2025-09-11 01:30:00
TRIP-0f2e58-2,0f2e58d4-7160-4c0b-a070-7a1c25c651dc,2025-09-11 02:00:00,2025-09-11 02:30:00
TRIP-b9f7a2-0,b9f7a279-ad01-42f6-8374-0f90fa6fbc93,2025-09-11 00:00:00,2025-09-11 00:30:00
TRIP-b9f7a2-1,b9f7a279-ad01-42f6-8374-0f90fa6fbc93,2025-09-11 01:00:00,2025-09-11 01:30:00
TRIP-b9f7a2-2,b9f7a279-ad01-42f6-8374-0f90fa6fbc93,2025-09-11 02:00:00,2025-09-11 02:30:00
TRIP-077e99-0,077e99d3-bd66-43f7-9615-4f3c3e608c96,2025-09-11 00:00:00,2025-09-11 00:30:00
TRIP-077e99-1,077e99d3-bd66-43f7-9615-4f3c3e608c96,2025-09-11 01:00:00,2025-09-11 01:30:00
TRIP-077e99-2,077e99d3-bd66-43f7-9615-4f3c3e608c96,2025-09-11 02:00:00,2025-09-11 02:30:00
TRIP-d3e19e-0,d3e19e35-84dc-448c-ae2a-e5772a3689ca,2025-09-11 00:00:00,2025-09-11 00:30:00
TRIP-d3e19e-1,d3e19e35-84dc-448c-ae2a-e5772a3689ca,2025-09-11 01:00:00,2025-09-11 01:30:00
TRIP-d3e19e-2,d3e19e35-84dc-448c-ae2a-e5772a3689ca,2025-09-11 02:00:00,2025-09-11 02:30:00
TRIP-e6bfed-0,e6bfeda1-e3b7-4cb7-ad71-a150258e13e9,2025-09-11 00:00:00,2025-09-11 00:30:00
TRIP-e6bfed-1,e6bfeda1-e3b7-4cb7-ad71-a150258e13e9,2025-09-11 01:00:00,2025-09-11 01:30:00
TRIP-e6bfed-2,e6bfeda1-e3b7-4cb7-ad71-a150258e13e9,2025-09-11 02:00:00,2025-09-11 02:30:00
TRIP-34b738-0,34b7385a-a03c-46e2-84ca-2dfef59ca398,2025-09-11 00:00:00,2025-09-11 00:30:00
TRIP-34b738-1,34b7385a-a03c-46e2-84ca-2dfef59ca398,2025-09-11 01:00:00,2025-09-11 01:30:00
TRIP-34b738-2,34b7385a-a03c-46e2-84ca-2dfef59ca398,2025-09-11 02:00:00,2025-09-11 02:30:00
TRIP-c576d8-0,c576d878-b679-4445-a834-e5c84f7a6fc8,2025-09-11 00:00:00,2025-09-11 00:30:00
TRIP-c576d8-1,c576d878-b679-4445-a834-e5c84f7a6fc8,2025-09-11 01:00:00,2025-09-11 01:30:00
TRIP-c576d8-2,c576d878-b679-4445-a834-e5c84f7a6fc8,2025-09-11 02:00:00,2025-09-11 02:30:00
TRIP-5c19c0-0,5c19c0f3-9b6a-4a16-a7ed-4f58236bf2be,2025-09-11 00:00:00,2025-09-11 00:30:00
TRIP-5c19c0-1,5c19c0f3-9b6a-4a16-a7ed-4f58236bf2be,2025-09-11 01:00:00,2025-09-11 01:30:00
TRIP-5c19c0-2,5c19c0f3-9b6a-4a16-a7ed-4f58236bf2be,2025-09-11 02:00:00,2025-09-11 02:30:00
TRIP-7eb4e6-0,7eb4e65b-ea35-471a-ab2a-52351901188e,2025-09-11 00:00:00,2025-09-11 00:30:00
TRIP-7eb4e6-1,7eb4e65b-ea35-471a-ab2a-52351901188e,2025-09-11 01:00:00,2025-09-11 01:30:00
TRIP-7eb4e6-2,7eb4e65b-ea35-471a-ab2a-52351901188e,2025-09-11 02:00:00,2025-09-11 02:30:00
TRIP-463100-0,46310028-63a2-49ae-812b-19622e61ba07,2025-09-11 00:00:00,2025-09-11 00:30:00
TRIP-463100-1,46310028-63a2-49ae-812b-19622e61ba07,2025-09-11 01:00:00,2025-09-11 01:30:00
TRIP-463100-2,46310028-63a2-49ae-812b-19622e61ba07,2025-09-11 02:00:00,2025-09-11 02:30:00
TRIP-839474-0,839474c2-72c1-4a5d-a0d0-ff9b5b185cac,2025-09-11 00:00:00,2025-09-11 00:30:00
TRIP-839474-1,839474c2-72c1-4a5d-a0d0-ff9b5b185cac,2025-09-11 01:00:00,2025-09-11 01:30:00
TRIP-839474-2,839474c2-72c1-4a5d-a0d0-ff9b5b185cac,2025-09-11 02:00:00,2025-09-11 02:30:00
TRIP-da5f72-0,da5f724d-5ac1-47a4-8f0e-8890ea14393e,2025-09-11 00:00:00,2025-09-11 00:30:00
TRIP-da5f72-1,da5f724d-5ac1-47a4-8f0e-8890ea14393e,2025-09-11 01:00:00,2025-09-11 01:30:00
TRIP-da5f72-2,da5f724d-5ac1-47a4-8f0e-8890ea14393e,2025-09-11 02:00:00,2025-09-11 02:30:00
TRIP-035d17-0,035d17e2-282d-443a-baf8-a3c77cf54faa,2025-09-11 00:00:00,2025-09-11 00:30:00
TRIP-035d17-1,035d17e2-282d-443a-baf8-a3c77cf54faa,2025-09-11 01:00:00,2025-09-11 01:30:00
TRIP-035d17-2,035d17e2-282d-443a-baf8-a3c77cf54faa,2025-09-11 02:00:00,2025-09-11 02:30:00
TRIP-9450ea-0,9450eaea-253d-42e4-9e31-e270ffa3d0f1,2025-09-11 00:00:00,2025-09-11 00:30:00
TRIP-9450ea-1,9450eaea-253d-42e4-9e31-e270ffa3d0f1,2025-09-11 01:00:00,2025-09-11 01:30:00
TRIP-9450ea-2,9450eaea-253d-42e4-9e31-e270ffa3d0f1,2025-09-11 02:00:00,2025-09-11 02:30:00
TRIP-258f5f-0,258f5f33-d884-4f3c-86f5-de9f20ce665d,2025-09-11 00:00:00,2025-09-11 00:30:00
TRIP-258f5f-1,258f5f33-d884-4f3c-86f5-de9f20ce665d,2025-09-11 01:00:00,2025-09-11 01:30:00
TRIP-258f5f-2,258f5f33-d884-4f3c-86f5-de9f20ce665d,2025-09-11 02:00:00,2025-09-11 02:30:00
TRIP-b162eb-0,b162eb5c-be7f-44b4-a501-c212925ef183,2025-09-11 00:00:00,2025-09-11 00:30:00
TRIP-b162eb-1,b162eb5c-be7f-44b4-a501-c212925ef183,2025-09-11 01:00:00,2025-09-11 01:30:00
TRIP-b162eb-2,b162eb5c-be7f-44b4-a501-c212925ef183,2025-09-11 02:00:00,2025-09-11 02:30:00
TRIP-66431a-0,66431abb-30f9-4678-91f2-97b94295464c,2025-09-11 00:00:00,2025-09-11 00:30:00
TRIP-66431a-1,66431abb-30f9-4678-91f2-97b94295464c,2025-09-11 01:00:00,2025-09-11 01:30:00
TRIP-66431a-2,66431abb-30f9-4678-91f2-97b94295464c,2025-09-11 02:00:00,2025-09-11 02:30:00
TRIP-2deb8c-0,2deb8c74-5fad-4814-b709-c2f8788a2996,2025-09-11 00:00:00,2025-09-11 00:30:00
TRIP-2deb8c-1,2deb8c74-5fad-4814-b709-c2f8788a2996,2025-09-11 01:00:00,2025-09-11 01:30:00
TRIP-2deb8c-2,2deb8c74-5fad-4814-b709-c2f8788a2996,2025-09-11 02:00:00,2025-09-11 02:30:00
TRIP-6370ff-0,6370ff8b-14c8-49de-89c8-13ef0deca5f0,2025-09-11 00:00:00,2025-09-11 00:30:00
TRIP-6370ff-1,6370ff8b-14c8-49de-89c8-13ef0deca5f0,2025-09-11 01:00:00,2025-09-11 01:30:00
TRIP-6370ff-2,6370ff8b-14c8-49de-89c8-13ef0deca5f0,2025-09-11 02:00:00,2025-09-11 02:30:00
TRIP-2fb812-0,2fb8122e-6bd1-4049-aa9e-e1423739a846,2025-09-11 00:00:00,2025-09-11 00:30:00
TRIP-2fb812-1,2fb8122e-6bd1-4049-aa9e-e1423739a846,2025-09-11 01:00:00,2025-09-11 01:30:00
TRIP-2fb812-2,2fb8122e-6bd1-4049-aa9e-e1423739a846,2025-09-11 02:00:00,2025-09-11 02:30:00
TRIP-bd40ee-0,bd40eed9-3c82-47c0-863c-3356e01e1537,2025-09-11 00:00:00,2025-09-11 00:30:00
TRIP-bd40ee-1,bd40eed9-3c82-47c0-863c-3356e01e1537,2025-09-11 01:00:00,2025-09-11 01:30:00
TRIP-bd40ee-2,bd40eed9-3c82-47c0-863c-3356e01e1537,2025-09-11 02:00:00,2025-09-11 02:30:00
TRIP-3e8855-0,3e885548-039b-4827-99cd-c3c1f3888108,2025-09-11 00:00:00,2025-09-11 00:30:00
TRIP-3e8855-1,3e885548-039b-4827-99cd-c3c1f3888108,2025-09-11 01:00:00,2025-09-11 01:30:00
TRIP-3e8855-2,3e885548-039b-4827-99cd-c3c1f3888108,2025-09-11 02:00:00,2025-09-11 02:30:00
TRIP-0391ba-0,0391ba2a-fab1-42ee-85ac-b46905d47de2,2025-09-11 00:00:00,2025-09-11 00:30:00
TRIP-0391ba-1,0391ba2a-fab1-42ee-85ac-b46905d47de2,2025-09-11 01:00:00,2025-09-11 01:30:00
TRIP-0391ba-2,0391ba2a-fab1-42ee-85ac-b46905d47de2,2025-09-11 02:00:00,2025-09-11 02:30:00
TRIP-ff7f17-0,ff7f17e7-f085-4761-9dac-2cf84dfee165,2025-09-11 00:00:00,2025-09-11 00:30:00
TRIP-ff7f17-1,ff7f17e7-f085-4761-9dac-2cf84dfee165,2025-09-11 01:00:00,2025-09-11 01:30:00
TRIP-ff7f17-2,ff7f17e7-f085-4761-9dac-2cf84dfee165,2025-09-11 02:00:00,2025-09-11 02:30:00
TRIP-44370a-0,44370a91-5242-4d32-8d37-449ad650909c,2025-09-11 00:00:00,2025-09-11 00:30:00
TRIP-44370a-1,44370a91-5242-4d32-8d37-449ad650909c,2025-09-11 01:00:00,2025-09-11 01:30:00
TRIP-44370a-2,44370a91-5242-4d32-8d37-449ad650909c,2025-09-11 02:00:00,2025-09-11 02:30:00
TRIP-ff8963-0,ff89634e-8c1f-41e3-976f-969435f29eb4,2025-09-11 00:00:00,2025-09-11 00:30:00
TRIP-ff8963-1,ff89634e-8c1f-41e3-976f-969435f29eb4,2025-09-11 01:00:00,2025-09-11 01:30:00
TRIP-ff8963-2,ff89634e-8c1f-41e3-976f-969435f29eb4,2025-09-11 02:00:00,2025-09-11 02:30:00
TRIP-861a06-0,861a06b9-0d5c-4f97-a7b1-e3a7cc79d954,2025-09-11 00:00:00,2025-09-11 00:30:00
TRIP-861a06-1,861a06b9-0d5c-4f97-a7b1-e3a7cc79d954,2025-09-11 01:00:00,2025-09-11 01:30:00
TRIP-861a06-2,861a06b9-0d5c-4f97-a7b1-e3a7cc79d954,2025-09-11 02:00:00,2025-09-11 02:30:00
TRIP-3a7cc4-0,3a7cc497-c14b-49d7-9138-76c66e5dabf6,2025-09-11 00:00:00,2025-09-11 00:30:00
TRIP-3a7cc4-1,3a7cc497-c14b-49d7-9138-76c66e5dabf6,2025-09-11 01:00:00,2025-09-11 01:30:00
TRIP-3a7cc4-2,3a7cc497-c14b-49d7-9138-76c66e5dabf6,2025-09-11 02:00:00,2025-09-11 02:30:00
TRIP-c326c4-0,c326c4ee-c3f9-4c30-8b54-0e37ac798dd7,2025-09-11 00:00:00,2025-09-11 00:30:00
TRIP-c326c4-1,c326c4ee-c3f9-4c30-8b54-0e37ac798dd7,2025-09-11 01:00:00,2025-09-11 01:30:00
TRIP-c326c4-2,c326c4ee-c3f9-4c30-8b54-0e37ac798dd7,2025-09-11 02:00:00,2025-09-11 02:30:00
TRIP-3d03f9-0,3d03f92b-4fc6-4d81-bb90-601bf440f2ec,2025-09-11 00:00:00,2025-09-11 00:30:00
TRIP-3d03f9-1,3d03f92b-4fc6-4d81-bb90-601bf440f2ec,2025-09-11 01:00:00,2025-09-11 01:30:00
TRIP-3d03f9-2,3d03f92b-4fc6-4d81-bb90-601bf440f2ec,2025-09-11 02:00:00,2025-09-11 02:30:00
TRIP-3c1f8f-0,3c1f8fcd-26fd-4f4d-ac1b-cb0c7803e8a4,2025-09-11 00:00:00,2025-09-11 00:30:00
TRIP-3c1f8f-1,3c1f8fcd-26fd-4f4d-ac1b-cb0c7803e8a4,2025-09-11 01:00:00,2025-09-11 01:30:00
TRIP-3c1f8f-2,3c1f8fcd-26fd-4f4d-ac1b-cb0c7803e8a4,2025-09-11 02:00:00,2025-09-11 02:30:00
TRIP-2fa063-0,2fa06339-afb2-49ac-852a-0ff9adbff7d6,2025-09-11 00:00:00,2025-09-11 00:30:00
TRIP-2fa063-1,2fa06339-afb2-49ac-852a-0ff9adbff7d6,2025-09-11 01:00:00,2025-09-11 01:30:00
TRIP-2fa063-2,2fa06339-afb2-49ac-852a-0ff9adbff7d6,2025-09-11 02:00:00,2025-09-11 02:30:00
TRIP-38c773-0,38c773c1-1bf4-468b-9a49-9a4310fc1d6f,2025-09-11 00:00:00,2025-09-11 00:30:00
TRIP-38c773-1,38c773c1-1bf4-468b-9a49-9a4310fc1d6f,2025-09-11 01:00:00,2025-09-11 01:30:00
TRIP-38c773-2,38c773c1-1bf4-468b-9a49-9a4310fc1d6f,2025-09-11 02:00:00,2025-09-11 02:30:00
TRIP-25d5f9-0,25d5f94f-716b-4436-a016-ea1a33e605ae,2025-09-11 00:00:00,2025-09-11 00:30:00
TRIP-25d5f9-1,25d5f94f-716b-4436-a016-ea1a33e605ae,2025-09-11 01:00:00,2025-09-11 01:30:00
TRIP-25d5f9-2,25d5f94f-716b-4436-a016-ea1a33e605ae,2025-09-11 02:00:00,2025-09-11 02:30:00
TRIP-a75d96-0,a75d9602-579c-4f30-93c2-41ba5bfbd7bd,2025-09-11 00:00:00,2025-09-11 00:30:00
TRIP-a75d96-1,a75d9602-579c-4f30-93c2-41ba5bfbd7bd,2025-09-11 01:00:00,2025-09-11 01:30:00
TRIP-a75d96-2,a75d9602-579c-4f30-93c2-41ba5bfbd7bd,2025-09-11 02:00:00,2025-09-11 02:30:00
TRIP-30c996-0,30c99640-3322-4e42-b3e9-67eebe3902b9,2025-09-11 00:00:00,2025-09-11 00:30:00
TRIP-30c996-1,30c99640-3322-4e42-b3e9-67eebe3902b9,2025-09-11 01:00:00,2025-09-11 01:30:00
TRIP-30c996-2,30c99640-3322-4e42-b3e9-67eebe3902b9,2025-09-11 02:00:00,2025-09-11 02:30:00
TRIP-182508-0,18250854-857c-43f6-96a4-183ee41e0e70,2025-09-11 00:00:00,2025-09-11 00:30:00
TRIP-182508-1,18250854-857c-43f6-96a4-183ee41e0e70,2025-09-11 01:00:00,2025-09-11 01:30:00
TRIP-182508-2,18250854-857c-43f6-96a4-183ee41e0e70,2025-09-11 02:00:00,2025-09-11 02:30:00
TRIP-36dcc8-0,36dcc893-82d8-487a-acec-4541df60da71,2025-09-11 00:00:00,2025-09-11 00:30:00
TRIP-36dcc8-1,36dcc893-82d8-487a-acec-4541df60da71,2025-09-11 01:00:00,2025-09-11 01:30:00
TRIP-36dcc8-2,36dcc893-82d8-487a-acec-4541df60da71,2025-09-11 02:00:00,2025-09-11 02:30:00
TRIP-5832a4-0,5832a43c-1be0-480e-9ac6-c761edecb2f7,2025-09-11 00:00:00,2025-09-11 00:30:00
TRIP-5832a4-1,5832a43c-1be0-480e-9ac6-c761edecb2f7,2025-09-11 01:00:00,2025-09-11 01:30:00
TRIP-5832a4-2,5832a43c-1be0-480e-9ac6-c761edecb2f7,2025-09-11 02:00:00,2025-09-11 02:30:00
TRIP-44e1c5-0,44e1c518-6aca-45b7-8f51-121a252c1e07,2025-09-11 00:00:00,2025-09-11 00:30:00
TRIP-44e1c5-1,44e1c518-6aca-45b7-8f51-121a252c1e07,2025-09-11 01:00:00,2025-09-11 01:30:00
TRIP-44e1c5-2,44e1c518-6aca-45b7-8f51-121a252c1e07,2025-09-11 02:00:00,2025-09-11 02:30:00
TRIP-840f1b-0,840f1b25-815c-4c4b-9ba4-c791c715d8ed,2025-09-11 00:00:00,2025-09-11 00:30:00
TRIP-840f1b-1,840f1b25-815c-4c4b-9ba4-c791c715d8ed,2025-09-11 01:00:00,2025-09-11 01:30:00
TRIP-840f1b-2,840f1b25-815c-4c4b-9ba4-c791c715d8ed,2025-09-11 02:00:00,2025-09-11 02:30:00
TRIP-73f78c-0,73f78c2b-7b0b-4a39-b41e-36a7baea61e8,2025-09-11 00:00:00,2025-09-11 00:30:00
TRIP-73f78c-1,73f78c2b-7b0b-4a39-b41e-36a7baea61e8,2025-09-11 01:00:00,2025-09-11 01:30:00
TRIP-73f78c-2,73f78c2b-7b0b-4a39-b41e-36a7baea61e8,2025-09-11 02:00:00,2025-09-11 02:30:00
TRIP-9d8dee-0,9d8deec0-790d-4f0f-be72-662ef6761354,2025-09-11 00:00:00,2025-09-11 00:30:00
TRIP-9d8dee-1,9d8deec0-790d-4f0f-be72-662ef6761354,2025-09-11 01:00:00,2025-09-11 01:30:00
TRIP-9d8dee-2,9d8deec0-790d-4f0f-be72-662ef6761354,2025-09-11 02:00:00,2025-09-11 02:30:00
TRIP-5e2b5c-0,5e2b5cc6-435a-49f2-a688-73002212c984,2025-09-11 00:00:00,2025-09-11 00:30:00
TRIP-5e2b5c-1,5e2b5cc6-435a-49f2-a688-73002212c984,2025-09-11 01:00:00,2025-09-11 01:30:00
TRIP-5e2b5c-2,5e2b5cc6-435a-49f2-a688-73002212c984,2025-09-11 02:00:00,2025-09-11 02:30:00
TRIP-429431-0,42943112-0d9f-4763-a200-db10c7f5e1aa,2025-09-11 00:00:00,2025-09-11 00:30:00
TRIP-429431-1,42943112-0d9f-4763-a200-db10c7f5e1aa,2025-09-11 01:00:00,2025-09-11 01:30:00
TRIP-429431-2,42943112-0d9f-4763-a200-db10c7f5e1aa,2025-09-11 02:00:00,2025-09-11 02:30:00
TRIP-6c9419-0,6c9419a6-dcab-48d0-bdce-6fc372734f30,2025-09-11 00:00:00,2025-09-11 00:30:00
TRIP-6c9419-1,6c9419a6-dcab-48d0-bdce-6fc372734f30,2025-09-11 01:00:00,2025-09-11 01:30:00
TRIP-6c9419-2,6c9419a6-dcab-48d0-bdce-6fc372734f30,2025-09-11 02:00:00,2025-09-11 02:30:00
TRIP-c93dac-0,c93dacf1-1e97-42e1-9ea7-c5d5d020ef05,2025-09-11 00:00:00,2025-09-11 00:30:00
TRIP-c93dac-1,c93dacf1-1e97-42e1-9ea7-c5d5d020ef05,2025-09-11 01:00:00,2025-09-11 01:30:00
TRIP-c93dac-2,c93dacf1-1e97-42e1-9ea7-c5d5d020ef05,2025-09-11 02:00:00,2025-09-11 02:30:00
TRIP-91d70c-0,91d70c24-71fa-4443-9a17-067d73a490a5,2025-09-11 00:00:00,2025-09-11 00:30:00
TRIP-91d70c-1,91d70c24-71fa-4443-9a17-067d73a490a5,2025-09-11 01:00:00,2025-09-11 01:30:00
TRIP-91d70c-2,91d70c24-71fa-4443-9a17-067d73a490a5,2025-09-11 02:00:00,2025-09-11 02:30:00
TRIP-ccbe8c-0,ccbe8c85-fedb-4b3c-b60e-3de9dbee0463,2025-09-11 00:00:00,2025-09-11 00:30:00
TRIP-ccbe8c-1,ccbe8c85-fedb-4b3c-b60e-3de9dbee0463,2025-09-11 01:00:00,2025-09-11 01:30:00
TRIP-ccbe8c-2,ccbe8c85-fedb-4b3c-b60e-3de9dbee0463,2025-09-11 02:00:00,2025-09-11 02:30:00
TRIP-cd864f-0,cd864f10-f524-4718-9794-e9d23600abda,2025-09-11 00:00:00,2025-09-11 00:30:00
TRIP-cd864f-1,cd864f10-f524-4718-9794-e9d23600abda,2025-09-11 01:00:00,2025-09-11 01:30:00
TRIP-cd864f-2,cd864f10-f524-4718-9794-e9d23600abda,2025-09-11 02:00:00,2025-09-11 02:30:00
TRIP-a4b94d-0,a4b94d11-6f54-4819-ba14-d250895ac2b4,2025-09-11 00:00:00,2025-09-11 00:30:00
TRIP-a4b94d-1,a4b94d11-6f54-4819-ba14-d250895ac2b4,2025-09-11 01:00:00,2025-09-11 01:30:00
TRIP-a4b94d-2,a4b94d11-6f54-4819-ba14-d250895ac2b4,2025-09-11 02:00:00,2025-09-11 02:30:00
TRIP-a5b828-0,a5b8289b-d7c0-41f0-a9d1-32af6b84891a,2025-09-11 00:00:00,2025-09-11 00:30:00
TRIP-a5b828-1,a5b8289b-d7c0-41f0-a9d1-32af6b84891a,2025-09-11 01:00:00,2025-09-11 01:30:00
TRIP-a5b828-2,a5b8289b-d7c0-41f0-a9d1-32af6b84891a,2025-09-11 02:00:00,2025-09-11 02:30:00
TRIP-87ef9f-0,87ef9f85-ae3e-4c24-a232-d153c90cb256,2025-09-11 00:00:00,2025-09-11 00:30:00
TRIP-87ef9f-1,87ef9f85-ae3e-4c24-a232-d153c90cb256,2025-09-11 01:00:00,2025-09-11 01:30:00
TRIP-87ef9f-2,87ef9f85-ae3e-4c24-a232-d153c90cb256,2025-09-11 02:00:00,2025-09-11 02:30:00
TRIP-21d034-0,21d03481-37c5-4c1a-8531-feeb22570faa,2025-09-11 00:00:00,2025-09-11 00:30:00
TRIP-21d034-1,21d03481-37c5-4c1a-8531-feeb22570faa,2025-09-11 01:00:00,2025-09-11 01:30:00
TRIP-21d034-2,21d03481-37c5-4c1a-8531-feeb22570faa,2025-09-11 02:00:00,2025-09-11 02:30:00
TRIP-712c91-0,712c917e-2502-4f30-868a-6ec01a1bd729,2025-09-11 00:00:00,2025-09-11 00:30:00
TRIP-712c91-1,712c917e-2502-4f30-868a-6ec01a1bd729,2025-09-11 01:00:00,2025-09-11 01:30:00
TRIP-712c91-2,712c917e-2502-4f30-868a-6ec01a1bd729,2025-09-11 02:00:00,2025-09-11 02:30:00
TRIP-837843-0,8378438f-7a66-443f-a551-430c4f5963d5,2025-09-11 00:00:00,2025-09-11 00:30:00
TRIP-837843-1,8378438f-7a66-443f-a551-430c4f5963d5,2025-09-11 01:00:00,2025-09-11 01:30:00
TRIP-837843-2,8378438f-7a66-443f-a551-430c4f5963d5,2025-09-11 02:00:00,2025-09-11 02:30:00
TRIP-a39652-0,a39652a1-d66b-49d1-9b4b-7249ee774e67,2025-09-11 00:00:00,2025-09-11 00:30:00
TRIP-a39652-1,a39652a1-d66b-49d1-9b4b-7249ee774e67,2025-09-11 01:00:00,2025-09-11 01:30:00
TRIP-a39652-2,a39652a1-d66b-49d1-9b4b-7249ee774e67,2025-09-11 02:00:00,2025-09-11 02:30:00
TRIP-ce9bf2-0,ce9bf2de-2efd-41a1-b922-5df15df9172a,2025-09-11 00:00:00,2025-09-11 00:30:00
TRIP-ce9bf2-1,ce9bf2de-2efd-41a1-b922-5df15df9172a,2025-09-11 01:00:00,2025-09-11 01:30:00
TRIP-ce9bf2-2,ce9bf2de-2efd-41a1-b922-5df15df9172a,2025-09-11 02:00:00,2025-09-11 02:30:00
TRIP-7e20b9-0,7e20b9ab-33a9-4cdb-9033-c35953de15ef,2025-09-11 00:00:00,2025-09-11 00:30:00
TRIP-7e20b9-1,7e20b9ab-33a9-4cdb-9033-c35953de15ef,2025-09-11 01:00:00,2025-09-11 01:30:00
TRIP-7e20b9-2,7e20b9ab-33a9-4cdb-9033-c35953de15ef,2025-09-11 02:00:00,2025-09-11 02:30:00
TRIP-55634e-0,55634e0f-d428-45bf-93e7-ee7b5daf1e32,2025-09-11 00:00:00,2025-09-11 00:30:00
TRIP-55634e-1,55634e0f-d428-45bf-93e7-ee7b5daf1e32,2025-09-11 01:00:00,2025-09-11 01:30:00
TRIP-55634e-2,55634e0f-d428-45bf-93e7-ee7b5daf1e32,2025-09-11 02:00:00,2025-09-11 02:30:00
TRIP-2a935a-0,2a935a07-b5fc-4a0e-bf09-7e0740cba199,2025-09-11 00:00:00,2025-09-11 00:30:00
TRIP-2a935a-1,2a935a07-b5fc-4a0e-bf09-7e0740cba199,2025-09-11 01:00:00,2025-09-11 01:30:00
TRIP-2a935a-2,2a935a07-b5fc-4a0e-bf09-7e0740cba199,2025-09-11 02:00:00,2025-09-11 02:30:00
TRIP-84c5b2-0,84c5b2d2-7266-416a-bd7f-f4531d6f5f60,2025-09-11 00:00:00,2025-09-11 00:30:00
TRIP-84c5b2-1,84c5b2d2-7266-416a-bd7f-f4531d6f5f60,2025-09-11 01:00:00,2025-09-11 01:30:00
TRIP-84c5b2-2,84c5b2d2-7266-416a-bd7f-f4531d6f5f60,2025-09-11 02:00:00,2025-09-11 02:30:00
TRIP-e1c734-0,e1c73466-5dac-43ad-b5e1-0448c1800728,2025-09-11 00:00:00,2025-09-11 00:30:00
TRIP-e1c734-1,e1c73466-5dac-43ad-b5e1-0448c1800728,2025-09-11 01:00:00,2025-09-11 01:30:00
TRIP-e1c734-2,e1c73466-5dac-43ad-b5e1-0448c1800728,2025-09-11 02:00:00,2025-09-11 02:30:00
TRIP-ee1757-0,ee1757ef-44f2-40c3-8e9e-8311a1f9f1e6,2025-09-11 00:00:00,2025-09-11 00:30:00
TRIP-ee1757-1,ee1757ef-44f2-40c3-8e9e-8311a1f9f1e6,2025-09-11 01:00:00,2025-09-11 01:30:00
TRIP-ee1757-2,ee1757ef-44f2-40c3-8e9e-8311a1f9f1e6,2025-09-11 02:00:00,2025-09-11 02:30:00
TRIP-26ed0f-0,26ed0fe0-af60-4c4e-a408-b84a4ea69dc1,2025-09-11 00:00:00,2025-09-11 00:30:00
TRIP-26ed0f-1,26ed0fe0-af60-4c4e-a408-b84a4ea69dc1,2025-09-11 01:00:00,2025-09-11 01:30:00
TRIP-26ed0f-2,26ed0fe0-af60-4c4e-a408-b84a4ea69dc1,2025-09-11 02:00:00,2025-09-11 02:30:00
TRIP-c6ba1b-0,c6ba1bd3-01ed-4e5c-8c78-5c7f98c39792,2025-09-11 00:00:00,2025-09-11 00:30:00
TRIP-c6ba1b-1,c6ba1bd3-01ed-4e5c-8c78-5c7f98c39792,2025-09-11 01:00:00,2025-09-11 01:30:00
TRIP-c6ba1b-2,c6ba1bd3-01ed-4e5c-8c78-5c7f98c39792,2025-09-11 02:00:00,2025-09-11 02:30:00
TRIP-cb06c4-0,cb06c4c8-bce7-4b6f-9cd8-3f5645166d16,2025-09-11 00:00:00,2025-09-11 00:30:00
TRIP-cb06c4-1,cb06c4c8-bce7-4b6f-9cd8-3f5645166d16,2025-09-11 01:00:00,2025-09-11 01:30:00
TRIP-cb06c4-2,cb06c4c8-bce7-4b6f-9cd8-3f5645166d16,2025-09-11 02:00:00,2025-09-11 02:30:00
TRIP-fecab0-0,fecab0dc-8f48-4e62-ac02-4cc9d4c367eb,2025-09-11 00:00:00,2025-09-11 00:30:00
TRIP-fecab0-1,fecab0dc-8f48-4e62-ac02-4cc9d4c367eb,2025-09-11 01:00:00,2025-09-11 01:30:00
TRIP-fecab0-2,fecab0dc-8f48-4e62-ac02-4cc9d4c367eb,2025-09-11 02:00:00,2025-09-11 02:30:00
TRIP-e065ed-0,e065ed35-af4c-4bca-8041-c0985a84dba5,2025-09-11 00:00:00,2025-09-11 00:30:00
TRIP-e065ed-1,e065ed35-af4c-4bca-8041-c0985a84dba5,2025-09-11 01:00:00,2025-09-11 01:30:00
TRIP-e065ed-2,e065ed35-af4c-4bca-8041-c0985a84dba5,2025-09-11 02:00:00,2025-09-11 02:30:00
TRIP-4ec672-0,4ec67247-1a8f-42b7-947e-cc0dbf4dd669,2025-09-11 00:00:00,2025-09-11 00:30:00
TRIP-4ec672-1,4ec67247-1a8f-42b7-947e-cc0dbf4dd669,2025-09-11 01:00:00,2025-09-11 01:30:00
TRIP-4ec672-2,4ec67247-1a8f-42b7-947e-cc0dbf4dd669,2025-09-11 02:00:00,2025-09-11 02:30:00
TRIP-1bad94-0,1bad945e-9681-481b-a709-d100c4050074,2025-09-11 00:00:00,2025-09-11 00:30:00
TRIP-1bad94-1,1bad945e-9681-481b-a709-d100c4050074,2025-09-11 01:00:00,2025-09-11 01:30:00
TRIP-1bad94-2,1bad945e-9681-481b-a709-d100c4050074,2025-09-11 02:00:00,2025-09-11 02:30:00
TRIP-712ceb-0,712ceb9a-4202-48f2-a7ed-ab4eda80c9fd,2025-09-11 00:00:00,2025-09-11 00:30:00
TRIP-712ceb-1,712ceb9a-4202-48f2-a7ed-ab4eda80c9fd,2025-09-11 01:00:00,2025-09-11 01:30:00
TRIP-712ceb-2,712ceb9a-4202-48f2-a7ed-ab4eda80c9fd,2025-09-11 02:00:00,2025-09-11 02:30:00
TRIP-5f2fb7-0,5f2fb780-116d-4d0a-b80c-8f0ba15b542a,2025-09-11 00:00:00,2025-09-11 00:30:00
TRIP-5f2fb7-1,5f2fb780-116d-4d0a-b80c-8f0ba15b542a,2025-09-11 01:00:00,2025-09-11 01:30:00
TRIP-5f2fb7-2,5f2fb780-116d-4d0a-b80c-8f0ba15b542a,2025-09-11 02:00:00,2025-09-11 02:30:00
TRIP-278db7-0,278db7bc-314c-4482-a9e9-abd4f00b1a2d,2025-09-11 00:00:00,2025-09-11 00:30:00
TRIP-278db7-1,278db7bc-314c-4482-a9e9-abd4f00b1a2d,2025-09-11 01:00:00,2025-09-11 01:30:00
TRIP-278db7-2,278db7bc-314c-4482-a9e9-abd4f00b1a2d,2025-09-11 02:00:00,2025-09-11 02:30:00
TRIP-af857c-0,af857c91-4423-4f4d-aeba-6dc93726cb26,2025-09-11 00:00:00,2025-09-11 00:30:00
TRIP-af857c-1,af857c91-4423-4f4d-aeba-6dc93726cb26,2025-09-11 01:00:00,2025-09-11 01:30:00
TRIP-af857c-2,af857c91-4423-4f4d-aeba-6dc93726cb26,2025-09-11 02:00:00,2025-09-11 02:30:00
TRIP-720d3a-0,720d3a4a-d75f-452c-bc8a-8985ea5eeaba,2025-09-11 00:00:00,2025-09-11 00:30:00
TRIP-720d3a-1,720d3a4a-d75f-452c-bc8a-8985ea5eeaba,2025-09-11 01:00:00,2025-09-11 01:30:00
TRIP-720d3a-2,720d3a4a-d75f-452c-bc8a-8985ea5eeaba,2025-09-11 02:00:00,2025-09-11 02:30:00
TRIP-19f7fd-0,19f7fde9-7bc5-43b4-858f-917cbfbe4df3,2025-09-11 00:00:00,2025-09-11 00:30:00
TRIP-19f7fd-1,19f7fde9-7bc5-43b4-858f-917cbfbe4df3,2025-09-11 01:00:00,2025-09-11 01:30:00
TRIP-19f7fd-2,19f7fde9-7bc5-43b4-858f-917cbfbe4df3,2025-09-11 02:00:00,2025-09-11 02:30:00
TRIP-0cd799-0,0cd799fc-7a54-4795-b847-9e722a6b3b72,2025-09-11 00:00:00,2025-09-11 00:30:00
TRIP-0cd799-1,0cd799fc-7a54-4795-b847-9e722a6b3b72,2025-09-11 01:00:00,2025-09-11 01:30:00
TRIP-0cd799-2,0cd799fc-7a54-4795-b847-9e722a6b3b72,2025-09-11 02:00:00,2025-09-11 02:30:00
TRIP-9a5987-0,9a5987b5-157d-4e59-922b-120c41971720,2025-09-11 00:00:00,2025-09-11 00:30:00
TRIP-9a5987-1,9a5987b5-157d-4e59-922b-120c41971720,2025-09-11 01:00:00,2025-09-11 01:30:00
TRIP-9a5987-2,9a5987b5-157d-4e59-922b-120c41971720,2025-09-11 02:00:00,2025-09-11 02:30:00
TRIP-278c8a-0,278c8ab4-83f4-4e0e-8de7-ca2f805952e6,2025-09-11 00:00:00,2025-09-11 00:30:00
TRIP-278c8a-1,278c8ab4-83f4-4e0e-8de7-ca2f805952e6,2025-09-11 01:00:00,2025-09-11 01:30:00
TRIP-278c8a-2,278c8ab4-83f4-4e0e-8de7-ca2f805952e6,2025-09-11 02:00:00,2025-09-11 02:30:00
TRIP-8baaff-0,8baaff5c-63d8-41b5-832d-8269942841f8,2025-09-11 00:00:00,2025-09-11 00:30:00
TRIP-8baaff-1,8baaff5c-63d8-41b5-832d-8269942841f8,2025-09-11 01:00:00,2025-09-11 01:30:00
TRIP-8baaff-2,8baaff5c-63d8-41b5-832d-8269942841f8,2025-09-11 02:00:00,2025-09-11 02:30:00
TRIP-46e0ef-0,46e0efbf-6a67-4975-8828-a3578e14e58a,2025-09-11 00:00:00,2025-09-11 00:30:00
TRIP-46e0ef-1,46e0efbf-6a67-4975-8828-a3578e14e58a,2025-09-11 01:00:00,2025-09-11 01:30:00
TRIP-46e0ef-2,46e0efbf-6a67-4975-8828-a3578e14e58a,2025-09-11 02:00:00,2025-09-11 02:30:00
